ID,salary_mean_net
46224201,107626.88424003309
42119402,66531.97756782564
45716401,30936.897547216133
43716203,52892.7223115657
47109602,82692.34338048472
45507200,27036.59145640802
41123802,46932.52439686435
49155602,60938.562931459914
41169603,42473.824619320316
48041400,77215.95757502325
44627400,102256.97104504237
41904800,61534.451282980684
49037402,68747.34837246369
46778401,57856.766551374545
49970601,32756.724480386038
46875401,44763.27900314672
43416200,18310.686103857963
41717000,76762.08704985116
47784201,53489.300854305584
48823400,53787.15787943934
46711002,55731.213354447915
45307201,26613.862743612073
44298402,52617.93341546652
46487402,51916.81824675406
47184800,127401.99593732972
44145003,80266.85568619342
49904402,110346.6893969431
44032600,39838.0340797308
44374402,23196.43868417591
44402003,44253.57553171395
42970002,72681.33775465009
43892802,41589.11315778314
49155400,75653.0824982349
48131602,74171.42963780361
47830601,62781.386223007336
40956402,86252.06509527759
41839203,125638.75610623001
43643803,34179.82790358083
48574401,76288.84457736243
45808400,45139.97753606541
45119403,100690.5067140588
44271402,37622.74544165382
44880601,63708.18690541507
42208202,86445.6816078563
44322800,75006.73758931615
42892600,22362.104738033904
46480801,38339.741029072095
49197202,43027.90037802095
46631001,67726.90353921079
41294803,24346.035449667488
48400801,102021.32559429132
49960000,31680.87075958254
44190402,88330.62114268985
47235200,23306.647262732986
49190402,90688.44149840665
48081202,73022.95393512642
45428802,47119.44270376301
49733402,61860.55015262159
47551801,26053.198787695408
49141202,30674.08694963759
46583000,35008.2390647568
44898201,68897.43349474425
44255802,39363.58298147123
44659000,24188.27512437489
40826602,47472.01955148412
41268203,17435.4126890198
45078001,1034.699992088012
41368002,17881.718122423186
46702600,23993.066771774284
48921201,86267.22384926057
42480800,31655.583630518144
41982003,87857.38409810467
49052200,59820.88250359454
47522802,62910.65841515643
45581000,36927.94743776845
45919600,74135.21994058168
44522603,78830.90385202669
41337402,19059.936046496365
45155202,34430.82285751824
41238800,17561.397755148453
45261402,49088.24771417968
44986003,28201.717096599543
42474603,63237.8587407752
41699802,75036.73352134509
45672802,67408.25484566364
49818601,50393.475718038855
47142202,39476.90505787742
46217400,55666.68552312743
44279201,42680.77686350842
49418400,53894.934292708655
42452603,106579.0130413913
46243002,41736.13893114826
43363403,57894.522975908105
44945201,87507.36957494248
43750202,63918.99465993574
48944200,48683.061887622454
41822202,65270.70939192109
43997600,24400.209427452577
48834200,80521.62969859163
47010601,65016.004299916014
45556602,71378.79020306113
49398201,31348.66733480454
41385400,18678.45150842527
45586802,56478.145743792855
45942801,92604.9606422186
44666203,70901.48263119403
45663201,87785.46243925366
44327002,32295.60688405467
44225603,68462.65721007832
41747002,91315.23788911996
42447202,58964.3193215399
41094202,42023.68543977963
46445202,64823.3780319159
43980600,47085.275600772235
47902401,11431.828179289147
42464202,42711.38283012493
44950601,95591.98956809337
48139402,87679.33713444909
45203603,89555.88423501371
46815002,63694.92202134525
42797000,93956.50795649708
42130800,77400.87484989563
43836402,12323.940353034852
42298200,36068.23609164114
42293203,47921.997672842386
44361002,75830.06925596135
44638600,63736.51328186391
49456000,62660.832135744895
44419601,57901.117847473535
43997601,75651.45890437475
40927202,49719.855465546614
41503802,30935.254961841332
47476801,66007.72786430852
45488203,73878.41531485625
44266801,77276.9490571755
48837000,69984.4086250715
43807800,28786.285629602833
47106802,48918.130489355004
41391802,56792.260431689
44343000,74803.60031203929
42489602,58168.0580234974
47035800,59445.49901907528
46356201,77842.99157171072
49235401,44482.70792913653
43106603,123277.69213046537
48584002,61806.156758338555
45466402,68907.28660687602
42252403,62038.40861127994
47639000,55571.03348055402
45906001,64493.406521384735
49722200,60521.51612117922
41518003,130921.58802751232
42385403,66277.1207975673
45510201,81435.33762174429
49860200,62850.865629627566
47748201,69359.5552999546
43503002,68471.80450189323
49121201,50155.98470139126
41278802,32903.74291845669
46488201,32537.36824643471
44357601,79964.66037654612
45329003,39709.00664504993
46121201,77781.65121196717
44534403,29908.089302882414
47439200,30275.126439120733
41439802,80945.6835323601
43174802,84839.79058139554
46571201,26622.663249621415
44396601,94934.4412982402
42916803,90345.3601926009
46556402,54755.397348413375
49299802,62601.00716076799
46320401,40709.686500581476
41349003,18139.75265222056
44385800,60633.32387390763
46565000,113324.988659875
49856402,82450.2152473229
47026802,86028.24521093098
47281400,58646.83232084459
43571000,55842.51312339582
47264400,101875.76538614821
49762201,86278.36598143225
49539601,67164.11143572832
47023001,84737.74166275143
47805400,38196.820115714756
42503802,32594.87928864152
44903800,99888.65572417983
45184201,43325.67469139441
46244802,57869.517605181245
44987603,40566.499777647055
48334202,69920.7674539013
46710602,53500.53067100234
46103000,32949.22332840291
49332202,38276.17395588938
49018201,71394.6752741326
46759001,40006.06110874783
43486802,55421.9650945226
47335801,99658.2967402317
45229202,60376.23256954644
42649803,74586.06752877429
49143000,52918.40827671582
48893000,48209.569779146696
46859202,105982.98910564322
42136803,21855.284173272124
41181002,38006.97272574793
44475001,89672.6345292676
44348603,67257.55981372877
47003402,88144.98617425648
43618002,120712.57205393429
48296600,51677.099526168175
47038401,37188.41125451894
49145602,66790.39259530634
45244600,102799.24846515612
47963001,63538.815044180716
49631202,78990.77637095342
42867802,85197.46141734916
46826401,23733.062804155186
49336801,37538.96085864269
41301202,37213.882843030995
45697401,59056.000515355336
46021400,62712.72416231531
44352203,59720.75477767975
43840000,46494.84428292961
41874200,64439.06564259656
45129202,33488.21538533865
43415203,43659.984049490224
45648801,104646.03949697592
43103800,78193.41750225241
46788401,98008.6043507038
42085403,113028.82703719342
45373603,27132.527547550806
43082003,65530.17138315628
46171601,65635.57082962432
42831203,79257.7195703718
46689201,57155.369301566454
44785201,40832.13888216126
46367001,65134.46405981166
44117600,54779.79780982154
45338002,58790.748281191496
47507602,99497.71581702936
43644400,117380.88928534547
41405403,69997.77241871759
45093403,38286.59511530612
45870402,65277.17709035249
49833800,57832.707198364355
48925600,32592.485938148628
42474402,54381.46215901258
45784603,64112.13467534367
49955802,61333.080798218994
42199400,51422.45837055736
49847402,56068.23189627521
45968402,108868.68204067947
42683200,28496.92081678758
47870200,61859.116053779704
44719001,119301.82692790632
45330402,71901.43569574336
47201802,33964.898491041065
49925802,60194.916030852895
40996602,48204.388864251494
49929802,31634.30547306046
47711002,87035.56992249448
46575200,91681.87406633006
41815802,65059.553574261976
45048400,82624.01605623994
47075802,50843.81342625245
46943401,47086.02293471393
47565000,49636.83509407216
45462803,70883.23995859864
49623200,75722.11240664167
45962201,61159.53961346017
45931001,83864.34305617162
43517803,55908.057898371706
43553400,46896.95419926659
48184802,67441.17199840289
46683802,56213.027158461504
44930800,40037.128134836756
44074202,62535.0280838238
48191602,21127.373640403282
45958800,53587.28397607302
48842400,77358.23753160718
45414801,75157.2459968894
45767602,55911.04515420598
41082600,74976.91298344158
49807800,103509.84339241506
42515600,113056.79201779937
47980600,75167.74962117258
48467400,58479.51891042443
44733603,92451.00281662063
49775800,77972.9335543174
45906601,37798.025777412295
48172401,51741.49837301723
46388400,104079.75867982437
48566601,61106.93744665109
43549203,53317.29899137189
47680001,73158.46194051226
49464600,71555.12087615402
46357200,110353.25678761637
41941600,33585.629511763356
47069602,83402.39344646315
48789002,59778.81953096205
42849403,115230.41989738781
42421000,69139.02642034122
45538402,90047.14577337839
47932802,80431.26966112285
46972800,32340.90204432718
42018803,67735.81492596696
44280401,138322.38783430826
47428400,104121.96739930123
46006402,97032.8516771752
46784202,43852.90412917613
48568000,66896.32968707969
44073803,94321.71130875392
43262800,37524.38902856868
49901800,89635.59994756684
45261202,100958.77516860062
49168400,65258.94704756645
49770601,52756.75921416548
45477602,54411.322015919395
47297802,130807.96572765888
46899401,111540.76054725335
45612003,83681.3215408882
48756602,77195.52807307632
42776803,50628.22500840955
49858600,32483.258209676616
49174401,57188.389948481745
42772402,68973.86696716245
43129802,48497.29023307416
49519001,34966.16471748608
43622800,112309.09649126785
49482602,62773.35114428296
49972202,99212.13721010127
42459600,49309.5240931001
43603602,64156.2732263547
41775400,105454.26400382185
42630203,84148.59656151108
45166601,83811.79286134568
43040403,38044.164886736915
43630403,117957.7551443069
44806001,83165.96341862564
44696202,89020.095581242
43512202,51537.735160823875
41634202,29964.83959700327
42960803,70137.4792753364
46327600,54979.00896892822
45595800,59769.18219724449
46498200,94444.93514644206
42406803,41184.256378044745
41110200,56456.458888106084
45393001,33776.277646673916
42895403,31228.929089265224
49837601,8203.650020387486
40857003,43194.23127746534
42935402,85438.30833389479
41923002,29640.42796395588
42208402,56546.06057005273
46974201,42920.08414211911
43269800,67650.82137536671
40997000,103336.46598373669
46979200,34070.9702056621
47270400,105980.46017848134
45927400,48571.111267754444
48557001,94437.91156014513
44972200,46450.982892687236
41119602,36726.70508119667
47353000,59439.35949187121
46813602,34332.73439205475
47997201,79709.97612962077
46946601,84627.0728009188
46387800,36906.37230311055
48712201,54289.48509461011
48221002,35489.35967493311
41053403,71561.82819359927
42243003,61327.99453803884
44636400,51382.09130458162
49100802,56698.731834636266
47920600,37137.89351586156
48827002,32227.745605557404
45698201,35811.279674891724
45879600,61533.5137516671
43425000,80234.4033836637
47525202,68416.29992154943
41924200,77773.34729866909
48105401,77496.74964604781
41100603,64273.61054162549
46949600,118313.08634339305
41726802,70118.55466203882
49039600,22465.477148811035
49592600,49507.769407904176
45134402,38648.07180785327
41508200,27756.859821355483
49893200,25042.976900936035
45114200,117495.54384442446
44794003,65842.77076186347
44670402,19589.665187370156
48034601,69497.62074662835
43512000,39242.58962908643
44770200,44150.943557612685
43404200,77645.23380008199
49891801,85753.97202933382
46197002,20640.219777625793
48430400,57063.00960865213
45153002,26357.10520177142
49878400,54785.74434079752
41876403,57119.38932309506
41257200,28103.816354203136
41403402,90786.62225054578
43593803,57110.86804151013
49852200,61434.69300409477
48647001,49094.22638717153
42543003,59720.793014846546
45240801,30722.848399923867
41310003,23085.613495339363
42596000,72383.07076458664
45554201,54180.389501271144
46384401,72740.70080681771
42649602,84694.91563713802
49974000,37838.17840316041
47498802,27236.04339064808
41617200,41094.92165350994
44663201,94272.40647159799
46568402,45007.61093462101
43820000,61778.904541045325
47515200,77258.28747099555
48349800,36364.662387021475
47560400,54616.829658844596
46774201,21331.923060067424
48445000,34368.426315932586
47955400,83799.78788688069
45667002,62815.05359910762
44907201,68829.7817314152
47835802,27172.9885096693
41844603,37755.92925693287
48019001,52779.5892188858
42241200,96816.67434594582
46798201,67103.20418687194
46867800,61018.51908296294
49782401,57831.79474132648
41250603,32324.369555399546
48238801,87325.0377312883
49831001,48413.43833974986
44175601,100810.93000873378
46667601,54567.97089218553
46697000,72376.25756807529
41899403,52972.69382026296
47280002,74413.03906319417
45433000,132454.57810578114
44357202,45005.90854785157
44313203,29405.334233496047
43894800,65754.07406501593
47863202,54198.53957994108
43935203,56984.89770262175
43069600,57774.99352532697
42568202,20528.988895256007
49973400,99702.90931004123
44006200,36337.30482959008
46531201,71196.63708989596
43988802,58400.9056296158
44991003,83343.96385820069
46315801,78827.15508724697
45611401,60438.58971208947
45983200,48947.93504371955
49894800,62481.61729847881
41254600,19935.57659829933
45797803,50977.986103983756
43599603,100816.18901943293
42079800,27675.887180718586
45481000,47162.548520032906
46734201,34201.55184055061
43726402,76548.11063823721
49077401,38239.077371768704
43064200,118061.06020885443
46705400,51200.317859723735
44253800,50802.58750615778
46599200,53915.955105379624
45723401,42646.828035688086
48338000,44356.078584780924
41681203,65531.527925161885
42197600,49667.13755826637
41713202,45952.81415307252
44136801,63606.18268434609
40885603,49545.145113352184
43643600,31966.112137717
44897401,140219.4628503813
45800002,58412.662166423324
46858601,116392.2030835881
44228800,37264.65550935416
47747800,86447.060378346
49766802,35127.38353807571
48276802,43578.35891343339
44972602,47902.526753811515
46142800,32372.627154189093
41561803,73593.65777776125
45886602,171573.48860703257
49359602,57983.36883669578
45062002,49176.00932092768
47485402,41402.87071571426
48614002,31739.39574067763
45887000,76271.80126231775
46830001,40714.637990033545
47032201,45679.176466936275
44652002,141168.91425378498
48781000,28795.87111299783
46265800,23889.975583589472
41408802,85078.25793968039
46269400,79161.49002574282
49027002,36100.61060712317
48777802,109428.77012092309
49095402,83764.26119391886
42455803,67080.25616413214
45099203,34557.428421980854
44972801,81055.2808661704
46798601,105051.36329018981
49685401,58174.50097942579
45298401,65051.28111492694
44207203,52348.96365429617
44020803,13787.92862577328
43347800,88373.03646705192
48842001,73863.55137180309
47034201,87786.9027124936
41771403,44580.00129781622
42797803,51256.60591448372
45625802,57447.45188024836
41526600,54586.97311400657
45397003,98810.47676518481
42679802,61994.443608745874
44974800,86206.87880687798
49884200,54792.31044881145
45406802,101714.39856130634
41286203,95204.01171399886
49211002,77199.28677732297
47718402,95633.66259521931
45161402,68096.28501287493
46942800,111110.30843000456
46194800,56828.06642654212
41640803,81500.42943329601
48859602,70983.6992874059
44882401,37221.199847256394
42448603,52819.29799281865
46715200,61304.457152230934
44656800,64447.70762330173
49129600,53493.03960382488
48133602,77745.69539281346
45639803,64546.66496712052
44116200,23596.225519746913
40980802,31997.58813707862
46394000,42603.50552190773
45708002,30877.732479615584
45033403,64027.19788680384
42260200,85717.42681196953
49251202,57840.243620945264
45283001,86558.21448552355
47012400,99354.0017402186
42827203,158189.1297630648
49633602,72194.73595286316
46699402,35278.59844765509
47166402,37604.163569316996
45770403,76120.31489783029
48768202,66399.59132760632
49316200,46255.05380545142
45117002,14788.97725872499
47899001,53913.17167565977
40923600,92973.94897664904
44942403,64350.08462647964
44572003,85672.83064958932
49758801,121242.46965343757
46076200,84777.01808314303
43220003,74938.70849416265
42229003,72538.53396406367
43815402,50608.987126140724
46833201,101276.42353933002
41043802,70771.53894900503
40862200,74763.638002551
43330800,55332.45221312939
44864200,46325.28882108312
45662600,58887.816536961676
46196000,47577.5722548611
42740200,67025.34289902695
46670600,82785.89343784764
48132400,34643.840577043986
48445002,39804.08417356327
46667202,77792.5446529112
42547800,56361.99065963484
45013402,28367.33903413713
41186003,35705.74177718716
44603601,108775.07835722619
44326001,48224.44138427385
41390603,32417.233994682818
42696002,67998.21491886886
40863000,48509.25091440352
48898401,52125.23330014902
44251200,44854.76814279135
49927000,33632.589142218174
47307601,100547.97868276144
46382402,24386.10665781976
47713800,74371.41843660308
41177803,37991.13712628556
46083802,85180.99980433837
45404003,65044.349818616756
49572201,40176.217571104324
45703203,70160.19407164447
48645600,95016.24850685282
42866602,34055.44128022647
42968402,101481.17117845707
48734400,49386.88265220786
47279602,106451.84111427092
45585603,44038.5610964061
44665001,64637.911922103245
46262802,93825.24031927333
46574401,26616.448389494046
48900801,84717.1265621916
47072400,99652.13765252342
41145003,58560.67443989899
45486001,48806.579011369606
45427402,103560.91596557377
42317200,76578.27187769506
45294403,51159.05888113892
49324402,71656.59538218036
43509003,28052.50367115725
45988400,78544.49586272395
46888201,47253.6487979849
42311403,59722.80044705203
48167402,21861.12846306894
46678001,65757.92491473045
46414201,55353.697389525514
42248602,31399.281082824462
43523202,63176.95791251559
47160200,46333.83224053505
45732600,49282.1071799357
47102400,51169.47679827334
43377402,52294.90390393116
41163800,29180.450110725542
46040002,32193.25367054486
46022800,97554.28085593393
46607202,26404.508524686742
41000402,85116.81306033766
41253003,25279.596478605465
45796002,50801.370812737216
45144003,29320.74754455772
47704600,51130.51862516004
47753201,132389.5494996643
45664802,55351.17541080186
40929602,28658.849571851635
44968403,52782.386311153634
43822403,77078.98269460608
46825200,49919.32454829287
45883801,57822.18413960903
45137002,27047.017001895318
45167601,34784.087423323785
46581401,75103.20101536813
44931202,39377.40754393064
48246402,69329.96114286664
49285602,85043.71353804042
45497600,84177.21226006479
47760402,24274.15898229401
42606403,38823.82216374411
49527000,39697.90397143955
48161600,31665.435112760635
46903200,154043.33729373413
49915001,55426.133919850894
43992003,94236.63477919671
46250401,85504.73738795663
46418600,109454.93548923181
41710203,93800.24534766127
42495803,32023.517923628548
46955201,119437.33202002855
48209600,20932.036133812926
45196801,58740.05648089918
43508002,81326.57935028343
43489603,63972.040010659584
45733203,47919.64334253405
44572801,75415.18599387807
44925000,82576.09212509578
44506802,31596.35518466415
42947402,90708.20349506376
43970800,39141.66501127431
44176600,99175.77104873731
41178600,24463.734628390102
42627202,63202.948446133196
42629600,79829.95948260976
48501802,87012.1106461386
49517002,44671.997208208406
41589200,34864.860694357114
41725602,28150.36396481624
49675201,80778.08914841349
47546201,40179.386984272416
49823000,49053.13921968669
48242602,99497.71581702936
42241203,81797.18943517657
42259203,46246.77160458154
42445600,57793.126068055455
41267603,29038.704906021594
47808400,48722.6797460746
46390800,57062.56198954641
43826401,41933.157362214464
41837803,28865.52152876351
42959402,60854.57708168853
47284402,71616.96786748672
45448401,104854.86053015619
44605803,62156.067303945725
48264401,64932.45177316179
41130003,43604.83219713297
49036601,80054.70464648081
42499403,81671.50258284881
49741400,62631.88006942386
45539403,49215.98307896889
41424203,77140.57338679692
41046202,75823.56520652151
49188001,37838.92920866846
40890003,29213.986670697526
43129200,53077.98108193399
48212800,63547.72557924775
42644002,60726.3711170818
44136603,74078.75168568533
45628802,54888.64623003249
45919400,50999.28520664602
45300603,49963.24949859922
46883401,104822.58017110455
48569002,51994.21483835565
42019003,102221.13643516312
47617600,55526.25531443559
45497403,83904.61170974195
42698402,107283.6332278134
49192601,56676.651393758984
47320000,69003.71109357728
47534400,115184.17171669984
49945000,62640.25995021032
49997402,64672.8243251154
47616400,42006.3031534622
44827600,99187.10196390275
46955800,92501.70602523143
43684802,24980.892805917592
45120802,55973.14789864235
43338402,64611.59802403191
44974203,66642.95037736125
47147400,81043.41822806487
45644201,97611.66380157905
45864801,30726.414158882184
48713200,84105.9784928758
44391201,60400.85646500932
48501201,54066.9711466901
46869601,79805.64543523183
49709200,91430.63853256888
47687402,74123.35061868728
47090200,119469.30687892107
46103401,81426.75883788588
44782400,58252.223302370476
43758003,26734.57020883281
45005601,51592.076825226184
48629602,60920.42272812224
41904400,39731.6949282404
41209800,32093.732884772242
44292000,76728.32918961409
44936601,64620.7268360007
49657201,48746.46876001519
48127401,65388.662081062466
46344800,42899.21744073339
47757001,52329.479589662886
44046802,98011.09192970897
44134002,56779.91532663638
48867401,40713.47233314609
44100003,66103.85155642613
45627801,71749.33477021508
41580600,89851.32851460598
46415601,55800.3463786235
45308600,102650.74013916291
44188003,40740.802553588386
45173202,54720.5010261978
45138203,43797.628742208806
41549802,53597.06026260641
40912403,38097.396329180374
45220203,45181.394773017295
42392403,65385.01943614171
44730003,56816.756218530594
47550400,64693.18268605831
48794402,62421.5477093705
41738803,25205.871245794064
42416203,50268.117254534816
43123202,25848.974126762216
44532402,39262.984295504444
47891202,68781.67878829004
41353003,30633.52165875407
47081801,44652.58781764141
46793800,63370.514329815065
42794202,75465.28473847065
49430202,25725.413176025548
45806000,105364.12396098816
43474003,136261.76117735132
48226401,80717.53289891289
46697802,105663.76681674985
47896400,46081.353582128606
43648203,72772.08931498337
46820401,71085.1922849217
44588000,39206.99334070347
45542400,84727.6622723031
41302003,28913.826387887653
48323402,48313.87398727224
41221403,32898.1113129399
48795601,76800.22033122405
40816803,42835.33121770942
44353403,41775.93529109684
45492203,50707.31877207165
43145003,103003.88937919705
41285400,14531.323184123647
44522003,55695.1667182926
44636800,101400.15033003886
43719002,34803.08389734208
47288000,65673.44117451984
43879603,28482.1847366482
44743201,25418.043994868385
45438801,30750.1361555554
45360400,30364.67503738879
49265600,58089.64658167228
49484402,33949.124812071044
47297402,115829.66764882255
42513603,73059.55582711469
46776002,61416.7269290397
44142602,37145.45955418059
45136603,104248.7596921824
43355802,18150.738223369906
45052601,77511.32223346383
46098400,92615.0186317421
49290401,48013.806085857635
42104400,104152.87725091033
45067801,72881.33405545147
45695401,73332.48597190554
45815402,60407.97490566312
47391200,54439.54711324955
48750602,72118.86194384322
45406801,42715.79038249411
45140600,102007.967741578
46732001,54288.22967781774
42286203,69215.30073854774
46713401,86773.85600377717
44132602,37933.11933497604
49411600,26672.37435783749
47822400,28437.825648827577
45203803,63764.19411220833
41958800,85065.60365357336
42942803,52466.43947618808
49453400,50245.50038170999
40949402,43189.9250109548
41343802,17959.642118275104
44935801,45974.95198386362
41436400,52721.62717372587
44545801,81729.51050848568
47184402,57492.796570183214
48363800,49831.915745216356
42736802,58708.5653924544
45455002,70858.67472959994
41260002,32903.74291845669
43306800,49289.97034241723
49524001,107293.23692141529
49257202,77962.48751621712
45850401,46904.872538984004
47278202,69753.76280385346
46545800,36204.335797268715
49629000,59875.457142576684
47588000,63447.11930609071
49859200,106290.1980925199
44058001,103578.28632533528
48181602,43074.59345607984
46620402,61925.26981627813
48764400,39317.13476318991
44786603,36775.78705575729
48293201,60268.3725992432
42609003,86586.29231225661
47758601,57548.98866251409
44581201,46233.41087558888
48861202,35560.545200747045
42629402,40744.83754603581
43781202,46387.530671418215
48263602,92424.48529403326
44236802,20223.6359969397
45311002,54925.03393012215
46323800,95676.24445173152
43843000,73935.74717879547
47123002,39275.70856227977
44839603,92643.0919422952
46551200,41168.496901656814
42659202,136025.53666373575
42903003,84846.43560519104
46286001,97833.24954168762
47406802,101450.81601458712
49747200,30093.743805921313
48512001,106057.50573175988
49915802,75068.07538974508
44305602,44926.25358521491
41192400,59737.23070021756
49971402,72268.2048952461
47676800,54367.46691366498
44261600,79742.10002298793
46523800,59361.6488369412
42539002,94063.72679784286
45673401,71849.86391792481
41587402,87638.55991152725
41135600,113248.54117938202
49868000,44574.42714969597
41634203,29964.83959700327
46978801,80235.93885947423
41659803,21067.991152430004
44954603,101183.86909152065
44439001,56062.9744580573
42804602,96857.33816400943
45692002,48531.367917014715
44091200,40510.90714618239
49860402,49500.95765491145
49359002,116649.30966424143
44632603,79227.66441448282
41738600,83052.90586803155
47476000,68429.83642290832
44176801,27151.094081116164
42801403,82122.44163097306
47077802,26043.005136994834
46097002,37706.39534541439
41651800,22712.422015918906
42165203,117870.5199094163
47272202,60006.08647993109
49814200,50170.616257909984
42521403,66066.32665695815
45303600,58668.65908604902
42265000,99911.30759438181
41938402,26193.53360857197
49604400,82348.46923467539
43055000,137443.16946931614
45209203,42671.95099813661
43341603,79334.01763381848
48083601,25952.80975922824
47216000,87618.53099268382
41192603,89651.62412336403
48447601,89417.81692404262
46755402,95697.77380294293
43656403,80476.48808002478
43609600,41007.03316555315
47011000,49514.154955316815
40966400,86539.17189073197
45806803,32022.652681156724
49394202,59471.94933601896
44796801,83391.6338079592
41722000,33266.12671905138
49311602,73338.55509145284
48840600,77472.9757982968
44083001,29828.626497379773
41299003,43110.58849863991
45519600,37618.20708854932
47868400,82959.21847071525
43960802,26644.179372366238
41426800,95885.4221607654
44648600,84502.11036454575
48433000,65395.248849169584
46100002,32673.467657543108
47094602,65387.86650885544
42811203,45988.10020293175
49834600,59801.45860546101
48392400,53487.37487089174
43720002,61340.66401347517
46525600,36269.03857824682
44558201,31963.261110075968
48369402,45815.99465885179
44450603,51598.65747120664
47441000,77777.16602446379
42151600,78840.34188137372
45652801,34579.404034135456
49834202,139117.47038304486
45543400,87761.4360695057
42621003,134731.20841798023
43296202,98707.36699621526
42313803,46999.15800683992
49888200,41105.42400954534
41082003,32342.243741462404
44379603,77323.61023497749
46671200,48075.87739702602
42666802,40570.27645679969
42185002,53553.931209208604
48317602,87814.46509662404
41288600,28103.816354203136
48605200,133973.7962294784
47986200,70737.33896494687
44869602,85686.18719696841
46924400,22939.424061235382
46461401,38087.90289323504
41007200,42702.79758493693
47041002,73887.71254627654
41257600,22940.198668051904
47690401,99090.35802835705
43915401,28430.783961840367
43058000,46014.617110021834
42151000,49390.51049069996
46215801,49453.71896045174
45145802,66521.60772931305
47817400,69450.72960861004
48035801,29192.102158608053
45351200,68329.35249189021
44244202,90241.79820221255
44296602,59616.02256512291
46474802,102600.20795730049
45086802,24976.97937778761
42443402,82736.51727807346
41371800,54384.7167295862
42999403,53711.24320377624
45403802,66167.87162533004
45805403,95631.00670186803
41585602,35843.09053170702
49161002,21518.92870723682
49780200,39103.79171482191
49707602,34186.595332050914
44141203,123946.68831408944
42437600,80008.90096951708
44621002,42346.34270287911
45091600,30176.259229441777
48147002,82875.25000138542
42484200,38050.66669530382
48081001,58802.51809001929
49552200,83982.34049311014
43887000,48481.78862930555
45885601,94777.35275112798
46352800,73971.27006084585
48846200,79854.69628008589
42476000,36848.995575019486
45538800,71490.08471382337
47471600,37552.762426294925
44948600,31028.81295884305
46787802,34012.65403502698
44071001,95026.71819758124
45837002,57084.22202366813
47187401,80988.26317288482
49802200,56732.222922173
44084202,97453.4056650557
45631602,52672.625202546646
46323802,29170.35244972425
45582002,62181.019754980305
49771801,53042.10593975657
44842400,47858.30762141843
47196800,24503.212605578818
48404401,82409.50336124703
46258400,36002.23747855758
41781400,68426.46845891276
43798202,76999.97211774775
46289201,26347.29673949278
45811802,28013.121698470623
42029600,57130.31705273028
42161803,74467.06901757125
43686803,68504.47809020935
47435001,70800.26143348051
42821202,45267.735338705104
44460402,43173.24147027028
44378201,67151.11791975748
41088003,55453.51149564261
46041201,31247.253045665188
41939802,32902.09482153187
45515602,25459.888038646426
48263800,15675.66566506357
49884400,44469.99240383633
42690803,41884.7123265799
42437802,25712.572937215726
43186600,52612.57803166029
49528200,79089.0790263372
45637601,39656.574486564044
41769000,58806.49980839508
41043002,37430.91031736765
49619600,15909.516742398233
47736801,53657.81905770045
48920802,66898.19440598188
46738001,68071.45553115556
41973003,83609.50939690959
46663601,64852.73767078201
48690802,92498.14226971955
49120401,109540.18067865806
47028202,104169.59623635715
49897001,56021.078048752235
48527800,80299.48263076623
48058202,41665.41319672798
41107402,73709.06353700082
41478203,80658.1854109506
48448602,107550.06523030982
45528800,55470.095137150136
48765002,79274.61603744242
47360602,66712.91815554185
42985403,90418.59965020031
48613402,87011.71032178811
41403400,65478.30105178669
42380000,72573.3297467417
40962803,35585.210784133385
43676603,120338.67870979391
45718802,38429.39162786526
42941400,77252.75179455541
41956800,18100.832776982006
43834603,66022.28432623198
42806000,55993.753133424776
42500800,61895.61319109802
48240800,47220.3283576763
43132200,50498.7379228216
48911202,65013.57125672699
41394802,62924.74095394495
47927202,50284.82191402153
44614802,49578.5865792281
45363403,85078.55081369127
43284200,20807.0227295644
49863202,25385.60225424231
45478402,111416.14417258141
43462003,94465.89490733662
42714200,65788.70163994108
41723203,58641.88002138127
49447402,82976.43218714865
40970202,85491.09617443821
47445200,27801.49409725966
49946401,69475.83908643697
43524403,21208.853397524817
47511800,110552.99341763827
44564202,42964.05280313597
42545200,43028.31613047841
43090402,68449.84273579452
40957403,74129.25897194144
41046000,42495.94590294401
47478400,68909.21263029397
49897200,53666.36951627177
46425401,99491.65913063471
47759202,58583.50221893958
44208202,62487.46909267645
49207600,69848.61769182426
42943200,84336.80566137513
47425800,53996.172470481826
48028802,31638.90526369182
46154202,92129.31775217182
46294602,64854.04077968887
49041200,105487.61736435577
49039000,52265.93558994875
46415402,61713.18235241244
47245802,51347.35330351834
43217000,98859.91993512059
47508601,52351.63372874614
49674001,98584.91827754983
47332802,78576.92539923113
43885402,55841.92227435167
44309603,85180.56903028175
48337402,66965.24992590466
46687602,49225.20265020804
47076202,43157.94194241149
46997000,92220.1381013675
43275803,81478.81492203037
41349600,32007.010273667842
41222400,32093.732884772242
42442400,81689.33482280569
49844801,60462.32273271512
42300400,87851.70492446762
41856400,47624.05688497987
49540400,114524.99530057008
42224200,46722.02602971157
47603801,32790.45180174677
43105400,41624.504511425315
49739202,57909.66144121695
43086803,104395.19158543747
44114400,37369.92733148713
48034401,90621.4561972249
42032400,89006.2596010015
48493002,55781.20759620841
43072400,47849.4481504886
44942001,52465.38962160548
44282202,59616.02256512291
47009402,112240.02381104213
45510603,69569.55703614569
45811401,68281.86291201714
46072402,41029.115030531335
43883003,70048.47450411276
47169600,68047.74748421858
45779001,42947.864597334294
45692201,120004.15624646962
43936800,62906.96984083553
45670402,126164.36367208265
44566800,47281.099485737555
43697600,94379.21940252604
47004001,110206.26045754357
46221000,77449.88612140644
47482000,69254.13754133014
42433200,57097.73907610626
41080602,43966.566542313114
43986802,87577.86563095618
42234602,49398.78141067615
44839802,60609.7023842604
48326200,82733.72865321304
48391402,60950.385562809744
44757200,34143.64498903784
47845401,76167.08704636118
48062802,43864.68238054633
47086002,54298.98829207011
45502203,37303.74803817266
46389602,33488.15833855575
42378002,74747.35535946379
45131203,39620.23566215849
46006802,65296.405300678955
44883801,119244.40910635813
43968202,11672.590426885527
44782200,107663.80017709189
41637603,29650.01701714302
44882203,63669.43491154535
43261803,59856.54985291958
48691602,67510.50929161515
46940801,59882.21511329335
49288200,107837.18180645767
41057603,63792.33055836054
46588600,53483.212390424145
42417003,45987.361692171144
45328402,56320.75734632319
49124402,61185.13421006675
44152003,92622.91651977299
44871002,58394.39428078691
46598801,111664.94312413501
43636403,47931.359006986044
43542800,91787.00495102166
41656403,100908.88250009096
47095000,51787.57238287082
45997800,57006.51576750587
45226802,9780.900602865286
43872002,130495.94690399704
45050803,48551.59682113248
46410602,59841.03601416275
47920000,86444.67941977466
41123003,68891.14627048999
45829803,87830.546722283
44698400,82481.53518415567
43228202,68132.1639057087
46856800,33217.546038774955
44983402,68467.5098897292
44769400,44305.24855165135
42119203,120742.70862945031
48104402,90081.13363861328
45674800,25723.00322385639
42699802,28948.131284924
42599400,77254.99948620358
48310802,58543.885361611756
42812400,61086.758870477235
44243600,48343.53130543459
41651803,23522.432049603423
41764800,77086.29203488278
47646802,50146.02617828403
45598000,68376.06066079275
45669403,50151.11115104518
46071000,60975.06718723598
43304202,71821.08978540459
45800800,61703.64141520176
44912403,32359.383826439363
45955601,44184.294551266794
48142600,47939.410246154745
45142002,103226.6694538876
41177000,55413.855179733204
43462200,67156.844615332
49956402,95671.72165806389
47468800,36619.902551221276
42057800,17110.301232810598
46722601,75392.56735100785
46228201,51838.63747783711
46308402,44636.70447055379
45663202,29445.93668017806
47209402,44123.6810216205
48127201,112370.88155660623
44274000,72662.33592267625
45581803,46895.5438161778
42159002,77498.6869957919
49694601,63908.8291794384
45226202,55152.281675385646
42249202,49244.7068739251
49796000,96634.08298901968
49902401,61730.70355768163
44705603,45158.3032412322
45043403,96627.42441434547
44392403,50640.18933933819
43874602,47843.479167191035
45744800,40044.53130249029
42958002,65854.2459916338
46268201,95125.73968181579
44740401,57165.89811638202
41557203,43690.799381272016
47534600,47543.80467737017
44314802,66037.30908488097
47088401,44707.34563471436
46641002,95279.38324776954
40953203,80272.80367148593
44286202,65370.99028594018
47892601,28952.387437908117
47574400,30643.535523998427
46620802,89948.22381929704
48202601,31907.24092225708
43754003,46991.51520791341
41895203,46589.142329337476
43147203,34918.76806767714
42735002,85880.63515653984
48142402,70244.31071808164
42811002,80630.7577356395
41642803,59617.55370691478
44418602,39264.04330420719
44915802,66586.34526467511
47088002,40327.87813675767
46370601,61746.323068032
44715600,32051.403240362022
46313001,31461.078100893326
46118400,70026.04673117794
49058001,50552.51650061255
48008002,54556.18108684536
49677400,66641.89004340918
46323202,80328.49836148736
45614402,42750.06845939673
42669402,41424.25938178227
48780400,69501.91111774095
49069801,46712.88997720881
45538603,37035.38537741886
41765600,87774.1120147431
49448200,84979.4136079326
46203802,54774.02193420983
46248602,46043.34438992639
45170801,87485.9526340572
41110003,55834.723480365974
48817001,68840.76268827538
42430002,99078.90658651787
45586202,44404.92392281605
42235602,53949.35051105899
45429203,71002.15955875396
45745200,72125.18550669683
44731403,83339.22947381585
43272400,59094.09513630641
47350402,75369.53298128601
45564400,46579.817168085814
49550201,24283.37596035709
49240602,71632.20196788096
47875400,72491.2687211267
44313002,113616.52369804165
43028002,55983.89535552789
49952602,139789.14051641684
45782602,89522.69496420237
49017600,24376.464653666782
47900602,63029.9252384968
45712200,59450.0506370496
44214801,86127.41263825417
46116602,69525.9709492466
46651601,26138.663189554758
42858003,68085.84198246422
42338403,51492.242239491214
45606401,40757.34456090313
46585400,64986.72393475771
49569002,53245.24569545818
48177600,49309.4408556951
46505000,82231.32750714672
44597802,48025.72731066584
47561600,56884.82235541344
49942802,76829.43110682387
42261400,60687.07300271208
42684200,59877.38596925692
44967802,52872.43560177945
41604803,46702.98842729831
44702401,76803.5097177544
46404402,45591.54014279272
47145202,80919.20962292852
42966200,29112.407970412627
42364002,76268.03685688425
41571003,54300.98922537676
45100000,49498.89669291511
45500400,65140.39321639071
41711000,56417.61067423974
42384802,52846.235704115716
47203002,40452.283695415696
45829600,79772.50288906321
47791801,99497.71581702936
46624800,48442.67732950618
48183002,103333.57479742306
48831600,35678.3592923336
47360802,95422.81876075146
47856400,89184.91452927036
43925203,67621.11306915699
47227401,118516.53376944491
47931401,111255.66299623468
46158601,95471.3716051905
45468003,49991.81458652655
46121401,89915.57878441943
44352201,75091.93140807826
48212802,82507.14502001766
41759602,52531.09629227433
44158400,59778.22709617345
41563403,20870.5089196339
49208002,60087.43128835623
45470603,31425.86095407117
45697603,74485.32058249846
44908001,67847.97301365594
44813602,104588.57981803214
46787400,59662.00744089743
46240200,44126.262028378944
45146200,89713.28667525864
49715001,54723.52657997472
42746800,26857.05841536332
40948400,47235.25303253768
45281001,85259.1805321281
45049003,36223.43990276147
44858801,134869.52960696042
44487203,67057.03154583406
41157003,108840.52234747967
46591400,25212.346089737857
41836402,60570.9809811663
45223601,27299.47661265463
49539201,146115.1935935586
49954002,38198.873910885755
45292200,62243.1496066309
42930600,52471.22087201558
49171600,34554.37610316066
45970201,30692.166868597764
46897402,43934.24138505573
46350001,64122.35024857772
49835801,61107.0012667011
44517003,104350.31399018904
44597803,43713.45276062946
42884603,102427.46965483384
47740002,33187.93101928626
47797802,90337.74302253373
44381203,60812.25239618135
47110002,93730.9518390595
45059801,63168.66923911713
45997801,55929.62761736631
46039400,104780.6685501933
43887203,83542.34550904822
43127400,88412.31682675204
46639001,85523.82538341363
42979803,38095.45855417116
44326002,21872.83151563577
43454403,98911.69056676414
42445802,73443.60389407419
46178801,85002.75878813086
42896802,26066.338395708633
44543200,84440.21822250687
46472602,33143.25025373106
44176601,67132.41443299393
48368801,56994.24884205731
48321402,34762.801976978815
49660002,46425.22709190507
42065003,31036.313946686838
48558800,95512.17347408315
42293000,25095.187712080275
49640000,49898.348112815904
43246602,52511.372260853015
47521600,67280.16820453573
42858203,96951.86912142832
49439801,52436.64100121116
43155400,63871.94871427173
42717800,77024.41459513485
44941401,53486.77288502278
46151200,48308.710957023875
44074000,68694.58463274223
45231202,59094.28683310958
41636002,21306.349843277992
44474801,59556.16286527812
44243402,42819.325670556944
48450400,58267.79524140123
49013800,41331.09009621426
42551800,55237.470622712484
43829602,40939.03196359582
46752801,28186.992124252283
45887202,39498.82090533159
41437803,56081.74098186184
40967002,28684.56213340474
49767002,28732.700847754582
41839603,44338.67304843633
42371200,62356.59662537058
45328000,54907.4519497582
49099802,35083.346011950016
49739800,55018.18716977128
42041603,77583.90634910084
47377800,38224.578371112926
49789200,67458.56560869477
43001800,102387.6989102758
46740200,72448.89227522274
45372203,47243.14751201689
48133200,115636.10521099993
43753802,103715.16240018871
48357400,106949.20040348954
48835602,42601.7150869008
46754600,56138.598909093846
45587801,61922.51274632748
49957402,32806.30639006524
41341200,51968.27330299266
49678801,62312.88136137208
45050202,102620.61053389049
44673200,73466.46837400502
45602601,41929.29438778622
42657402,86770.20058922235
40839403,33196.303930233844
45089200,68155.72189807879
44009403,70782.55532461886
42954800,67426.32150763957
44037602,30962.018647318426
49592801,88979.8704668376
48277802,41434.30767730776
47038000,48931.54189022842
43775003,41165.1489547882
40806002,68607.74794220887
47721602,28023.653949204003
49564601,44559.71039018427
48059002,66003.69819634514
45871601,48932.797186498254
46069800,49529.55016451501
44226602,41217.85137376193
42707802,53246.92020751114
45414802,60047.80723548347
44458601,81867.10245352608
41345602,30633.52165875407
40992202,120181.89048865497
42214002,98316.79244217007
45487401,87452.26711043644
41134403,34034.334334004685
45215000,86802.08029507511
44906400,57050.70385637386
47257801,100840.86260537445
49189001,65031.82632803648
46535600,56373.600347634754
46795401,173302.7302534567
44626400,64603.63932759394
43524402,24154.325639415827
42605602,27829.3606564153
43833203,108689.81216411278
40821802,67049.89097755782
44854402,69876.89787966474
43936600,40165.765271206226
44430802,76444.81679718844
48303200,98217.77493985753
49425802,67695.07085738011
42331400,30386.375713269506
41051800,59670.85014440878
41562402,84748.48954170199
44597000,98759.64417517571
48403000,51840.26999167865
46816200,29842.539957531604
46020801,75197.73973055507
42355002,34719.35425652202
48574802,29426.594407977802
42594600,45756.52990194181
41441600,31244.464930157632
41108000,104659.52965934077
41158202,51155.33883250397
49857801,34949.98622281617
42984200,45280.60547749357
41963602,31684.172793204496
42872602,63931.6175834573
49773202,57856.599323261165
45878802,62651.88105391656
45390203,46927.34992442662
41307400,18354.151374664812
43945603,87863.80498072211
43894000,54762.52414277773
44428002,44239.16569749107
42318803,82305.72609106603
44572601,70187.34781949496
47498202,81381.7179500239
48228600,100003.92284574383
47004801,58112.84427391323
49550002,21110.85941156951
47102002,41836.845637474435
48333002,78655.60725999286
47292202,37227.77013216641
48603602,45392.043749901306
44334000,75749.98940089924
45589402,86197.40796037046
45575801,37595.3249682111
46786402,94977.42427906928
49522001,70971.28696879778
44028401,67676.57888958999
45770802,96679.34159540261
45356003,88249.27694846598
45170003,64681.61005688196
43569003,21872.83151563577
43865000,47288.576697946664
40951403,47408.24721960466
49959601,101184.22196844404
45331202,81135.3138249698
45206400,50470.350462854796
46758602,122060.07127831876
49206800,64668.59108386503
41370600,28451.51256938451
47612402,44569.819398358595
49555402,43937.43836647639
46266801,92875.01377421302
44084403,67310.67883626847
47429600,70884.39765207692
49363402,85061.45952112747
47530002,40295.22277247391
48417602,39172.931119258894
49049601,50858.70388192232
41857600,59561.56055054769
41966603,97392.40681564012
44058200,61091.20008655154
49761800,45320.58119252254
45123200,82904.55404962119
46112802,28006.01144415834
48247600,32551.034648653786
46774002,61231.38069911808
43426000,33934.90915285189
48092202,75661.41385441467
47020602,28737.606474035347
43186602,83733.02179756442
45696601,73142.08025842438
49123401,84980.69807718998
46764600,89231.664711957
42750600,113166.75346253028
48568002,105928.021872001
45487000,44964.63180902687
43141600,57531.59618059482
46477002,60778.54847379864
42074403,74488.38357432844
45969401,39154.75895282506
49278801,68729.2650211314
47238601,106884.7190647574
46171802,53987.339255748455
49678401,99894.77406559142
40966000,76842.81347775788
41067003,37845.554176398626
41295400,29271.915791038995
49081400,100151.3135081662
45505400,68422.41843573566
47435801,74907.38547606264
45449203,72900.88412046715
44869800,52740.33429265467
42764000,78241.96390757013
41898400,63604.26237560958
48019800,65486.507912309746
46173001,65349.74593942344
45526001,66948.72938795964
41284003,38827.901957871145
44322600,30280.568118425228
44431802,34344.72113299662
48564201,40385.68616528975
47018002,72061.51561540508
46740602,73660.67165850145
48034802,27835.723756316762
47796602,57579.76955446327
49159202,86775.36333167095
42187002,38917.5921751281
45391600,35565.96050776863
46782601,53715.92452923304
48254401,125238.32028159086
44532003,91773.74783627219
49084800,70885.99318525748
46285000,84985.71545261395
44139203,64807.005316321876
45534203,111295.11605256435
43679603,69287.07830054134
41319603,25984.500179739243
43241002,30083.406915354844
44853803,62445.32439599368
49161802,77432.83081887277
41336000,27653.65112126432
43786403,63075.93089399278
46850400,43971.44638321519
43850203,46842.68927538526
49952200,89290.90913148454
45813402,68199.69012530857
48163001,43707.60091875865
45486802,99486.01049863962
47444602,86505.9409688167
43802600,48963.86497380747
41412602,41592.817013563836
43819403,104193.01445944663
41597402,59717.54599923665
49324802,78502.70950660997
43723803,55272.42090906819
41937000,19795.241616680498
43735200,69062.48275468477
42146602,47369.92646205304
47408401,81195.00646597923
49404802,40877.61242338121
49440202,49795.21613997415
44237603,44723.665149015105
49834601,59245.21680026334
42890403,56144.58913302679
48475602,50513.24080148876
42265403,38347.66106263426
42894203,43172.27558226645
41372003,43096.953010402394
44613001,30581.27212167787
49429400,27160.57731660771
49633400,79949.7738681521
48962801,70099.02419793648
42584003,71066.64867118538
46337201,54268.500776897185
47949202,54595.28310438853
45674601,35314.28976843825
49793000,18096.263412901
48963802,51394.48235214081
41681603,69178.72690280038
41267800,32093.732884772242
42632003,86089.87455320611
41475000,46173.442377146835
43248800,66530.62461290248
44110201,86769.71777786185
49536001,53466.07600775035
44962402,30242.72651499454
41940203,61825.5416723978
42723200,67520.6687311882
49639600,108482.76317435548
41433802,46554.35086617166
48403201,32506.803094105217
47416200,81978.14054523155
47079602,83819.86732994605
46700200,117350.6199342084
45269201,86240.35163309137
44176400,55265.18592180768
46924600,19542.641167633767
41599800,67183.89290763623
45991601,59421.02036887002
41476002,71006.6692759388
42588403,49474.030753426996
42911400,58979.02803453056
47411600,105777.78191050192
48314602,58623.59284733314
43244802,118557.05159769127
44495601,-4304.5992975426425
48502600,52799.43572539643
45722200,124773.50523010935
49470400,64322.44408317305
46253802,54578.44000738462
44784002,40408.06335803742
49067602,83610.41060847972
43190603,65893.2578169889
41286400,54360.88367247339
47625402,67168.41607196545
47449002,55917.02271017203
44341402,63118.52847639975
48917600,55192.05244063199
41917403,61454.63906611117
47652401,27294.07941201489
47449801,41267.61638437046
48017202,44545.89181443152
46588800,79837.85140078889
44234203,51469.82434044866
45411203,60055.20484001314
45493800,98806.33583812277
45248600,78114.74576260052
44841203,29492.48195342953
46578202,91747.71910555045
43563200,60128.80115874811
46989202,56621.47888667957
45357002,65129.987890010634
46783200,22201.020506901164
45839802,56541.19034787835
48615001,77735.53315727675
41060803,64170.96544716551
44311600,87878.671553049
46043600,33257.513530195145
43851403,46469.3850462581
41244603,28744.274077829166
48033001,60328.55665532431
41388402,30434.100043127553
48660602,51872.29046504944
45112603,63581.77816714008
41144602,58641.88002138127
45100401,74019.67598541446
47838200,72938.30252236071
47476001,55662.37156173372
49624601,56951.140180981405
44630401,53325.38733453285
45963002,44552.77873083558
45411002,60211.79186398917
45573603,40544.899126174954
47117201,57900.53046414406
44179003,30473.058363945314
43445803,77439.00275649481
49699401,10237.57594766285
49841402,48192.39484808811
45318402,68053.14264569015
48500802,68488.34789787608
47146000,32284.61393386611
46852602,42426.80587306709
44657402,53099.80164813152
40988000,47507.12049782036
45557400,85718.9940530259
47250600,83513.05016035879
45776803,62232.30214569059
43911003,56126.5585099222
45650400,56864.99440721459
44363202,22498.193561289274
49066000,32842.456784476075
47335401,35935.50337599555
44982402,47812.51673430084
41599402,32778.86440032273
41109202,74346.45877230102
41984802,82282.23756557389
47658600,48755.354712027656
45970401,117150.79788114344
42645402,99988.26340487959
49778000,67130.80402252551
49078402,33926.54765586459
47939402,54268.30093269146
47314402,65164.50271595316
49219400,55666.68552312743
41944002,54329.82831945991
42025803,75819.17241617267
45380801,32331.27002971859
48727602,64621.64381643511
41165203,49200.722137062985
45877602,30297.97400156408
44886400,36122.679342465635
44075600,39290.80597572723
41897803,18307.7987828362
45467000,34072.86225233359
45992201,30733.846975857643
43027402,55762.69689586028
44508401,43635.07529042549
49030000,63338.95997529838
49290200,87221.75091542865
46998201,75656.34169214766
48176802,133097.32434540978
43486203,106601.91663522352
43265803,51937.16732829368
43117000,50150.524331525165
44221201,53823.71471469499
41376802,28744.274077829166
44247602,86090.42215849418
46652402,41154.52538715477
41171800,122627.12553187314
46548600,61662.74749129201
42970203,52668.7434467613
45838601,59220.92377685673
48747802,91302.69563204292
49231800,112042.69385612539
45823202,53321.22360189213
41229202,32886.38508638777
45267402,13428.395241243805
42795403,82737.66125473208
42543002,94207.61346947466
44109202,93700.9632818182
46290602,44157.34173043771
48545200,142987.41962328833
45735200,76929.70818796597
41644003,95820.81208972709
45846603,69961.54115778874
47809002,138481.55698894183
43957202,48473.30810550513
41570200,28125.666165574345
45854602,35425.99873918637
43741400,68052.52449253289
41788602,47760.639098737985
43983001,26199.649391534742
44822403,135529.89540114385
41530602,33880.938485865576
42379200,46079.45308621941
43121002,76074.74471382875
44983001,45433.250725490296
42582603,54890.59216929555
48283801,45794.509779378976
44146203,92026.2218060168
49695600,58241.19494916606
49151600,103557.40565944223
46360800,96280.01264211068
42638400,29099.315832334058
44077002,120582.68483887416
49650000,49690.31416096421
43612200,40374.953422111284
48624202,42555.79853993595
41626200,63566.00348052675
44098000,34907.65021561501
49190401,86383.73563125449
45073802,115752.07372703258
47277200,55313.19640259077
41082603,78481.02867783263
42762200,13378.79143417355
42248003,31690.956235336016
44101801,81439.82539489472
46757402,47018.29767944732
46448400,57858.44635703152
42001002,79584.71205154892
43841203,61174.74294818574
49749800,87008.13148267327
43211000,61347.782184561795
44525001,69662.24053784789
43611402,53512.690805229686
48751202,47297.726645589435
44355802,38248.74943612062
44287602,119336.64172556515
46898202,49230.05029043469
45369400,28672.180565595194
41321803,23174.712140054467
45785601,98274.41435269271
42898800,65124.738251514274
49574001,64063.35570508616
41146200,34143.5009376489
46484002,95535.3210731561
44587000,126567.42829506885
48395600,48726.75292878954
42893402,31859.109018052193
46109000,103078.8830588319
42323800,52854.67171352505
43165003,99207.29952168322
47036802,38374.305850450786
46043602,59287.88676574005
42500203,62952.496657413976
43166203,60903.62342750651
46979402,62319.74589751922
44998400,45934.49896729281
44243401,42819.325670556944
45255602,71496.73600923283
45219603,84470.09255148601
48018802,49188.03418772301
48369600,51533.83713462841
43752600,27389.481549307755
44411402,44295.57231618932
42015402,63666.92149403036
48612402,69291.1939777569
48331001,67697.89517635702
41353002,30633.52165875407
43423202,32707.04214060743
40831200,53028.84412572906
48348001,96575.65562264221
41466600,107452.95642096865
47462001,68971.10116198534
47756402,104741.9177027209
49273400,35859.326315556995
47728402,111534.72091707533
47673801,80877.794786985
47966200,27060.37982537118
40899803,72123.7726588572
45219402,50494.87218227618
47083200,115005.74114832703
42420002,52759.98950535986
44811003,68306.89212513056
44576202,60810.15479604057
44721402,44935.377925806046
49976802,79703.56938447969
48795401,56703.26257321444
48446201,59383.64875093595
43576403,154659.41217057037
42434602,81466.45353173872
48972000,69500.06728368429
47933001,51189.47112536193
43218802,103987.7007645712
49244202,43225.256184917045
43290802,64421.01746787338
42883003,69599.8485506492
42965400,56860.08770077085
41978403,46409.25213456025
46984601,52753.08185165749
43885003,90395.6706318137
45455200,105175.486256734
44145400,47113.34541831543
45109203,39715.21753837815
49800800,91805.72808590165
47839202,87484.25862097253
41321800,22468.927468222915
46510600,48782.298258276154
45771001,40419.11848713612
44412601,67353.53802173183
44814403,69968.53831965382
41949202,29463.578160451474
49534402,30184.974177019252
48312402,70635.89549128416
44273000,91013.76852221756
45233201,66060.27213514135
43343403,56277.52862673636
48304200,57354.000910288225
48704200,61814.6293439027
49317602,35856.03327566218
48410400,67978.27578472003
49314800,41812.57523307261
46686801,43284.62840479592
42071400,48877.96541158996
42087002,45852.15428298349
46823602,34857.040538839545
41891000,99100.49667044177
45144401,40473.956637765885
47598401,50563.43020700735
42260000,45917.715112301565
43370200,34809.404416563804
42167802,56393.77387354037
40902403,113365.49461971107
46645202,58253.128778681625
49241201,77428.45796509601
46692001,73079.58756420448
44920203,31652.04255893072
49256000,45216.96907580828
45710002,55682.69133437103
48012202,51801.517165188874
49542001,65466.94491512581
49278800,69884.03993424714
45792803,96907.64051263945
45772600,58612.94929972871
44741600,66134.54672257393
47553601,51535.26735976649
42183803,87662.48284387733
46905602,95244.29122928636
41613000,35430.259739239766
41367603,32399.87616261392
45581201,56167.65441308534
40889400,56978.37530342754
49159402,66089.88778371218
41681400,44775.36887361217
43297400,39379.368919206034
43615002,35725.29302543756
41851402,93364.52119006886
45501200,97207.51423766381
42039003,40018.02250527035
44071000,92629.07633707552
45923200,141046.7536474881
44885401,96367.91216627705
48797400,75695.98369674521
41134803,23507.59423752998
42514003,84994.71574675785
44820201,85453.48590897332
41793202,37858.394715879236
45270600,51119.44685816914
46756201,71611.29306511737
44539002,75622.17350224832
43869203,45701.47371008794
45207200,45902.34763097768
42747002,18931.05081836171
42178603,115843.11068756411
42860000,81227.3927348182
41011800,107604.6908354705
43340203,38019.024891363595
42589400,109482.50563039437
41957802,37473.027231204636
44183803,90894.91727909396
43747400,33673.38888276788
48685202,38452.29518265791
45223001,18681.32024183029
43928000,46485.48639070351
46148600,66172.63658247754
45115603,39402.020988250755
45336603,61960.72263993139
46061202,44564.057983513696
41866400,19795.241616680498
48205602,15032.400465486338
44040000,47403.13152475195
48599600,29935.011669689226
40854800,53476.285813473776
44784602,92339.68722060965
42110200,78367.40360330741
49938002,34149.15669760577
42403602,59262.12563433189
40812602,68025.18780669001
47841402,31351.56079968656
43895001,94903.64531501407
49315400,53191.46549716746
42281202,117036.29817727335
45999201,34933.33979459351
47967400,58383.812914350296
44390200,45811.54040808202
47239402,40297.049798491855
45675000,106849.76838446385
42930002,52228.434607607625
41025000,29566.92216608034
45780603,61817.29582513235
44789801,29022.97201619873
49932201,64943.07927312861
41249202,16882.23985884286
45709801,32086.525477308165
42264802,56351.51466750336
44266200,89964.43392074238
44508801,100487.49857754231
44901602,30719.383305229265
41249802,17513.336684871716
43541200,45417.297577416764
43449000,56929.24638988369
41332002,21299.78566972389
46589802,59160.87586220536
44285801,79032.76213784284
47028001,55636.074877480896
47021402,95984.9141447979
41672803,51705.10674450492
45130200,34784.41178713951
48315000,49175.48161891297
47016200,43465.103593800675
43339003,43005.21749804014
48511002,31708.716462726272
49460801,59707.45167380988
48207201,65189.30790574161
48791601,97826.27777589217
49856201,33188.59753178068
41669403,95730.44555635836
45085601,117635.04180753641
46770802,31389.841279117987
43468600,34121.234118274784
45688800,46324.39980473638
44416401,40557.55310388202
40829000,43391.625353304844
43317803,42459.014982843546
49291202,71033.06705927644
48130401,45729.81535909586
42610600,40974.97062432195
46938800,63627.3285923945
48446401,45845.6955832764
43225200,17200.121345370815
42116800,57374.187957453454
45872202,94334.18628100496
46444800,30179.456896358963
48872201,59607.65116705423
45644403,55734.3448153568
49512401,60683.306758599596
48073800,41394.63258628437
47641201,85531.91594088683
46330200,91859.2407403678
45622001,24668.533320272574
49334601,112970.22887767953
42093000,114941.78119843965
42932800,104449.20411827535
44411603,51442.93808221674
44532403,57907.22099050933
41194200,60745.79320132456
45800001,37043.6754705653
41005600,57779.68031095653
49796201,108830.95333695524
45424201,77467.09766727312
44287001,104819.67827982226
44008403,95139.21973995877
43198603,45937.65772093278
45766202,63197.56680458361
45839602,81578.00226683846
49180402,122444.72046074361
44875203,103247.31302804015
41479003,83704.94635013478
47423601,63014.545656688504
44702003,88778.07056725807
44110801,45529.43082001223
49072801,21698.21148414682
48449001,74254.17293919162
48427802,54939.38285667995
43183600,90455.19673919634
41459003,116077.36837112138
48086400,100168.63877936042
41151602,99295.93316829368
43125600,76684.78088346004
42671600,45253.789808836285
45224201,106026.19314695065
47583601,70137.65633101664
44272001,30230.733960175763
49918601,42375.49160948813
46388401,115953.21312824673
48264800,66998.08044541228
41315600,31968.85436663829
40891002,63312.31219195526
41210202,17554.641206675842
49056002,45357.155736718276
41067802,69629.78277302682
43655400,46228.076398766054
45290400,64965.67522284336
41955000,51207.94154890667
48695200,43480.36327870376
48940601,67315.29886480964
46014202,26274.827228893417
43518600,83716.63376302535
48367402,75976.2674640544
45584400,62486.02263348004
48469001,38163.06647640015
49072401,97511.45367556483
46025202,72638.66616750808
41718800,24610.15620163581
42687602,42819.325670556944
41573600,52992.000645885506
44219401,56806.928993814094
45570201,99886.85684744865
41090200,44523.69713873442
42092800,58793.47392481066
47024801,85460.82556572284
41625203,90402.47273760672
49913000,70071.94366432576
41301002,25279.596478605465
45377202,123567.18178802996
49763001,107552.68222678003
46450601,49562.17415929214
45340403,34869.145154828206
47774400,33251.666288834655
49093801,38650.747092752186
42808203,52275.52859900632
43837202,50202.33408074098
44477403,76544.6555121208
47520802,49619.73582733188
41111403,12987.056211823816
41441400,19014.314858790647
43764603,111596.94611959337
46946402,73203.40275398041
44343400,60977.810971448445
42965802,42224.31834302746
42233800,77329.30139650879
42459802,30682.84834215646
49928201,88503.74899659125
45132203,86150.25857631008
44461601,86254.82604219607
45782200,78054.87101152251
46385201,62447.10457032246
43854602,57208.883301179674
46675002,24671.25424251091
44994203,33777.45693679185
48524401,20881.238260875918
41527203,55841.07975314679
46981802,45091.878432054065
43620402,83688.69396493323
44846400,55033.08087841769
43997003,66288.18129549197
49867400,51446.80225520465
44538601,76010.8337190952
41287203,32806.34581721073
48064001,52223.138596637276
46304401,64194.096039719996
40843002,59725.89616190535
46503800,48343.53130543459
45247401,11868.71916212655
48011801,32964.3018207622
48136801,28855.156113100595
45435801,32333.83412251836
46080200,83878.05909566408
45181602,30493.054771216724
49932002,88683.32697263447
43903800,52232.81444704487
42465003,67423.22233812264
41501003,37985.80504532571
48827001,91256.19649063169
41340402,24499.069726988455
44880803,47882.20108571381
42373602,65117.93672486643
42299603,80387.42301024332
41196400,51942.579652218694
48953202,57301.8804860128
41056000,93940.00927840537
48464801,34393.61752427064
42805003,77822.06671830606
41177002,52105.194990279415
46921001,40667.58779470718
43015203,59461.8606124663
49194802,43764.646078189
42695403,18800.767626318564
42472402,73831.78872341293
43546002,52240.36477817304
45415201,48664.32983100773
49464000,89608.31613539565
47105002,27663.897945494024
47579201,83822.14891216581
44738800,120310.63767223469
41964803,58227.44968694176
43932402,51148.50967253159
42349203,107429.91160892228
45792402,59464.92252933512
41138202,68896.7142599354
42215000,78428.91973680073
48977002,30165.879919766263
46278002,41329.26843031237
49272602,39182.407117264906
44374801,40920.652255776215
46374802,75615.20921208053
41496003,74674.53958916223
45880200,21053.64344428306
49774602,54743.24601302305
47978600,74750.58059267765
48106202,59881.48282198849
49938600,119688.2361845722
49860000,42961.807072076495
48092600,70052.10025073463
45311603,159034.8818088545
47050000,57929.30117611415
44551402,27270.35565842942
46939000,139507.51335995083
45445802,42415.45576039724
42198802,113530.82503937367
46580400,75478.67994084574
47899801,28986.585009847895
42693000,66794.66020544722
49815001,51307.37543313816
44739600,92622.10168506317
41722202,29144.822195978562
47546600,76435.97182995429
47252400,51557.681701792535
42763802,50893.097468402164
43176003,65721.63426698331
45380202,42646.050887094345
42448800,35292.60244890215
48983801,135364.17295553745
41462400,38267.32269184171
41520800,67174.9662829466
48877202,48113.414404249364
41975203,92548.22138458498
48260600,86167.30365460027
45630402,101342.76597341374
48217201,114924.51771061997
43598403,30859.098402400727
42785400,93799.30295980278
49292200,24777.64965146506
44126800,52078.748545133814
45374600,43203.523552701685
44624400,59692.51958468321
49352600,62269.29915813965
42106802,48988.56467037686
45804601,103377.46181682905
46711001,55731.213354447915
47427800,50148.7148665221
46680401,91095.11877045209
48081002,51270.26338324531
49775401,35029.10486408419
43744200,36034.99126777873
49070601,74328.13813694249
40953002,113533.31710660462
46740202,65307.73270649201
46936401,73760.52575591915
49602000,70998.72331219885
46274402,118456.38021782575
42767602,32758.07707880413
46801600,71751.29960237101
42270203,83222.36031564754
44410000,90102.02428743478
49431400,117611.55975854106
47311400,64959.068078496224
44609203,88158.17002123462
41497003,65816.78040717107
48127002,23566.229975073464
42801002,96999.8303319706
49135200,48233.07479281405
48685201,68506.15786711544
46240801,92804.45459853717
43929202,71113.44455213053
48696401,44422.208831417214
43536600,51200.768390454265
48714401,77610.23311810846
44064002,120712.10894062751
41296803,29120.77579346129
48137400,78539.85107007023
44265202,25286.24250603817
49917400,69940.44957891748
48787600,56274.3709509068
49124200,62714.09731992854
44636801,46131.13715609445
47372802,72776.84416031512
44692603,14483.43300022455
47172602,59972.860222894604
41967403,87183.09345501983
49244402,85299.65774618526
46319402,50408.896818871086
48968201,46902.11701666998
48186400,32983.698979689405
45708000,25451.027115949124
49034802,76919.6876101156
42201403,78981.47405812045
43082400,38303.20560950347
45859400,103003.11261029876
47089802,69306.86441620604
40863002,28688.57724836807
47886200,74283.2482746939
42123802,57115.75661808957
42235603,96534.48046851259
47089400,66572.60824963666
41073403,41520.95480549607
47246202,57270.20210811116
48091200,37567.79259844762
45145803,109788.49400695496
49531600,50577.874455277815
47579002,97897.35255748473
42384403,113943.44459774492
44686203,109422.35934845345
41391202,35252.84758732239
47147802,103649.169098483
44817000,88371.48341723168
46420600,46120.66981361359
41565200,47683.250232238184
40994002,56480.03264840125
45718000,56682.67219713886
47620401,39281.3277089045
47529600,40054.736915519585
47150202,32501.458531941604
41379202,19384.236180256823
42624802,29903.934358636732
48201602,32891.70965740064
47619801,83696.5622515546
41722203,29144.822195978562
43750200,55045.42274791439
44666200,36549.95718053299
47615000,56020.635573901294
41018202,23926.629370657753
45104003,60132.67749614731
49257002,76717.03571602266
44122400,73001.34470792001
42551602,119470.96126257224
44433002,29749.113232639513
43010002,62244.33923196424
45134403,33604.03336270845
47713401,42385.93364073151
41494602,46474.734703783884
43631600,36034.434472994166
47484000,104687.53195119931
43816800,75169.23954076806
41791800,63802.59419422578
46792202,71181.87529395169
43879000,58119.435035416405
46396800,77000.55203767221
45581603,83928.34871953145
48576001,78797.64350773278
49319800,49018.75147708326
44502601,56461.176865558074
43622803,54534.09651178786
46593800,39011.55872040753
49738000,479.2818398639979
44212800,80274.62343601159
46314202,57491.605886873636
44723603,82467.22814367151
44033401,96264.51839329638
44130000,38003.49614310875
45252401,42920.95682205369
42158200,89840.4075926796
45096003,45406.92831051076
49729802,45158.18267710569
42219602,44642.526280709666
42594803,108196.69015851006
44715402,81179.29865903824
47378801,50559.18262367447
42940802,52881.5699928788
45804203,38129.512003555006
48251402,89809.72655932483
42723600,73375.90063154012
45890600,121516.47131390918
46272000,82030.7592626445
48219601,36889.89919476629
42314603,85768.16928854976
45837203,97369.74479206573
49391800,90677.87580470648
47654001,29047.057130279758
40889603,25926.767200052695
46044200,58798.190242007644
42869802,72295.70955600783
45112800,31737.171260606956
48185800,70343.01760972472
45591801,41607.70434632604
42208200,76747.40907579049
42542802,119202.40968739659
41965403,34547.491901213194
49403400,34267.84467422957
44407802,62999.5918900191
47821202,87403.3072524458
44092403,98952.62058018985
44018203,76939.38738624792
43300000,52142.3180925643
43320203,65102.68082598696
49480800,56609.93633736139
48562802,103600.66778072437
48102800,94847.06828327377
47791800,12723.22453471525
41919202,52383.13166299882
48020400,43850.57998771752
46960000,33239.11780687095
46395200,37496.21124567751
45682801,45734.453455908755
45597003,29675.137949388165
47910000,57599.933452070414
46826001,61311.272684177486
45738600,77821.79669836987
47537002,60747.32921716433
41865202,32903.74291845669
46162401,37223.10586759772
49219600,29892.07165142929
45491201,62615.19552441047
41912400,57700.81526712286
46497002,55037.874816430376
44836202,84984.39688265872
43673800,95752.31030326785
42899400,129490.90384735953
41075200,80062.87522592007
44857601,50706.311060757114
49535602,93658.88149154992
45441601,120338.67870979391
43277402,108680.55455081769
49052202,49644.66874595762
45760600,24040.92258691994
44328403,70682.3570942731
46849202,35519.34426638419
41491603,46379.024964341574
47784402,37456.89998396765
44711601,20543.795490907396
41351400,17175.933450591634
49950602,118341.84034234849
42670202,38158.70935805988
41746200,62598.390352048336
45832003,50189.55315572389
43662402,92507.86244071482
48706601,64375.55671429946
43795603,89909.90917852386
42709203,36550.4852003866
46082401,39505.71784090106
47781602,37129.0182987413
48463001,42696.6852822135
49460601,52814.466233534564
49268202,32502.660892746935
45433803,63416.800793502145
41678803,53101.675504764506
47385201,73408.42399466356
46353400,83607.55394484878
49485402,75196.61013728118
46042800,45849.33891612014
49950200,91528.95092467134
42664400,53020.77717632651
45692001,43986.73147390581
46078600,108498.67101918747
46240400,129322.36431983166
45330400,53362.40727910628
49786400,78621.03327006396
43832203,41638.86760643277
48324800,61719.77205657134
41955203,53735.650453539965
44112403,69296.18302852246
44208801,52292.455574339656
46796802,31228.956686006506
45154203,77007.44736692986
45166201,44249.774663707176
45120003,92825.51618834786
41479402,66466.17509673226
42001800,91479.93515045558
44235400,61894.369230899814
41987202,135611.47949938057
43179202,85531.56857960102
47564000,84401.27606094033
44369600,44195.52501903093
41769003,58308.86653300947
49081401,78932.75917371528
46982000,70105.83063484385
44953003,74239.37184798646
44844403,87173.09817264504
47951401,89370.64661826774
44833200,41387.93553515121
41227602,15427.307672477302
49185202,47881.10484591401
45569803,27565.051568121045
41598803,66260.80953000928
44450803,53117.99018133322
45227403,61409.26770408572
41295200,14531.323184123647
42071600,75820.6100907147
47644202,23121.30040846706
43722202,65757.08534649105
42151200,69531.3206568916
47632401,90926.13902257333
46120000,49633.259521997665
43386400,78606.3227811448
46757001,38128.62410176554
41702000,30748.182243358802
44794602,37876.4224105917
44287401,59788.8120715701
46139402,93377.07276377497
49468202,50723.751265342886
44893800,54406.5851700571
46911202,78697.79059726832
44074800,59072.37687593363
42392800,87476.71426848401
42201802,66103.77282512878
44135803,42913.23227840419
43722203,111412.39287154164
43413003,71656.16218437043
48285000,106360.51074978561
44118403,84774.7873423621
41325400,17578.15758020401
45431000,62328.86740428823
45109401,37100.28888573434
45497203,64050.70482633028
48470202,91356.3749941803
44342202,62243.70419879033
46757201,34482.91595663209
44068203,47003.739143093524
48547402,56190.78301711336
46384601,102617.75508992022
41088200,73460.14843411926
43528400,63463.68005168824
45500603,75473.6301216248
47160202,90209.21609478949
48836801,62334.39944667949
41100202,88911.61154361325
48151200,46750.78364939739
43683800,50840.738427365846
43714200,53186.46224922756
47681400,47543.75583475304
45292400,52768.9187612759
47270602,40306.17613952496
44994401,79971.22217286375
49684202,28281.909942051436
46011201,39610.419532604974
45340401,25539.889435407895
41876203,33546.999715800484
40966003,62900.05650322465
45430200,133320.95025152905
45402002,29871.264810646604
45250800,108325.30896893003
47648400,89243.32164198591
49562002,70823.71241053185
47095001,80594.6058357677
46998000,129877.51557568123
49402200,64602.194502389946
44879400,21736.345990162674
46159601,40219.67109535088
49091400,33192.71838622074
46558401,77172.27740152102
43304803,43310.01230182155
46634202,31018.570305186466
46635401,43071.756891366815
44344201,114652.46396069424
48600001,97040.10195629457
41927603,21525.871063546692
41829600,35496.183814458214
45920400,52783.34062807749
42053000,48572.22611847271
49016202,39911.462513523016
47493800,53322.42176028939
47528600,53216.91465177277
45658000,63747.27081700629
42619000,44121.929113126964
47080402,81264.17774821103
45837202,55775.077739466564
45560203,68185.20612763995
46892201,103811.05240569885
41895600,40227.87717608568
43890600,71527.74015929608
45347602,51694.985576632855
44540803,96998.70188573179
45951200,37556.53538089045
42942603,45385.955656649494
49033801,69466.54716565336
41963603,52486.67784642693
49877601,75414.93528798326
43583600,56386.47076368368
42427602,83928.72390759757
42085603,26589.788634675337
42450800,82446.42044021748
43107403,24455.33894703375
45727802,33337.887562512835
44124001,66894.19921427245
45365002,47506.978492039634
49268001,123826.03043844987
49832602,79819.63364176384
45112403,34744.70505993164
48540400,52644.58542805801
49420602,100765.35766120459
40841000,46603.192947067844
46785002,25449.549016987767
41420800,42301.99904080995
43865402,45950.27783695909
43016200,76778.31266001734
44550401,28643.917113810196
44599203,83121.42678563148
48304802,61414.315710923685
45805802,60427.99270730284
45995401,104665.5159122104
41083200,69129.88054272928
45337202,45129.07587188022
44127400,77024.01818000416
45748202,37010.11778701157
43070402,25221.78104093658
49199600,45554.06498683897
46345800,78359.89745279586
48743001,90300.4446332086
47955402,55667.13868985063
44264202,62910.032505086674
49582601,54024.322990741755
43259203,47957.34463006417
47470000,57256.17697047974
42353003,70488.13933336826
47475201,101125.39464678864
49725802,76314.39731639666
42619400,45199.54489819427
46386600,49337.919963221655
42900802,57129.89530330349
41041002,57691.13541981717
49983000,72823.69687320637
43455602,28188.075907761155
49623001,47968.53176171842
41660202,31896.128221199848
42003603,34707.06585061537
42773802,76392.55932248656
44172401,60690.92744040938
48305602,89698.17621398094
44913801,73559.7869571861
48250201,41638.60383155822
43881800,46915.5267696892
46143001,69216.51927832229
49065202,28084.71822719853
45600401,53963.11872037396
45189001,29848.162506273413
49752600,57429.7268372806
48875202,55612.82439277429
42691800,82840.44022008902
42038200,80233.80794418497
48728602,75876.66939254184
45533600,45984.361125216405
47290000,50847.77560907555
45575403,78763.53020802417
47508600,46363.22087886228
48497000,22789.804574327252
44460400,78621.64909220747
49936202,92404.71445290712
42179203,81846.94714434454
41232802,26757.83088515779
44940803,55740.95947651622
49689400,49437.580256936555
49882801,26469.037342405318
44262803,30466.336308116013
47143002,29509.739946684982
47214802,67437.50454517896
42824602,47809.02421973886
41131603,55238.33398547233
44254002,75035.05139800617
40800803,81096.10371702885
45419203,77576.72736858926
44775402,57941.127037066886
48499401,51442.93808221674
49590201,66747.79405773152
45478202,28933.46507306318
42956802,50553.49742098125
42927200,41889.79444515613
43334202,52312.75948384975
43517602,79764.8978077725
47441401,68478.01051736592
43339403,68046.34658025537
46917802,126950.06565865802
44126003,39818.88874565235
43427202,80284.44036392921
44814200,23930.588606790014
44686801,59495.10783035997
48515802,40206.35938480073
40843200,32915.175497959164
40887003,47784.0184723076
42665003,34831.94158125577
44290002,55229.64505559311
46730802,47534.84584782547
45717403,70688.47458377354
49204800,23325.231102337628
47981800,94211.66472788405
46224400,40388.51976633263
42820000,39221.73081006796
45771600,37585.859347105514
46444401,45608.52553092348
44739400,52069.21949761104
48752400,88766.81555574333
44929802,44944.34687071001
41228002,32898.1113129399
46579801,74769.08276455401
41867602,17708.103779929224
41531603,59057.57620501202
46516801,81494.79408838514
46985800,35344.36220294715
44072400,49608.78252909658
43870200,87935.00148744615
41277002,29038.704906021594
48336002,91193.28858646732
48854400,62455.46391600859
42402000,33733.248797995424
44005003,53934.75879759782
42542803,29514.599060454744
41074802,50134.49305287006
48483201,111722.61172689326
46952801,86741.96866478505
44509002,46979.10134329757
47802202,94456.99762180913
46821602,20612.407966667404
49048402,63040.003002167396
47781601,39886.60507306896
41342203,19257.41827929247
46168000,42923.16440485295
46018402,29270.14394565553
43178802,115649.63663882448
41493003,57496.04099891993
40998802,33765.09688453507
46174802,43117.383401719606
49094800,68903.71646395224
43383400,114355.78214657222
44831403,136768.74064840685
42210002,56110.80604083287
48516602,61679.4400704657
45522801,98352.58680352756
44722201,42338.44002241361
49006200,67211.78377424409
43771403,77234.56527222693
48951201,47583.03466030185
47746401,77081.87491302326
44482003,131137.07461442685
45616603,58180.96708674539
47032401,58775.521437820666
45661603,72889.77544109074
48576601,24886.725922650003
45025001,50659.436100586325
45740601,72112.48868797073
46247402,102869.37519192442
46096602,59616.02256512291
43523200,89985.18815776035
45050402,41187.99257192949
43180200,62247.650901006
42544603,61582.88689724515
41805400,54371.33930580476
45817201,133085.0104648484
45459803,28265.904997138252
44847001,53557.72778124297
42732400,48433.23417463784
46410802,41123.20871491893
43865403,45950.27783695909
49890601,79504.58397806706
44225802,69478.35777440107
48343801,32314.04362312806
46013402,106229.88196407491
44067202,93966.9728508565
43269603,45787.92817088728
44665201,64770.07204878348
46982202,66224.6718275424
49530800,45049.098626876854
49639802,27187.94848659647
42176200,35415.10284432028
47043001,45832.82650909464
42342600,47152.526685980694
42306603,41931.920141492694
45391403,31239.62879824881
45148602,58898.65260551148
46371801,22697.80797219353
41993403,77599.49171836357
43502200,66218.22816419708
48844801,46737.35823763449
46634802,180094.2218284778
49063801,87850.16789189844
47338801,68746.00923422453
49145200,28200.54130227694
43789002,49342.180575915314
48576401,97157.43620809304
43935600,49468.03934893085
49254401,76423.14012013543
41202800,59855.97248931736
44275803,14269.758542718075
44661401,40620.15187326186
42680603,50830.66853497862
44521401,93395.85903703705
44075402,14417.553250503448
42918800,106227.85092536725
44731203,53535.57502458466
48893200,76785.79850497415
41386003,32015.468760886895
43884401,27457.99440267791
47687802,8089.082456062866
46857400,79974.03341732992
46671401,85931.8507843179
47205800,77176.9648876142
42304403,58559.112837020235
48181800,49812.08884393876
42301803,99255.93303100167
44095401,54263.98851566996
44551002,106406.07551544458
41254002,32778.86440032273
45157200,57778.7546854579
49028400,66472.33975223356
43779403,34234.46051125714
49620802,51757.01534917096
44322801,97236.1900658388
49750800,37423.17906618037
46962000,55102.11431617561
42911802,60039.00096893076
45584001,57599.22795332948
41329400,24088.84600597348
41591800,77793.70442638005
44839002,67242.89526522247
41017202,23926.629370657753
45698401,56203.27095377196
46605602,84202.80484952373
47147600,50147.752921697145
40875000,51325.16074196531
41903800,117910.49801776867
45566602,61108.99534755677
48100002,72100.24498589888
45035402,64454.66645765202
42473603,31485.687531339812
48448601,59641.9111531404
46788802,29511.522360238305
44897203,30340.95914243819
42032803,62425.729699667456
45236602,86600.42190336453
44215201,64554.20536243342
46371601,72424.73244388906
49147401,89249.55187291879
41344602,22145.362714915293
46485600,43932.07879779268
44659001,37234.85992468379
45957601,29582.327753677662
43573400,142019.88239778782
42014803,94475.78027038266
43857600,68417.33822477945
41579203,102796.28729370228
42898403,128516.29809477642
43651402,56651.57460267106
45887401,43994.43532984928
43983201,85723.67550765545
48656401,32568.610224984826
49918802,69586.21099082651
42333602,68354.9850267769
40805602,77477.89023628611
42423003,73578.53641084084
41325202,18283.942252035562
43344400,48723.94953512322
48174400,46870.68072260813
47743800,64016.985502257936
47100402,51826.42544859748
45486002,28750.550891993254
41499602,72220.73939562302
45859802,52361.15458854258
42875002,100083.22295735622
41680603,61142.68051239972
45773002,55606.90953089097
42608400,64161.51744070046
47454401,44111.48660794879
45580600,51909.657565707814
44711202,71499.36812301585
48507601,57937.604278766914
45138602,48484.14344976324
47042001,70451.96919709098
43832202,27548.282143491848
42869402,34115.028855798526
48990602,65287.785263400154
49109201,24084.95342638631
41208202,17513.336684871716
45148401,46688.46579663081
41059800,46168.33432759251
44202003,42883.07505234184
49507000,98930.64586163277
43853403,29953.69743488219
41427600,47967.70816413825
45674602,60854.91684852542
41815400,44175.681678532696
41619002,32903.74291845669
43372203,37099.957185487205
46505202,38771.90978225909
46795602,52479.598868879926
49868602,79793.75200298418
46565002,93742.6548940433
46648602,47378.435797934755
46423201,37897.81171301764
45984202,57523.02460967859
43998200,50933.54374216002
43810003,52886.26427449652
48171401,48586.637514521775
44313001,52365.41068649672
44142601,66378.12788280426
49793200,53328.421843771444
44745003,80225.2717473495
42599803,86486.00209751785
48194602,27339.88230890319
41239402,32778.86440032273
40813402,78711.24532726401
45301803,96548.46125842037
42731800,81142.45981870532
49095201,42891.37219315337
46974402,62006.280736252964
47600000,139099.07614946412
44292201,40944.04160687768
48968200,52007.43052108754
41462203,79584.12135447387
44550200,97009.5546194827
45761600,34693.12772951574
44167803,59398.21078973186
42259002,65604.14202813256
49962401,34711.010387533526
44253602,64822.01206861526
46588602,49651.43949633627
44740603,57165.00616323937
46169600,68895.44454554906
44288803,27995.89216590607
48194000,81113.8537084858
41488603,62010.544857235654
47923402,63515.04603215488
44987602,37003.00357997421
48006400,71435.79805830697
49705602,82414.04590291757
45087802,78986.80142867978
47983001,66954.1860392497
44520000,34254.530665515944
46731001,34549.65153165145
45403601,135650.82172885904
47064202,61811.73868348504
42474802,71059.40314485089
48867602,72526.45502811667
41209600,31942.94813768221
41880403,55544.390140469994
43996002,41093.93488219672
42328803,46750.0572874933
47862000,73744.51279884049
48062402,42020.999489210204
49969801,61669.46534103181
41070602,49854.44165519566
41925003,62746.132203066365
49756402,74629.0304933581
46780601,52596.580011306825
45563000,27474.446216632732
48998200,54224.1730922295
44878800,48932.88366499522
46941602,51832.75566400313
48126202,38387.61441501319
47659402,82181.8777619221
44712403,45273.85444127913
47812801,60538.405401085074
45254800,92883.74666427645
48260601,108780.37631054813
44445803,57029.95408497791
45165802,80413.09666025446
44471803,80443.40797018583
41856602,32903.74291845669
49112801,69333.85765384126
41638602,34531.029050491255
45801801,97860.87281517519
44557400,23006.29640497123
43684603,81402.10993128974
46525000,49111.33759679362
44524202,67839.65544176371
46141400,123298.85953788157
49533000,62125.95737304279
42636603,55941.874279938456
43012402,45315.599164902385
47493801,47413.26117107551
49382801,45471.06575300491
43824203,43493.83210662091
42373203,51916.98318101002
48883200,63131.55114352938
44471600,32291.359257788823
41590600,78709.50608891279
47056002,86548.53126925214
42436002,58718.748435714944
48786200,144739.29403352653
49219800,26615.21675236794
44066203,83652.04057124823
43338202,55657.92023346935
49727802,36363.64116469376
45544803,43232.0495002984
44895401,66745.71440713582
47172201,49517.24934326436
44780001,54483.55036434546
42576203,50491.25886825963
48261600,115926.60228475071
46358200,101362.5500784367
46884002,106900.70515698039
43104603,85956.36731332212
48755402,50229.644369606845
44895601,29644.53142487986
49729400,98759.47262049704
41626600,74714.1751426307
45416003,91367.19640796028
49169602,113197.4162093307
49814201,66661.0425172047
45860003,49622.3222034073
44719000,90281.132767759
47455400,29638.6498704373
44171001,78334.78971173146
44595600,80625.17943290451
49536401,38418.241631998455
47378000,49713.422178997644
49970001,123961.40272108957
49896600,34386.591586903014
44131400,90055.30046113214
44303403,57536.7102314828
45184800,102300.5238072772
43239402,72885.40269001397
49628602,78909.55919499889
48479401,54743.70378555954
44146200,91559.69557599885
48505201,41662.10699692351
44935600,43435.168004439925
45160002,71973.2956770617
48995602,35836.8305073352
42471002,37398.21627142621
49693600,80701.73685889044
41529600,82308.70570851513
46047800,30285.574575289338
45051200,67864.3460475743
42690400,47817.37894364997
42978403,63568.656596215274
45407000,75939.92825244901
47937202,83133.74549331646
44176803,33493.56548101021
43742200,42047.93276687592
45634601,97532.85011817273
44824201,83945.33319190147
45548400,94399.63025854711
46508001,85115.71646303362
45957402,79292.99072608195
41452603,38371.26281099105
47357400,72809.37542477768
45554203,49059.85232733043
41564603,34661.652290505095
49731601,105333.04717274246
44881603,84459.7108135131
44504600,65474.111277539305
41057400,57695.88938174225
46471802,104460.7290494054
46553600,55982.72987266239
44671600,16362.969953398957
42672402,54365.8381347107
46108202,66378.54392120063
43843003,48833.626103326176
49366802,72488.98967034153
45303800,41922.48991390181
46044600,33003.4661702902
47418401,32849.607687266485
40981202,33048.80839067258
46294200,88935.71314820978
45855402,43060.25375757653
46590802,93630.62646498374
46317001,30427.154984157107
43227403,62728.60305224734
45756400,57659.61663768231
47143800,30084.392042806652
45469000,39280.16872155979
41276202,37026.43920428957
41574402,42509.85569023466
48268000,54230.256994366886
44479403,50008.86908947597
45132601,67441.47655772795
48131400,41395.889303349126
46937202,33436.4463965334
43636800,90971.77106715042
42115803,58696.95913801974
48301400,74441.352915106
42411003,49658.53620656869
47332402,19393.920597315522
42689003,43556.187178416076
48076201,57844.90486492382
45613602,65480.37871379491
43241000,82318.58926004714
49863401,66383.30836027162
43865600,26947.988390302184
43784402,32631.340321240295
46099000,46321.12017610717
49117402,56400.16196054491
46188801,38730.58976266838
48847001,48574.96678868491
43418000,98050.31794280306
48419802,67427.97931348746
41470000,63647.422110467756
43218602,52252.63248723084
49987801,101471.46687946905
46007401,33700.30643100647
46261001,72573.33161660636
46467002,38995.103296304085
42348000,80293.27785609064
41873600,103287.59533354956
48322602,59733.86850560965
44121603,129317.88419979265
45519801,82389.70160957763
42269803,50727.35956677303
49404002,50358.15226358582
49804002,63308.295252224256
43005203,77151.63173902083
43172600,77973.0132199741
45579801,77888.45124416192
48090402,32165.606371654874
43538003,121216.24215834923
42904402,59712.375576191786
48145601,115944.30062035295
41616602,76309.14794374413
47845201,30317.021259156725
49196602,25754.37607600266
46145601,82334.26961662246
42345003,55563.439566464076
45154401,45529.43082001223
45351602,61306.5744276967
45565600,117321.1062425051
44717602,88655.28573589277
47794802,21915.064346970797
46599800,67485.34650893266
46188401,68897.36208421132
46867601,83063.07236903277
41403203,71114.65376442643
44688601,73743.14377122976
46954602,59892.08343297905
45479802,62779.89232619865
43377000,53993.685293594266
42193803,71895.38680573956
44919000,62901.116193548325
43330000,75568.6113310134
49618200,55909.86314799499
41053803,77092.48399210411
49629400,31508.782779337434
44264800,64324.464237364526
41349802,18139.75265222056
45154403,24977.445786864355
43836802,36836.88778560207
43083002,103514.276024338
42621403,55428.882945087535
42737600,14581.915122681885
48708002,112715.51758248624
46447802,44237.609680547816
45756800,40162.316913405775
45298400,46972.16459204818
49259801,55687.56841146965
49456202,112074.93925883793
46571601,46883.64058020365
47157802,65393.508386353926
44746601,49550.756865766925
44681601,48477.782986197315
41841403,32948.808963486954
46042601,80566.93317416646
42186803,52839.821741409774
41000000,120311.40916373071
43078802,57936.79997388119
41836803,46582.485931331976
49053002,66635.41063993915
49337800,46586.54954329207
46053201,76060.58210481808
42911602,64749.57034236607
41304400,25501.816429276085
45444802,39280.63569823971
44773603,34012.453835689055
49639002,39938.08168176738
48578802,40124.51809938388
45595602,33412.97407145972
47903202,110381.6766177051
46300001,27900.27206524165
43870603,53046.02881430383
44647600,40502.19047461464
44665003,58082.12706831521
43336603,88449.17321711291
47838401,44879.847309823
41572803,46889.860691684844
45774401,50685.08795487933
41194203,69072.80798776759
43380003,63366.621954848866
46538000,51781.1376055001
48825002,43122.37500310738
41808800,69041.26841526295
42305800,53393.28733797975
44868201,52642.966755175774
42010602,45053.0666548121
46673401,50593.81716312138
46384002,80802.02531467348
44860600,105448.26112979106
46234602,50578.72690281049
41224003,39344.182876433384
43360003,48998.8630746486
47046002,52454.79952083475
42003002,57122.45183950521
47236001,81491.73220957987
48648602,89731.72294589104
46934602,33393.04842847615
47839600,50030.48141261149
41448800,16903.08504762004
45723001,55667.77784971618
45616803,62941.9879439504
45174602,107540.89626553448
41392802,85472.10048763377
47779202,110637.49252321085
42968000,51022.06187658064
46661800,62950.95967967905
46211600,26791.25208487737
43640802,52048.002827866476
49309202,48058.8227831509
48611001,54708.526302675484
47823400,50805.923535286856
45249800,48599.6331491781
44883602,117958.57263938857
41368003,17881.718122423186
42797400,66133.48941478814
47545800,81270.29591954677
49546600,88484.29377407474
41928403,39964.24155237242
43443802,51098.69806994338
46624801,45819.03268749711
48200601,14403.020960112297
49274602,38379.54550961929
46391400,40559.442602002695
49276802,72171.78290193995
44843600,76267.33143357933
45477800,55521.4800184383
44527401,102386.77019633423
47636602,25904.45288580638
46190201,45315.88850293506
48484400,116747.5528514733
45860400,80778.6180720708
42350203,64154.292041750115
48844600,57655.397888521285
46830201,73632.39627037555
45796003,70663.35943593696
44554003,77103.06622055742
49858001,42663.79472219222
41236803,21982.04401430286
46468200,32226.945922338953
49502002,24942.003237522924
44767603,37231.42779815322
48826601,84710.96415926915
43432602,59290.716506394914
46961801,50669.207739501944
43026603,58983.88490492067
43952003,102533.44581269487
48197401,78194.13142021875
40840802,72751.83642296818
41762800,54349.377660576036
42061000,64491.79982258865
42402603,65245.41456238969
49285800,86889.05249457614
42341600,91388.66902578484
48083802,66267.80011148856
49911202,87428.19522353218
41478200,53120.37170140513
45482001,129189.6491792178
48133401,55506.78105993635
49906801,84220.19025658545
42846200,52753.238039720694
46323200,121011.03176465699
43378200,53272.09705028137
46877400,122897.54884984017
44165802,63910.97610748781
43580002,35361.97790264339
46801001,54781.46058742507
45569401,15569.340309539859
44743801,74276.78364465003
46643801,53716.5133854351
45586200,40618.48640316737
49547802,28753.238982983177
47583402,25045.309468711122
41795002,109926.26370898282
42597402,73134.24528645103
42193400,88388.7953506201
45150801,70249.56955615724
46728601,59786.99114648443
40998002,56897.07674959783
43416202,80769.34532467321
41259602,24357.594107450284
47173801,75994.00106603577
45347200,43849.81034429344
46665800,107645.59847813612
44134001,59224.66001356229
41457003,60192.64855653325
44386802,61660.13721901661
47481201,48205.64001346082
44562802,67138.5480334273
49725800,111208.25766494808
47508200,64157.51187154083
40915602,34897.412274470815
45768401,72306.6388968058
44928202,56811.47305327411
42555603,101101.85372080917
45859200,116861.27521735753
48764002,94083.559449377
44666600,52188.76506910084
41972200,27288.834065844163
43124203,27816.53847821332
44891202,52379.02180059826
46817401,102570.5320620247
45891401,66163.26156066243
44951802,93844.1650145876
48101202,82750.38180484915
45722602,77051.84618721408
49252401,110178.86081731803
45051802,29840.29396656434
40955000,140348.60461347847
44298002,72435.67836038726
42664403,48571.25427706751
48635400,33669.82372628302
45897602,100832.26759393825
41863403,20644.423525811097
44589600,62177.99079711888
46972200,70921.3547826548
45789200,63642.20357543739
47123401,80870.1885115594
42675400,57179.90277047693
47903201,106665.02829964124
46115600,66747.99112948116
42368202,14417.553250503448
48476402,156241.71054961724
44406800,61620.0370346074
48074002,49673.7219793181
45428400,106925.38202126509
48925201,56717.0411844481
45802403,58231.36149413949
47142400,83760.84962265234
44726202,93649.14663348024
47422000,36961.2250579705
47588601,107569.06019393311
42668800,35878.76437907742
43922402,79569.60665691557
41218802,32903.74291845669
43593202,64764.86338799195
41293602,26611.976272039155
46695002,69248.02796555504
49951600,11306.484635513778
47856800,68161.17360574045
44693803,69370.55109380749
45302000,82122.70742308091
41841202,80677.61371616449
48685001,54332.8966649644
49025801,70246.87681940796
41695200,28223.063266820278
49656401,99475.97661355055
42726403,85188.83659149561
41918602,26718.984847408326
42989000,37725.134534751465
49688202,84282.0897693208
49294601,88204.20991731517
46747602,46326.41346023662
46787401,86565.44353843601
44995000,75259.01352410736
42403202,62525.39021016126
42043402,76800.22033122405
46086000,42717.48455813002
49611200,52767.65142404833
47517401,56211.92380479899
49150401,41574.904633734244
45187600,44537.74952043506
46092801,74569.03218805627
45323003,86478.90566246689
43654803,93473.54932695234
47264402,100793.72147208542
44695003,57732.01917954961
48918801,43631.9061022985
48285801,45492.10789664432
48950001,70390.42811141149
46281001,75360.15546704618
45269803,36963.253953013394
45746200,68738.3604161789
46007600,49960.93305527181
47988602,48729.83504557703
40819802,53490.2750870917
41847402,33979.665509645565
41683600,51081.8887643493
47822202,58287.023898318075
47980801,111662.49402031138
48855200,55095.254655012155
49913800,93361.83689630049
40965403,47924.5259571481
49477801,89282.10688322928
45662001,54522.2900641607
43985600,92785.23695429217
43893201,99981.91689226538
44732201,33199.89327606139
44032202,57164.39166508951
40841003,60451.29520593014
43679200,31963.90439051871
44141401,74697.47647578779
46878202,105682.30790174242
45106600,24791.899669691535
42920603,105552.06031703907
42760802,63433.95372988316
42140002,78022.31211258077
42714202,71770.17095459395
41647200,78914.45539113463
41599000,54513.88443026273
47876800,86060.01821965666
49495202,60145.73587824152
49942602,106883.09078825958
43071802,19929.117292010073
48752201,80655.31071974177
44100000,50803.69264403757
47445800,98193.43545128978
48820401,79300.39544088613
46635402,75382.7844783133
41961802,85475.50742245726
49314000,85733.3568943603
49113202,86135.98605504131
42598203,94667.5362178139
40928600,81311.7270189941
49651601,83203.6281083854
45866000,31715.380329629115
43551603,54460.50987115464
47340601,79094.13896743406
45355001,58211.148568487995
49981002,47041.454916739545
47552001,47157.30305638825
47061002,79716.32782464108
44706402,48255.49395313436
45657200,90346.94873998869
49071202,78892.05965024432
46276202,64485.85000774767
45369402,61701.47765034478
48958800,37287.99953548863
44425202,65514.070457724345
45166801,35446.45084594684
46343802,40128.57052907114
45376203,45108.03327146631
41016803,53862.54344029925
41475002,70220.34598224591
47098200,73617.48821732604
45529803,75447.81948569123
45250600,57384.72540551251
48485600,59689.10951863184
43372802,86281.22491380373
45804402,38335.12696397188
40859000,90167.91688212319
45992202,109957.48723333598
48346001,43574.01253176712
46995201,104000.2140927274
48464402,70206.56790550066
46839202,165274.8338371629
41194403,59854.21616743055
48344200,47839.336583165605
45165803,94614.1934963304
43936803,66276.1596616879
43580402,43812.926315422264
44598202,97614.04460269431
44948803,59673.43243959629
41151002,65303.6890009553
45181600,54264.36126466814
48369401,45815.99465885179
42180602,128966.78179666167
44324600,63412.53417864477
43686802,111951.15093389402
47861002,59676.015638737736
42186200,48977.73836551678
44742603,54063.426937289696
41244003,24346.035449667488
44320203,81555.40542418737
44137002,36306.853084038536
49011401,100767.5754477929
47578601,43255.063081269014
43755400,85912.48106958429
48781200,107191.9773682664
44141803,48406.26539697027
43379803,70962.27365997151
46581400,65136.697696028044
43091002,101593.21719706552
43883601,96069.30664427603
45239603,39775.43053030325
47486401,30198.08793405878
47541602,50799.63827322059
49227600,23129.197603162578
44943603,55813.22568288147
46379400,24011.401668685307
44082800,98957.72584930623
41258602,16882.23985884286
42261802,109384.71283084106
47973400,57061.29188206493
47098800,81581.78961642779
41143600,102535.79192369369
45456600,59889.62965416711
47337001,92344.78533833072
49135800,57826.66834549107
43498802,38029.96627498047
43251200,47145.18745654826
49275001,55974.69814798349
49504600,83594.26176137304
40916802,49107.78800207695
43243602,52489.83684864791
46444202,50295.87446081461
44489600,62532.42816841493
44609000,44381.63363588854
41771603,91892.4837786724
45939400,28070.11737549896
43927602,101815.08869511378
43918403,43120.730355732514
41055603,42566.48374526296
41252402,21381.68146373169
45440800,64864.1587698139
49118800,39514.01711678871
47788000,37680.472107484995
41645803,48487.375940383456
46438402,83861.07175448498
46449402,52705.2313697902
45143403,78020.28079520164
49449200,71445.3503181218
49847601,52349.78401023096
44035602,48770.930809281526
48335801,59439.67188965713
46085000,74953.33048053383
46711401,66674.35454761912
42991200,28648.865435958392
41888800,48149.4081486045
43524600,55428.040870616904
41939602,38104.87737380827
46503402,66748.17126099455
48255400,89221.52621214752
42417403,77718.15865879682
48044001,54814.880716463966
47953801,100740.02494176039
49914200,72137.50361052828
42634003,42902.35416723423
49028202,48356.538969130896
49922002,38323.31356131448
45346601,53180.25112732905
48577000,57161.83017786872
44693002,58811.78431249813
48502802,42801.33480134106
49033802,82438.49899091029
45563003,36905.73842752163
41789803,66638.9225291734
45795400,70970.57188800785
46784602,66637.01022936832
48377202,65705.95837082969
46777802,54371.957323958246
45064600,164775.68818966422
48941202,28755.378183621033
49215400,43852.867657897696
40892803,36158.32456063964
45913801,99284.4303375857
47055200,42735.0265181386
43061803,31544.880531631643
42799800,40489.98259865023
45773401,40686.6707605856
41252600,13803.11662020982
41599203,118902.82843155772
43623602,60998.632038985575
44861603,55117.808798153295
44334802,30895.627607521925
47605400,87367.8489938702
48337600,53146.66625766898
44192800,102650.66784077082
47251802,96175.23047904052
42228603,105542.33654360998
44209602,95585.52406750429
43053602,117339.36372754982
47653801,114715.18960895277
49745802,68948.02114715564
45561402,58334.25709837371
49530001,32506.436911710905
42796000,20082.332056779072
45516000,97876.62169106677
42733800,62797.18868860727
45873002,79462.73966828079
44607801,32333.252537103614
45381401,64533.640572892866
41019403,23920.354515961844
49473601,71814.29885214176
45566603,52923.45606082088
42166802,134731.20841798023
48699600,41912.66703223082
43570202,66191.3360904705
49059201,52676.22942754146
43512803,97505.38617043999
43081202,53525.87745877744
44041001,67239.87200909457
41726803,56628.229342141996
47322600,55939.67741296491
47348601,106542.58934424266
45840400,68642.8694638576
44486001,103964.73857458725
44649400,49305.42869812265
41627000,83652.86475207351
42640803,26946.276552986878
41897200,50707.0111461184
41940200,87357.15862730202
48558202,61589.18425285961
45087201,91374.68334172163
46495602,73017.03444072157
49355001,45542.84918313307
41205800,17561.397755148453
48805202,72253.81520885733
47292000,52809.66133208357
41576200,49950.854481539114
42118400,40177.36258967798
47052602,109725.0645980575
46147800,71293.87828855003
44743200,19268.637934864135
45304003,105930.81359613122
48859601,120962.39431054269
42069203,47566.4132293534
45981401,106123.81742386699
44010802,30742.44876274974
48992001,65349.70819030176
41931202,82752.67643864034
46944602,37298.87880550652
47691800,54541.108541153706
43405002,40309.50078157035
44252200,95418.07976812932
42289400,47241.24634884539
49972402,84104.50507968327
49566201,52239.63182128198
42143602,27921.467359854018
45933602,29140.964330162853
46144600,33818.958683922974
47912602,119260.34535573499
45589400,33516.789188550996
45234402,50859.32534820683
41734002,37690.60805353469
49346801,45184.25343319971
45629601,39383.17801351089
41605803,62334.05558295434
41365200,31882.1317555339
42389602,28596.64300839836
45640801,75877.97383869141
41564803,58479.66708409003
45976000,136948.35508298283
42876802,53953.67959513684
42600203,48925.555376333585
44169402,46193.3892481744
47042201,27666.256355846992
48685002,90318.76087260812
41866003,28913.826387887653
44689402,117834.24556965855
48530201,46749.82519043698
44467201,41507.66008361842
41162602,84126.61020528288
44791201,82635.22237616552
44186400,39094.47848808659
45381202,55202.08767605096
48735802,107828.08206477143
45085401,55740.12991813419
47611001,47449.10213913487
45512002,63949.968929686314
46950002,98618.27566423203
48993400,14713.013610399219
46954801,53612.474787401676
45505803,62960.36720437308
45142602,48937.628793922806
44801002,89262.38144729026
41537000,36603.72202944302
49390602,64824.616043131005
48413402,61107.355159055376
44194603,114679.3260267281
44125003,30218.325902417844
43877603,70996.21490687941
48792602,38628.806569200206
41007802,79217.151879255
46569000,30628.705013817653
46021201,63516.035146474496
43228000,88902.00347002485
42283003,63681.56217102005
47917600,62772.46968807762
47620400,38741.930898147104
44592802,39545.19123016452
48077602,68612.31245949327
42414203,27964.28078852416
41590802,57894.70544409651
46952601,59783.04232481536
42678202,71444.13896963213
47773002,37495.371708459985
41363003,30416.742211058656
46389402,37912.72452804429
42873003,61576.818225815194
44952801,80120.30707671517
49195200,114893.91200687544
43268003,42453.04886878978
49575400,54966.72693293366
41464403,80556.20980575404
48762200,19406.850815632566
48185602,86249.87201809179
41229603,15427.307672477302
49579200,67614.5321406048
44106000,64681.450135873776
48088801,43253.350189101155
42908400,52772.285223682804
41232800,25441.645514961983
45749002,50083.586759317055
40963803,87864.82322249135
46881400,59920.07614979476
42313003,64375.94056613368
42677602,78401.84053770942
42756802,34777.8121441187
42600002,57822.68026140766
41505000,68833.7046598008
46926601,88685.87120248667
42587202,64775.1031099566
47757602,107184.91400040101
45307003,93457.45167903861
47043202,37389.68694035701
45059001,108851.6036361582
48486000,67422.4876446965
41504002,56446.00358144667
47694602,42242.60358481583
47879401,93183.48760994985
49913602,62427.22742603521
41329402,24499.069726988455
46055000,86599.60656774847
41112603,46952.417699438316
47484802,80155.86941738079
42626002,86419.36990866037
40973600,28647.04522099007
42629603,49538.262935746745
41603003,41610.90810961937
48831002,66112.58917765932
42654402,53956.16521456756
49903601,124500.52653988377
43992802,97586.31715198241
45285600,61359.92322172139
40828803,28357.520909728613
45932802,64769.460287993556
47597800,51526.49595144999
47763000,36235.581423558106
46574402,53148.17714749319
44733201,104092.47273193458
47966002,67786.16503595049
44343602,93230.4844695
45752200,99444.64273939953
43133602,105248.47988734528
45725202,110555.62628374189
41708000,28228.694872337077
44194802,22864.92906762839
48240601,72959.8398243719
47525201,42918.43545050335
40845202,97310.60521122017
43534003,20574.287773262542
45689801,123913.8798123098
49313400,46005.72003624912
47282201,33991.645297024035
48576400,88417.66981309197
42388600,23823.427015166857
42494600,53013.08914589735
46154600,70454.91360379088
45592200,57932.43160592858
47970200,89288.62109146955
46372801,56863.972073992714
42599602,106057.78467822772
42135003,56544.27400313021
47193001,67813.0845398374
42761002,105144.9889969578
49760602,45755.53889864912
45208200,81176.79484978432
48489602,36611.34508914659
43991202,58635.6650334734
44312802,89748.20923366581
41456603,37360.527550192215
46036601,35020.340805360975
49056202,56030.71872036585
49887601,58676.133867751756
46639602,39046.13143706659
41433400,99895.52638154736
44857401,53294.65047401065
43258203,47649.1764346102
43861001,55979.26123272228
44973603,44570.359494928416
41706200,31075.6330649937
44969603,99762.66875463384
48884802,77152.94444893715
43517000,87708.17496776507
46599600,105688.45852209865
46397200,112878.0040955901
47630800,52969.1404461738
41140602,81248.92945413393
44140600,79431.40218628556
44239803,46456.40051228303
41828003,20870.5089196339
49829801,19330.645432473822
48346802,63510.62492817292
44688600,61572.29205881272
41558600,27347.778779206215
49912000,57572.317889374055
46374800,65189.52093781553
48349801,35205.184401544255
42112800,48771.794838163565
42752603,101358.26946698209
45777200,21318.451525371398
47533001,74090.11783350099
49186600,61752.3863762602
45470801,93322.92534560007
48116202,68489.83455517335
42801402,22317.94109356718
49617401,43282.570748659
48422600,27483.742816426686
42193403,59444.73740928093
42439600,73630.69873985914
44721802,118833.5900484462
49019602,59578.712978043775
45487200,62299.05234498427
48145000,29250.916186790128
42183603,40646.2919718095
45857001,108420.3427899423
47547800,62094.4880004914
42704803,43283.49108410942
44195002,48276.56696879029
47876402,66465.83874961604
41114803,80094.97272921032
47056400,87645.62824724342
48416002,68764.9418902969
49247602,126385.63744741383
49971802,103885.67114944331
41408603,77215.32222683296
45408802,44309.050466498855
40886402,45204.91565764278
48637600,72697.68485790792
41187202,81616.4093787825
42805803,50145.982806901564
44956200,92704.16399716261
44848000,109430.05500776372
49130601,100091.98425907183
48046400,74420.15218076414
44685001,84763.34255715745
46575801,40926.565386400165
48054000,93900.93410105105
49257000,59854.107984154965
48110400,99233.67909677383
40806203,126835.53160407308
43168803,108887.41871619118
48355401,61806.70679143019
48382801,61085.783389972545
44251800,35160.672898227174
46346001,51442.93808221674
44190400,68579.15790009759
45042403,58319.00460851047
49039202,45031.41097791829
47861201,30221.820618696776
44632803,60057.038636040765
47969801,78529.12481423818
44783402,64681.01653037558
48501200,157906.67397826537
49860202,70642.75334555442
46688401,53020.19915174069
47003800,45171.868370811826
45348603,64220.54986363703
45332000,61411.17656586921
44696003,37357.07328408018
46911601,31776.535250660512
47010602,57018.8806850354
46532000,92377.13367613089
45536403,100302.19340489955
42961000,48090.66784968368
44488400,40991.17200758475
46321602,63861.65004330633
42595603,63070.84794469567
47424600,33227.86122101071
42341002,116160.596706615
44889200,21541.677852376888
48176001,69048.29854123373
43964803,106748.29138091695
43021400,61606.01869759022
46680202,51010.13865268736
43911002,37979.78145599982
45624601,35983.68088366571
48907400,33852.299559483385
48529201,37651.306931822815
42276802,68119.45618036583
41281403,20644.423525811097
45820003,106787.14450499366
44094601,42935.6314425581
45484200,51732.55692046797
43440602,72551.3707089286
41935400,54613.046689289935
45415200,96849.91215860915
47460602,24566.77127711345
43028203,42071.14586004853
41542002,63449.826488600665
43937203,56962.965909499544
41725403,83145.48807948855
45950202,31669.832036315867
45442403,24983.877579201107
49803000,64704.05736184588
47824602,41409.63487360077
45767001,50760.95046121377
48728800,94877.13093788616
48407600,37372.63462687572
45282002,53488.765909585454
41114403,24729.63207206266
48535601,32958.81528840193
45561400,90697.60444075664
42777800,65939.83196202689
46677602,70480.15875555952
44606603,56726.587413814355
48269001,59341.4847073032
42184802,58013.67064935884
45516800,57242.757723375784
43382200,31508.35431303813
42175403,84554.15234897121
45103600,72957.65611404656
43464403,59157.92962610604
44240802,77960.83878025264
47305600,103908.11616680115
45639801,27388.597295871605
44166003,75619.00507461226
44920600,71290.7734829862
43921400,45099.655605662505
47025402,56262.52989972556
43412203,49583.14431186291
46571602,70778.73465692883
47612602,90241.05154048606
46790801,88387.50070359466
43929803,28444.654442576066
46088801,66115.41673663406
43979602,80388.34470070258
41465802,77121.28748648598
44985402,66679.92162515013
41360402,25671.10053989468
43182202,24201.64740481492
48928601,86013.92523000712
46206400,46911.45086441249
47129801,63124.96515811195
49538002,51769.57821733851
44307403,69002.90999103688
40837800,47479.07397549733
44268203,70823.53238555316
47570602,58221.492877109646
48695402,29928.883340439737
41794203,84422.30504350735
47746200,27159.21190370247
45134000,65073.95688647699
44105201,56012.94090060863
44335200,37561.03779299297
41484600,45919.65139150253
45312002,40323.40866204233
44701003,65880.45175156994
42968602,56115.9662949783
44407601,107084.98546726682
43846200,58069.3963816533
47498201,87389.11507213028
41749400,53519.68793826734
45910602,61082.45200287133
41256803,28913.826387887653
48423202,96625.45393453895
45626201,51861.945564916015
46722400,97391.0420433563
44920602,69627.15052516719
44904003,47027.881714426156
44281600,62339.373245322466
42012202,45420.07908713733
47146602,58666.51842521674
43904402,78608.6043619483
48507001,70958.64461719932
43279402,28514.13923604937
42182002,52516.63077401255
44427602,85116.94262790067
41251403,30587.616753150236
46571600,61950.21748024793
44869401,63756.61456988
49528800,73003.12687681979
42337603,74674.53958916223
45152003,73888.99996957128
47676601,78451.64670812873
45421800,74603.04240301426
42046403,48327.68520707786
44580002,51746.33272858267
45130003,37088.96879742085
48109801,32017.83983739495
49786600,43496.806107804456
40952402,32638.48422732622
45617802,83072.00424497033
42071603,29775.027719933358
42796802,57678.338792385504
41368602,32417.233994682818
48293200,58011.123899935585
41524000,57607.55344176715
46665200,100759.46202953321
41351800,41735.638129074745
48600800,68070.21677365573
41170600,25570.02032826718
41117403,85926.32877801091
45742003,44302.6098173202
48180602,43713.30107977622
42663802,37956.95286930247
49820201,48021.12127534679
42521202,87292.34156666216
45827402,54013.24680023472
46619400,98882.39320425905
42104403,59799.947990698536
43186003,44452.317418161016
43489202,54451.60379260553
45859402,55863.01365852585
47717001,50190.78303640295
42864800,34461.28829419253
44041201,55402.18456998803
44100600,43907.91129634996
43009000,48747.880925955964
44220401,123326.32284989371
47347401,88135.87111921597
42635802,75413.13218963367
48524002,58242.036245944444
41344402,32778.86440032273
43573603,55419.36347834585
44905600,44229.83749047896
47880201,54486.138357882926
49521400,58177.79165458456
45810001,65046.462502025126
49098602,47914.31023690607
44881203,98868.55871901693
48377201,48508.31246772559
46482602,44079.24133403159
48943601,86499.47236357018
46406802,61272.077889387685
44477800,47645.01087400564
41803403,102252.3589213966
40947402,78993.32723689533
48993001,58582.605424053145
45358800,60601.85757167592
49813600,54469.40428043928
44033802,47084.98638814457
48437001,24119.96761131844
41082002,124933.64526933496
47807001,43259.54517605005
43030403,35664.45941753783
41308803,43548.96787486542
45325203,48559.916632221684
48810200,55780.62642996631
49667200,86145.1826522767
45173601,66882.41637834649
47122401,41065.669092179036
44410203,110165.57616298081
41433203,91893.0189042863
47092602,69868.47175963332
46146802,46790.331196277875
47241400,23378.015634246574
49494800,60576.07616003755
47717402,84447.20853543883
44473600,68683.90876123248
48971001,49642.06529338729
45557403,65143.58191135304
44427803,52516.63077401255
45537803,78900.30690911395
45544003,100682.99100232884
49965602,57052.44919281618
41257403,31626.888249842123
47256400,85056.62441655884
41826602,53431.6308851549
44302000,35056.35677638281
41806803,76600.50900028282
41017000,24040.553281995344
41042200,94386.9286911749
47683400,56514.532656504394
45348600,57775.75572349083
45422600,51988.57906861089
44573801,52247.25213680107
45710200,35369.45819549299
47768201,104713.82781713811
42329400,99275.91716973133
49930402,55925.03413561646
46308202,30632.147431927646
40856000,74223.37603338428
42651803,75782.37152258646
47437600,69266.48856206839
48179600,52576.32579495479
48045400,84458.34978540523
44622603,30635.77193283471
43678800,105566.07399026275
48138401,66735.03589034747
41548200,64595.3391336164
45428002,64950.99072653332
41163002,72751.81532615854
47481600,68730.55980393596
44244602,37456.89998396765
42331202,81043.33940426969
48716402,58114.88772610913
45472803,73964.43057018293
44208400,25860.195541625526
43674000,76139.06826015338
42842603,42462.45958433671
44701402,29616.519419633965
44235601,37100.71898533806
43450802,36645.81070997503
44545200,64913.159626781315
45375003,83574.46983842994
46374601,43400.23795659938
44399200,111093.98794180309
45227001,51954.68163763302
43524000,64708.29813992781
41384802,32417.233994682818
41920603,18519.133802646265
44070001,80595.24136508703
40842403,29096.472926292612
45194201,87177.19670017359
41103202,40035.980239545876
42123002,61016.97330795017
43795403,59143.71212329728
44955203,47658.21537290204
48714001,34870.57437099226
48564600,48660.96132559732
43830603,22373.171413139535
47379001,55322.63562365109
47257802,98716.22495529651
46560400,49307.779348109616
42446002,86350.74058525755
41635202,57968.8465582402
43242800,100116.90360539532
45356002,40374.31742193499
49159801,84760.37104502319
45699003,58925.599377979
44912601,28248.65529085849
42946603,63358.38932267308
44588600,46047.36994310052
44708003,56661.969414141735
41969602,80407.79932805206
42027600,63011.528666412814
45830000,41025.08776291317
47565400,64512.51279220378
46497800,51752.83131858446
46270802,67900.72844387419
45974200,45248.48976870553
43903403,84517.81155751279
48109800,75298.81539266238
45448602,58328.32572576404
45803603,39430.85909669441
44144400,38741.930898147104
48488401,96281.12014976403
43062202,41203.68423300274
47609802,92578.15251409862
43426202,59172.92352203318
41723400,40323.896095832795
45250201,87205.93595645744
47571002,73864.65296778112
45071401,107911.66370230379
44694002,38328.421091192875
43903001,14880.723341380488
48453201,91962.07118475415
45803402,26578.862307775293
48351602,58299.39857989787
49806002,57405.46918856051
46323402,70586.85885440923
43423000,43178.68932359649
41464602,141611.91732160118
46668601,102910.50043648006
41989802,75876.66939254184
41794800,37318.25830164975
47672200,50130.21577379962
42880400,106223.78452515638
42925602,62781.39508607021
44097601,49637.97669142744
44171203,35804.98875081091
40911402,58845.10330333566
49242801,69035.29686639186
46650401,77192.80348070548
44367803,51257.207366475435
42590000,91147.51360811539
42292400,56857.217413979975
48109400,86728.23444158802
44753600,14369.705121302619
44868802,93625.85678339763
44969401,105185.668702953
40916602,54179.09430046521
47978801,90180.3028589819
44477801,64432.58163695733
43837403,84132.18100480725
46332802,116525.59854793367
48981001,52546.546118009996
46182002,50520.23481860739
44269401,65807.23996585098
45311601,59563.18466566013
46753400,29078.65315866985
47417602,31487.261133677985
44073400,100259.28269943493
47706202,69204.55561187901
42907002,59702.61018964417
49681201,68721.87288973613
43799202,41321.79749622862
41448402,88061.26012247775
42773803,70194.73889052353
46396000,75332.4594738082
41928600,101302.48174094611
45722400,51148.795067601284
44670602,66349.76040379371
48505601,55246.05966451238
45744400,66615.02755954363
42846600,40535.912006598395
42465200,36541.31571831155
44016402,70053.78808961328
46198800,25949.38113070929
41237603,32903.74291845669
49388800,74253.9096736697
44543602,101790.0792203789
42251200,54803.43686234482
43389400,55828.46787403049
42526000,46443.09535507773
42869003,145043.71093722965
48218400,12255.61719179851
47314202,66188.14249349911
42983800,57396.331357903575
47243200,39473.24382860726
47681602,91083.19382015987
46121601,67697.89517635702
42597802,67621.11306915699
45230001,48823.452860927115
49959200,44180.51106396041
40807003,66764.04916413904
45957200,47980.51468790554
46065202,105328.39487353187
45197203,108303.22059463682
44548603,72059.04793236809
42039403,33352.29549170027
43956201,67689.42660090466
41291802,32903.74291845669
43142403,36373.671828155275
49491800,102087.0733564844
43888003,15649.396596184995
48783402,82438.79906676197
40885003,28672.925943295628
43507602,47177.231498532834
41376803,28744.274077829166
41340400,24088.84600597348
40994400,89291.10618624397
42436003,62465.77574042098
49825600,93296.32253353686
45581202,32788.18419503378
49772002,101464.68928970561
46272201,59455.957761464786
47298402,27212.949930249582
45315802,29343.19519314153
44365801,41767.3936855361
44567401,93448.63019494113
47166001,62959.04110376426
45579002,61526.16760886175
47750600,64475.40431739858
44390602,76325.80184304259
41564802,54659.15695943721
43811202,98541.48957673482
45697803,37971.86632117919
48717601,59019.68297944239
48649002,77210.21648313597
44563602,55974.34365954245
49492202,69529.35102337111
45938601,40080.065676579936
48424402,84401.74077427416
42148603,57157.21305944928
44647403,58868.241897202075
45887601,71121.82425055678
43889801,30681.830356540668
45290603,76976.63558116484
44337200,51496.82536836992
48508602,89444.64950706888
46588402,97501.26304837198
45890800,51558.1438607709
48448002,72978.20208580393
44921803,66512.20828164305
45996001,59384.91182192343
44802603,83343.96385820069
46360001,48430.00590830945
41589202,51546.49398178915
41951400,28228.694872337077
44121602,63023.76551886953
47866402,91076.64424955388
48304000,59655.62813147732
45881402,24624.369983549797
42484603,45868.33159655273
45444402,98526.04480466343
48371001,46421.65483805435
49187201,43906.73111136719
48223402,62813.5050117309
40950603,56528.12013671737
46001002,51802.082898162866
44716201,89843.90296847362
48713000,36200.5975061606
47959401,73371.7971581389
44263603,111074.1874425795
43420202,14250.518963112974
48780001,53603.422761150905
41064400,29198.584736785153
43774602,36941.04752916525
42708803,64889.1853954333
41752603,34831.94158125577
49459601,55514.76721901964
44330201,155059.80638324816
47873001,65486.489018383705
46626801,39712.466977745775
48717800,53627.457559885304
41241202,36021.72390888257
43697603,37054.70581475186
49317402,52784.788565709445
40815200,35984.984366162535
44766000,51759.17727602065
49463402,77441.48053434954
46217401,56446.21683114265
42975003,61716.834192496775
42177202,32451.984095925432
47373602,70789.72375179212
48621400,76793.94826033723
45628602,72370.3666798102
49094001,38466.04515202584
43262203,51218.598744833515
44598802,111240.7315315388
46493001,72453.79352292458
40931802,108113.3152692713
46132602,57036.45565875972
47425200,61742.35625148328
48064202,50259.19819278603
40985403,67141.71164051138
49496002,51627.0171312319
43100002,77123.71567032515
46917402,100412.96733636929
44879202,60931.11271991766
45171603,92245.51750409415
42263000,56064.591315194484
45436601,62395.07678410558
45298801,87557.39594218424
40982600,29703.185901300316
45237203,101526.13675187885
49927401,80345.31487985406
48282800,76762.50044432051
44390000,93343.61033617797
41369800,18600.527512573353
48812202,69209.82165791423
44284401,70284.33236604367
47546001,47741.25828108053
42778203,56984.732508910696
45355403,85647.06023613017
46916001,34681.432989472785
45786803,52083.43857168979
44781603,80441.74575947321
49656000,53138.04756489361
47217801,60151.08349022738
47266802,41759.39865135064
41291602,33135.28830560493
46205802,84658.19622916025
43564002,37850.73799900183
47814802,29093.902567956087
46512202,83822.40355552937
49889201,64131.75944608361
48290602,47379.24025742985
49420002,65833.90760810091
49491000,32612.70970706301
47585202,8983.006081047835
42551202,27499.441797278447
47687200,63531.11257352754
44992001,85299.63536381698
41519803,73244.87809129087
46856001,28021.94408756978
41646400,108502.4670887924
41284202,24893.2174003654
40842602,60304.60331814981
43078602,86580.42658527195
42248202,93559.51617111657
40974602,59559.729143583005
48211202,29457.626925405817
49926401,93295.79825267367
41838402,34082.971078671566
41937802,41127.763442507145
49535600,36970.81076436788
42187802,70800.58903326289
42470003,92913.89844594646
47764400,58126.158724784305
46959202,88234.30224894412
41084803,52324.73410903846
45810201,93835.63538762552
49713600,59989.446169223644
41459002,96695.53282790116
44546602,58609.952863291655
41125000,38972.25966508238
42357403,73615.50464192522
44028601,56563.58764895048
42382200,45348.30270665191
44807000,54600.21566669791
49329400,31073.828214854406
48327801,93524.57051204052
48358400,89653.0963523223
48809600,93114.78641447556
42940400,43696.801060582104
47318001,91702.79554431883
47082601,107247.68713977112
42241803,43134.296233621724
45408602,46375.94362399355
45691802,32536.62661669909
47460002,28897.38045108147
45590200,29737.595539588212
49418802,83274.985089434
46954601,82414.82356036267
49780001,42317.069433325894
45919602,105561.83387463963
48364401,122096.18073535232
42110000,91194.29229756887
44700000,36629.19167569124
46508002,83196.7702657114
45339801,104727.68084077774
45394801,56035.16025302545
46622801,31811.0138223037
43974000,98100.3633212465
49340600,59249.92848026785
44707600,96332.5626454757
45520203,81358.27144070543
42286002,31981.5660767203
46584402,85436.21416133762
43225203,111340.50257188863
44930601,35395.62685927331
48063002,83267.71915814937
42587402,77114.45931452062
44358803,87984.31660719683
46228401,56931.14218905339
42344200,76478.10880396714
47878801,64711.49466277999
42847003,36942.578281340255
48916800,60025.939766174764
48045201,82850.16294468983
46671000,42789.69030464501
45620803,46239.75475746336
46001202,59397.94017546641
48865202,59577.469742144836
49752002,146264.4957624612
41587802,93499.1949762311
46934201,20482.725135319222
49556002,82766.6808202254
47491001,87113.1990541972
42712603,120324.02549123534
42286003,37344.309409510905
46964801,108362.7461632356
44890403,32006.326911730714
48328401,65001.47189430009
44400200,69236.12058178276
44770802,42678.85073243545
47118401,27451.43721175077
44394801,65830.42573291424
44209802,37981.799812969744
41742000,46799.181644492106
49816801,54980.16792654025
46387001,96746.57880523993
48342202,52045.70269120246
49442800,110646.23402977828
43161600,92710.35185624777
42469203,39787.37063908337
47865602,53961.66252632319
40892003,31824.378335552712
44926001,65011.140746605495
41540402,72373.91659521512
44218403,63050.38818957903
43276203,33985.87849886241
41253002,33824.97496418749
41570802,60030.67315966275
41345402,18139.75265222056
45720400,55460.3471741399
43647200,40497.17657614351
42556400,67492.47709820446
46293401,69391.90573451316
49848201,70863.20989291643
46963402,75556.08786724343
41737002,27804.364626981056
41282400,32076.375052703333
45913000,36086.79610625134
43332800,53979.6704864765
41450803,60106.79414378937
49035600,58917.05637206306
47950801,57119.215863486366
48845401,31752.47676447213
42986802,51684.658134500634
40994602,91953.72105690232
42884402,47237.011711706924
44045800,106472.67597108158
45430201,71595.08242562198
44381200,47004.394747468825
43653402,115798.6331414692
43891401,70258.22950994705
47805800,38827.65767298941
45305402,35419.316569355644
46423602,31057.303017790415
43846600,47837.09130008915
43416802,51997.459782196616
46234600,53437.26659097551
45090402,96130.60928545686
44167601,83620.7508663382
41549803,135956.31167733105
43261600,25070.09773310845
41153603,37737.501020460084
44864003,96898.89878646012
46040201,44903.44615048749
41470803,54077.572734727866
46628602,90682.79598645218
49685001,79237.33379314384
41375400,29761.855641225284
46257402,91014.84800910333
48681600,63875.9976347491
48596201,70385.24858205694
42798400,33717.158515836076
46312000,62174.94349376192
43230803,57677.71919777736
45777402,55841.6291570219
46103602,80978.00646745044
44804800,23342.03795317506
47241601,87378.42950051681
43788803,77991.90783509811
41113002,63692.95017265592
49217402,86693.14457149868
49353602,24488.863038808435
49180801,59048.20042604463
41619403,21299.78566972389
41359003,40682.91594550295
48596401,63330.13761564894
45239002,33199.0919372419
44415802,106568.09856566515
45514800,100793.19850749364
49623201,69354.20767614357
46177000,60532.14936360125
44649601,42799.215837826276
45681400,35202.33227063639
46072802,36193.19999805258
47676602,77239.78654245756
46509802,67521.48396144254
44138402,83849.33985792594
42092803,59964.18704281353
45514600,51470.26150838904
49613402,29986.41543796857
45406602,47449.84525459927
49183802,91813.76964756617
41230202,22638.872672879337
47861600,51354.027422453095
46606400,52892.0050439514
43562403,86463.60665266801
47521400,67204.67262326022
46737401,106816.16795651574
44926801,106072.45206115114
44919001,85847.63888236869
44574603,48370.2891675952
44787401,51351.27166944979
41866600,21466.189302082483
48306802,57067.412568064145
49305202,21697.785016974864
43793402,78381.31788160399
48603401,69408.13654454394
46239802,60454.69247810904
45833601,49508.30557200543
44061400,45525.59197740218
41365802,32417.233994682818
42031003,114548.64732308126
42034403,74407.04208531766
47544402,52606.52094668441
44753802,88233.85907694785
47833001,52840.71816483781
48247000,30167.489674097076
44961200,27387.880459313074
47483201,77172.1951691221
41723403,37915.50686938916
45411401,90759.88799571141
44689203,39418.07001111067
45820401,50411.92821497739
47987201,33019.35564720582
45583201,49083.5029744769
44988402,44702.13970610198
42144203,57224.44593667298
47353200,87337.83494936835
45612803,81308.55305579651
42056200,51328.42718608231
49202402,76539.14817262448
45973202,69275.35122734726
48410602,35305.65662628943
49490801,61644.37482318262
46294402,99987.75859203392
44224802,104045.99671580708
45524402,42854.699481730015
43378003,46386.79701618216
43143403,46313.33705779554
49264200,45780.04405356804
45593200,33698.342524211424
42982403,46822.743557418034
41670600,57395.60360702089
47049000,24858.152835012756
43654202,58169.719369246166
44747800,34990.354665190775
43021600,48563.26406278231
45721400,58014.89101812535
43534202,83290.2759789219
41460602,50080.155868862355
45079000,10183.847953523757
44627601,102463.02201089628
44212202,78663.74501221634
42765403,51740.95342065467
41666000,25441.645514961983
46401000,102974.04184281518
45604603,67630.18044280325
42243400,107320.05465145898
47898202,60616.22907291343
44891602,39310.82940603847
48186002,118821.20634462229
49474800,83891.11585294425
45608202,67470.34355535904
44789403,87272.65166025216
47762201,60272.851540766474
48350202,58105.86983267856
47625801,55906.48699890948
43581402,42996.60985703983
48496400,59956.76716199561
45364003,84887.29863215933
48371802,54162.06161129834
45961401,97653.24927143197
48593400,54731.78831973669
46922400,23840.70770248976
43904201,103521.81824271861
43820003,83181.50384888683
49251602,54516.83722634266
42635203,90069.09432260074
41338000,29767.487246742083
48206000,47344.94099498834
46868202,44077.124823904465
44453600,30776.78266040257
49014400,88767.01196172068
46584400,41357.049962110825
48786202,123655.53652238757
42906002,24814.17145884752
47597000,117459.0789086804
43335003,63132.404430987764
41504600,47088.748080423924
47875600,36060.651013394585
41009800,44575.43546212656
47887002,77268.73906541521
48918601,55529.66526456821
41284802,20035.73102157796
42028202,66596.46809405742
42470203,47832.47902554309
41851803,89036.8506077612
41214203,21161.86100500444
43103202,107347.8131286971
45252202,40027.31040141126
45338403,45629.29194679492
45981002,30244.24558059836
49329401,83184.99619938056
46344801,4554.746074747584
43746003,55451.2771303097
43938602,41170.04773724922
47420200,90203.15131240137
43041000,92661.08506628263
41986402,26675.97273998198
47089800,44301.69670836817
41264602,14438.558331114129
44834203,82724.59290828933
42868002,58244.73317724996
43992600,59690.92123563815
43726000,67136.452635169
45875002,76893.1583731087
41981602,120060.47465445251
48911400,40818.0374734049
44678600,35803.61785213459
45250202,74079.87306217759
45437003,64479.97274070698
41042400,58548.147161262765
47025802,93696.0605632969
48720200,24238.731726248603
48009201,55628.15424376958
44023201,20926.45721333134
44884001,147433.80048858636
44221003,89024.22003881235
41649603,40493.64490219906
47691401,47175.95367677874
43862001,33355.62636305941
47465600,36510.46908131293
42608003,72145.90113935055
47837401,53723.05766450506
46734800,110748.95844058703
45674003,68614.33857555712
42485602,34578.40616965455
41957603,50419.42788889604
44571001,66524.61833046937
44746400,17139.743271577157
41436002,53668.1191514913
47345400,62103.43617720842
44221200,52722.15253366594
41198600,49240.964567138224
43000803,91651.24063471805
49139602,54684.93777855973
43969602,61269.97271842593
41301400,18354.151374664812
41743800,41740.08443095467
44080803,36263.246660845434
46270801,72600.93580778768
44528400,129239.56893697522
42238802,57557.991970592404
46519000,70829.67159927462
43420400,87353.59974069268
49845602,65123.179046260775
48752802,64798.71439974512
44500401,87954.41141350601
49995400,49422.90338105522
46064002,79034.85711622128
45991001,85105.4999606765
41172003,64768.438574323955
46510400,106053.33923440972
49907201,48161.472998804005
48922400,46144.71583853341
45396603,105928.03543523206
41467802,64613.41835610499
44012001,51069.267808413955
48687000,54990.049124368285
47138402,124888.39039466069
45987001,58177.193635112555
47523201,97621.82682606396
48136602,22190.532596742236
46520801,31438.25765816952
49698601,59830.5312323039
41026203,78554.81060316793
45239400,50265.47857784312
42661200,67375.47814632971
46886402,89167.56940269865
45991401,73259.8238073176
43026003,27845.279484547173
48201600,31750.96433817993
45250402,36928.74652617331
44012602,60759.96547792272
43160402,53946.43798445877
40899200,66037.99850768798
46347202,33603.59626250624
42168403,69930.17493645466
46986201,56289.41966581047
46924200,68965.61799442554
40864602,66216.5623743273
48150200,52468.749692074
41074200,47478.10989644827
48098402,50964.92791287521
43294203,90210.55872098291
42405400,50712.693850221076
43861002,58050.22691183585
44945601,33620.5820221306
43439202,102779.87219198492
44926603,57439.95082874683
43068203,18497.119089628868
49635802,35831.749762148684
47346602,35338.07144407712
49547202,56640.406095992184
42407603,66039.83262217185
43750203,46902.609114485094
48356201,24395.89304544091
45927202,86997.64118521297
47148400,87253.23530653445
45789002,48184.211125232316
46313402,61767.86255617771
44775203,64743.87989577193
47327200,97868.62508103953
45201802,88819.59314498093
49924400,109637.05989113421
45076401,80306.87156026813
44717400,109004.54529043668
44877200,28071.624862867273
44363201,39314.37163638021
48617401,47002.94972445781
41582402,26193.53360857197
41167803,64213.36176902426
46218801,117432.631610913
48160600,52262.17135372109
44884203,106507.38077920143
49454200,59169.391769149996
45250603,30241.4603659474
49718002,50743.45385292144
44615401,84570.60026078693
47294802,50547.893172327065
42494202,60991.38938589579
46690202,64416.237300839704
49508602,169928.85111144095
40993600,53224.92427549371
44246602,49740.69161299347
49041602,30367.98191201188
42536600,26675.728700637836
45064403,52884.61587156322
44264201,66489.3147915085
49382201,68076.49955485896
43468202,112218.80436825668
46710800,52816.216805995755
48841201,77935.05674115078
44380603,129965.45106403239
45536602,81654.71938464395
47893401,92874.95549552042
43374202,60528.62909836944
45610202,29192.52227457736
46695801,84327.84795444162
48443000,87481.21416082804
42410400,98467.40218841347
41082802,63550.92231920341
43030000,57204.961953700935
41697000,58919.55990754099
44356603,16003.688818701605
43301003,28944.97428010123
44840000,55601.722108145776
46340200,112458.49962808729
43531800,85590.69858748089
45163601,51246.768093738865
46371600,79084.42541515078
47387800,90420.26160047819
43739803,69090.42450886792
49842802,50382.81708307287
42625402,88023.16469325095
47654000,23055.94661067373
47431200,47758.66530056718
47020202,40711.20967528442
44109000,45157.999605070436
43369603,65873.68340702965
46338801,65466.94491512581
49824201,81564.51804504052
45191800,131059.41626050705
49502801,86099.17840965063
48821401,42579.63668418632
42788200,104167.19472304695
44651001,27540.494263599692
41419803,65305.432132033886
41295602,29145.93072491034
49599000,44865.22195516494
49886402,123414.00643510594
45568803,40605.82900560958
43137403,63638.87225333179
47194600,53521.54971432449
47533201,90623.27027706578
45862201,33046.427700287124
45503601,85431.67571044994
41498203,65626.20708594583
46142000,62559.86586091845
43120603,98062.65259750295
47870401,43977.532973076566
44591202,45803.820224132636
44179401,62552.92183544415
43258000,62967.107864581536
45291200,59758.151166084965
41499402,69042.60034312076
44374603,50267.70825360901
42045402,25338.218924258952
47028602,55768.25374366657
46265402,63476.93063738709
44942800,52564.26381438287
46677002,28215.391340807488
47476802,40295.22277247391
46986400,59809.05622158479
44834201,46588.05085796457
47551002,89830.07759155713
49428602,36831.27067406805
43654403,25332.324028630723
42115800,53090.1753539228
45878400,123039.084076829
48689602,68523.37849838407
49056001,40638.59021756146
44385203,39882.99793310615
41354402,36577.098989366066
44663801,102511.00847018414
48767402,82138.21183087738
41029202,47155.06460043519
44004402,75673.53445555289
44179400,28921.369771035632
44204200,30731.355016673766
45287600,55289.50697598154
47227602,52815.201838736466
47143001,75998.6109779491
47734800,90031.31874508821
46280600,56863.46340100398
43077403,60979.79733321696
45592601,58292.45628895098
41521603,72080.79778708202
45971802,60408.617639377015
41943600,78906.61902750182
41548802,73015.89361109101
43975202,108183.7453559152
40833600,63772.43156170562
44854400,48992.11536549981
45424200,60099.1653982486
41247402,16280.19538916379
41447002,34797.56502545929
45884602,44281.75779286392
45581600,85673.86990552703
44799403,32858.608187494705
41547002,20437.817947385185
43286203,56123.77194926834
46915601,72261.7570457936
41044802,83380.58191436522
49632000,51103.68285843624
41584603,64670.21787233577
43998802,69720.67902272381
44198400,95304.36570497535
48446400,54572.96290707783
48023201,64036.863668324426
45163803,79004.78168574355
47409602,44112.98147618238
40818003,46175.16721308151
43351602,54433.48704590181
49685000,76440.92075454704
43596402,75211.22222182866
47852800,72952.2627704659
47363600,98253.32023393431
47727600,61808.46736606181
46748600,67939.41828204882
47180800,106099.40486979025
44618001,80840.48662600854
45462003,70570.5058193412
44864401,58002.222984720494
44347401,51025.51489893159
44789003,90145.03246025357
43221602,46580.967822710954
44644601,62023.19975213193
42074200,54739.59066432275
48229802,60117.861377402856
44455402,156347.30235045255
46853402,71424.4449087679
41533200,64754.22491274895
49160800,72318.90993449866
48774601,54984.37596659446
44811801,56883.366184186205
45488200,69701.21110124548
43678802,52649.984727256386
45923001,42701.626609730265
48131401,81393.68871767746
48148200,46882.04302238068
47946601,20707.7200062897
49614401,50534.961557262286
42149602,44724.90512760093
46172002,57716.59789050016
49871401,51880.113848758425
45847800,48639.5076705803
41695003,29038.704906021594
49105400,42972.188271421204
48276602,60315.45708740185
42928800,79022.47679818902
41549400,30139.94808607972
46557401,40829.3818417993
44975400,87738.15672092556
41785800,53677.47953182846
48215200,48431.08536215209
45195003,77842.48914879997
46994600,55260.67678366832
43760402,56880.21298427814
40859002,69512.71518483748
44672600,108322.17613403611
48781802,41607.70434632604
42019802,79330.09433444998
49104201,29531.957640739703
47530402,20573.818318905924
48110602,55544.07293021373
44561602,49386.783088337754
45722402,22281.571268243562
44887202,97972.47790070194
46107200,52716.16099948883
41055202,60941.57393004556
43140203,31600.05070327729
48959600,41006.7835067675
44637403,29631.521103624025
46403202,15846.923563155487
41149803,46843.268843623126
41256402,32258.076218880444
40843800,96470.59860092207
49866001,45073.982454230354
44711400,35897.64715833966
44905200,68264.46607655271
45319200,59243.54787943352
47719201,34399.25748212246
45090802,142044.9020471864
46923002,39753.45233051459
45840202,48448.960734500324
46203200,76830.21167571972
41757202,33201.05967670816
43276000,38902.88614415483
41434400,88637.61052931966
44901203,47608.091099509926
41322403,51267.616659684514
43383800,39789.1960003264
42392202,65330.79021900282
48130802,79137.48235850867
41047603,52227.77537935735
49466201,57494.098236117476
49230401,53417.59286662221
42419402,73764.26512309864
47274802,77749.72063656413
44143203,52248.317960041066
44219801,29915.58755675104
49711800,32439.90988889704
49537400,71645.46480778421
42705200,56234.15846142469
44544600,56668.46868621399
41248802,20640.568907614925
47817001,66314.9467549443
40871602,112088.44971471658
48578200,39516.95042728106
45416601,70632.51224888557
41933800,32093.732884772242
41146600,55153.3566096714
45218002,51851.263343170445
44380001,42503.89534463258
44545202,74587.75869251782
47497802,37482.61992689044
49422800,76981.74039311823
49234601,96963.11504331816
41498202,67630.3318960401
43871200,77070.45420660033
47712200,49596.693420873205
44232800,61199.46280781661
45317802,80972.83525617026
43265002,98262.49089996389
41256800,28103.816354203136
46830801,50108.82197128096
42556003,39317.31361597537
47755600,82050.188420174
41359203,30741.042344819114
43699202,122591.60702754621
49535801,88833.01781411708
45155403,110889.01618951416
47559202,55918.165107212706
48650201,16915.034058899968
48200602,31073.65257201311
42594802,74013.42565212635
46033000,70470.66639577686
47010802,88643.13662671446
45005201,64387.04857469548
49867802,57227.05490635935
44908002,48174.08119931355
42832800,42553.028447423836
46279201,64654.39526370419
41221800,23041.934657819565
49433601,75352.52368751634
41211600,28055.511495078994
47642200,49153.22134236938
42625800,88208.17749041946
46359001,51759.28913227421
43685603,102775.55030510471
49868002,48229.617668371015
41246602,29145.93072491034
45065402,81567.08568861216
41699600,96075.81299871631
49101401,73977.23650229159
48844601,141776.0565512991
47863800,55637.759580025886
41042203,36807.042442704806
42148400,133388.8847526723
41837603,37705.00640973558
47638000,37339.69854283465
48681202,57884.06710905106
42716600,108164.388324619
46160601,46461.533579598414
47351600,45769.0998429504
45640201,82511.37895487902
46380601,96130.73033523718
42258802,90149.50074134198
48906601,77064.39672078674
43794600,90549.26349403309
44934002,59684.057577429536
49126802,46754.152886845644
46778200,68187.97071710418
45391203,28835.558498315033
41364203,25671.10053989468
44970200,89811.50342466628
45937202,106778.08757479256
48152002,40451.69961679622
49578402,35764.0701746491
48441202,67652.55180297383
49887400,51250.42301053336
41299402,17435.4126890198
45161200,63253.15961842022
43690203,99244.57877950654
49191202,80731.57828701183
45691601,116464.44796466728
49687602,52247.628870786524
41233602,50405.51879810801
47040601,74454.65010770224
43809202,121561.32533235973
49700801,90106.3418034104
48624002,69948.15515369443
43155002,79123.750007166
45418403,85353.63578207666
46608601,68422.19463143269
48337200,50272.66322858967
48508200,72641.08060995076
48686200,82722.55713481166
44421801,59477.61063218985
43174000,76984.014833588
41870003,28929.53612303177
41808200,90708.8106690762
43905603,111300.65363278505
49822401,58423.04328280253
44486802,119118.26577678666
47576202,59351.06234212603
45532801,25841.183649408067
42150402,41856.31200551811
41358802,19306.312184404906
46837401,43717.83593976598
44163801,69257.99461563275
42039402,46069.713359391026
47694400,45972.20585119544
45902602,29139.085346094143
41297600,25405.58154473412
43843800,68207.6476789365
46876601,70700.9032355135
47910601,66087.51875977902
43277403,41638.03491696513
43368403,70126.70311009685
42474403,59709.42410132603
42311602,58087.90765791414
45014802,95112.09192735224
44810800,78907.72616424836
44641001,82835.239210462
48335401,56628.26001614242
48340201,34227.1489901165
49678802,62312.88136137208
46705200,39013.64122973505
42725600,95598.40061341919
49792601,103195.04529074536
47592400,97127.47142450705
44487600,63527.2567430787
49177402,140313.93928436146
46009400,58070.11474716512
41181402,58343.54109812087
48683202,53772.80606072916
46375602,21161.5459957888
46068601,68087.2317481055
45544400,96730.89982886126
42472003,40949.72899328374
45300202,115519.972522537
49968201,96210.21887423155
42770602,71345.25897535625
42677003,49316.14582355774
45110801,111218.23310567424
44525203,85615.46166842754
44760001,57975.50570004719
41026803,84899.40442639317
45221802,50912.30615732911
45841403,80611.34833071116
47533402,71947.98039667848
41482403,77486.78599006752
41572602,54907.46245456955
45194001,62715.050611594685
44493001,39450.36109934216
42283603,67495.64218438632
44985600,24436.954971879943
41555600,47909.00405583912
49748602,51667.31352283495
40808602,79793.98675117154
47299200,50813.43643636393
46759002,27217.386815708775
45064802,39069.57947673366
44633401,44281.28407755071
46587601,52893.31101265443
45212200,60488.77085866812
47417402,123291.67452431633
45370002,41274.668108546524
46383200,56054.36674393093
44172800,47647.888629588684
48063601,57664.518436249185
43155800,81088.46056835816
46678400,91352.75896860167
45310003,48823.63783163446
49758402,46521.67296000639
47760401,94561.90407129057
43623803,57889.66312406653
41812600,43229.37968140946
41349000,17433.967980389007
47207402,106766.68190733533
44260801,45461.05441124915
46104002,72261.40143170088
44085400,35708.467587425745
43687003,29485.877651199327
41254203,29145.93072491034
41893402,69234.57030151619
45875000,58407.85657972325
49930002,105649.92037474246
44470203,73941.15992375066
47856801,35412.72164059404
49544201,66737.05918591935
47735402,65212.551686808
43045602,49723.33522238456
47723202,62189.8045614813
46479000,40319.1850719721
41319403,32903.74291845669
42079202,68175.17964569335
46612401,46827.504637184014
40882002,78264.80336452024
45357800,59332.57592227086
48979200,32385.937567183377
48576202,69936.4749540747
45392801,53198.916327438645
45167402,64674.77581776164
44009402,69708.67282088817
45091001,52920.44013935454
43857003,77498.96303802685
45537400,35480.15799995265
45391401,31239.62879824881
42518800,86303.06229043259
42461003,63668.03645917156
41569800,38077.742709020065
49635800,51021.39968689182
44454601,82809.79117156914
46960002,118844.18880376602
46310001,136407.25871196043
49482201,94342.15024733875
47624802,79998.18786707596
44110200,47600.17755861209
48193402,48693.5641903352
42640400,59685.60968708424
45055203,40363.13927876031
47571202,35180.50659477232
44579400,24350.25113706021
44156003,77306.2839902943
41969202,71296.58472501714
44387602,52259.80553293046
44047801,37533.899873383816
41531800,43030.298640690504
46956801,47121.530502583446
46590202,81224.34902224524
44324003,85146.02096496668
45580202,63795.64967382875
42824802,84506.4673767265
43794803,60473.380510484676
41535603,105886.63323439074
49870400,90989.2580957637
46194600,44424.02851725239
43064203,50577.10542425904
44664003,56790.362125237865
45638200,39178.39926338534
46517601,19524.351867595673
42242802,57035.343130819914
41088602,26836.49207061163
47475802,47215.830318234715
49411802,82219.95655132073
44937600,77634.81490759178
48618600,57600.25950090403
49328200,69608.03761271675
47712201,42541.28228617986
49895602,35585.91749502008
48614600,22622.542068165447
49023802,32954.53143427602
48824402,34207.25120408732
45195401,54125.297032506554
42418603,115443.4478543413
46910000,95750.72948578109
45645600,117177.51750247943
46398000,71976.84202892981
49327600,43247.299213408834
42102600,29001.41888266393
41037002,26981.778667429735
47031002,70227.76410752529
45849000,93570.03144219513
45590000,66747.71640467178
46747200,53092.94387739572
48489200,41081.15564302943
41494402,27055.704793187986
42600003,137988.93467699012
45055603,65786.79357657797
44120402,48881.311749304536
49006202,91581.38830480642
46279600,62020.4692731575
46998600,40874.54720439069
46408802,83351.02276190276
48466601,45885.95712123088
43103600,73314.1028199579
49378201,42150.78604903589
48688201,38149.740049625754
43194403,67165.89523114923
40896202,40222.40712433395
45622601,68333.38682164991
42733402,68614.46870043664
41047003,51970.63918604332
48169202,52387.73435533282
45087801,32462.604236216554
45026400,92478.38414693002
41794802,46160.669199936114
47776002,57642.039436692445
43549403,76616.37642125382
42629803,95650.01962762346
43863400,30385.563962541044
41696803,37794.309200945594
49211402,64532.23920376307
48518602,48846.74544657572
45937201,70367.63554970034
47781800,92747.44663936227
45804800,36151.613686173485
43414402,45380.87799802987
42640000,45217.82110810979
43173800,52681.66277698774
49629002,70012.26216615604
44551403,27270.35565842942
48318402,52943.748825412265
43878201,103875.47157432712
44556600,43517.92033089876
46425202,125253.12061529295
49361400,40433.64524359177
41693402,22800.792957929614
47485401,54346.92192736862
44864403,58002.222984720494
43614603,49532.97286486712
41124403,57563.80644150641
41997200,29416.64081221222
44877001,45993.6904142477
43082803,84790.2758191291
44517602,62041.37956782545
47463000,74229.3791613785
43468200,10552.40963956254
43307202,37821.4066933887
42979800,53588.81207236017
42537202,58633.012447101595
48433600,86466.3529093215
40826800,52260.41691581521
49024802,54285.846024511455
47218801,106561.16539138844
47893200,61608.56509482034
42403203,42730.75503829481
44559203,75550.36583292321
45123201,51170.49305188712
42848802,33250.73324680881
45623802,66553.40125199236
46835002,20593.069200844475
41792000,123209.36809240702
44115803,88166.11902382
49642001,36072.42653554398
47577802,88801.49759564667
40861003,57927.67176366403
44910203,50575.048302899995
41374802,29558.53656246153
43115200,70464.93474922006
45996002,76373.63999610487
49107402,59941.812614455
47896602,103152.53462952668
44918203,48180.95745796607
43639002,79852.47061875083
44881201,43126.006076689875
45651003,66250.70784343997
41306003,23085.613495339363
41239202,25109.17083181313
41477000,71164.60554408318
41049200,65686.72747399479
40972800,85636.59349544585
46349801,121651.11548799265
43566000,43734.18322681728
43940002,71127.65440077432
46069600,22998.473131788112
45773202,47858.67096104938
45704003,64391.51353959074
49030201,57581.45349847323
44448000,94979.36074262868
45175202,73785.40336558144
46579800,70203.75378126133
49540802,58733.42156056398
43596602,82022.50323500804
47077801,112227.62276872639
41936400,81217.35539921728
45906801,100390.30670619405
45637401,67341.20004673243
48078800,70871.87900874259
43990403,37682.293655871006
43658000,22444.881286500935
42612803,42711.75058801122
48829802,79080.39850078773
45499801,47931.51994010651
47257200,53000.89646355786
43183400,60394.114803112956
46935001,86149.98116577795
44863602,54888.14629475161
44012603,95512.80879573019
47820002,38158.70935805988
44158800,43420.10703812492
44428403,22004.985805174227
44118003,54477.878611350134
49289201,57825.53827679264
45666003,66347.56317175314
44387402,65692.45606285645
44451200,77310.84355221405
46364600,85040.6985356192
49859602,60072.87058782603
41599802,52859.33580631301
45298403,42132.996548731135
45862200,41995.56015241877
48155402,41107.699054129786
44002002,23855.828761616795
49489601,38167.12308342419
47488201,115801.84020696004
41086400,45337.83351753757
42778000,82245.70843418097
44032800,73873.84229974792
42665803,42204.880193998106
44151003,19890.578096505047
48032602,34171.220231498926
45456201,48990.461196857745
40854603,65016.37125378135
45686603,49847.38637034502
41114003,102503.94055640041
48047400,57353.3287830502
42967200,68644.43245028527
42307600,79094.53921415395
46638800,41535.846519560415
49529202,69167.93476321538
46047401,76509.05337307112
43668400,82090.02604349787
42751003,125818.00226332134
43027802,42751.06800467294
47694402,44472.31341569614
49683000,56703.720005138064
45624801,43509.928843169975
48234802,43565.808655881134
44581202,48283.66398073645
44632403,70065.89866908485
41761402,118516.53376944491
42645602,28334.366881743284
42139403,89692.30518976848
47809400,68410.28906947222
49166002,68383.16449019167
45502003,48475.06545584475
45541003,77946.48339609808
43180603,54585.741949522686
47457000,69395.71307912811
48650000,46091.37642692518
43366803,48758.54837809306
41897802,18307.7987828362
42237203,22927.1582383977
41338802,30058.649842796567
43742403,34308.17567853678
49732001,76742.15684285946
42894002,53535.386990621235
41624000,43705.10294766111
42797403,90890.13723712071
46371201,52963.19280664842
47227601,18605.476731110335
41984403,68172.31137269808
45069601,55155.028997538546
46166001,60471.36946975812
44382003,75027.96136114206
45100001,56673.35540186907
42122200,75963.17791543157
47134800,81455.0309927679
43796600,41921.99157999826
41979602,20129.396363517135
45669802,46700.075175382364
46474801,97856.7127548131
44849800,39172.07707773557
47021801,42389.25519198448
45207800,59308.797321363425
44950003,55360.620045038806
46935600,42728.78358380953
45439603,15222.932818216786
41702400,31305.275251230873
48029001,63337.05653954855
46945001,76302.33765182509
48616602,81832.44465453205
46189801,118126.30392649038
43558802,56471.31441671317
44725800,70524.39149371843
46633000,58476.70935058662
44454200,78562.60491667932
41045403,100694.97218937878
45423401,53670.256667398535
44107203,87003.15628040156
43124202,56626.06395716387
43627803,85431.94430958237
42616603,21449.309477797564
47923001,56447.0331305103
49302801,51083.454139295936
48277801,35281.62941168646
45317000,104025.96278377986
47167201,32493.53115661847
46333802,79805.64543523183
41849000,29123.811329117794
45199003,48108.721467522264
47347600,46173.246349649955
47869600,41299.86056168885
42538403,57681.0089714121
42337800,49996.627041724656
44988202,41578.786927986475
49336001,71641.58932906123
46003002,72238.37848973193
43848000,48705.545284702566
49907200,66808.40544393845
42223003,30680.06667344557
41303003,19059.936046496365
47291400,81685.42482527783
43935002,110944.9024119768
43882003,51894.7035283546
45915800,76181.01177595054
41726200,50691.81717093022
43002200,38558.37330335002
41237803,32903.74291845669
48938601,22021.49755297655
43167202,75879.97910109056
44102001,79179.87770586876
45774002,85386.37443224246
42634203,98911.59767339764
43797800,53563.37177985112
45697601,56155.357059206304
44556403,51439.6023614319
46707601,72501.10299458676
45259602,89572.12431300101
42338603,57892.014272062515
48546602,32334.618899874073
43377002,104986.55817371156
45384001,81318.52221145511
43234002,69465.51800040317
42969400,98896.06086190017
41119802,43579.65115488357
47232602,99471.50700066358
43815602,47783.70758047744
48071801,60145.597329069045
44303002,76062.48134891431
43364603,23442.422607740755
48634801,68730.51017267501
48898402,50375.84274477491
41255003,32903.74291845669
49355601,67058.26167694239
43757600,61690.678460083276
43570802,115949.208730189
41377002,28744.274077829166
41571203,82260.5888530901
46665802,89439.94280174439
46955601,76620.46802421626
47873200,55675.97405578589
42752002,32362.768086619028
45309800,70872.74109654715
47872402,51238.28401629956
48097801,66361.48183996724
41129603,53749.96368171432
47776801,86319.90923959442
43133600,71132.02477481791
43306002,87764.93924619451
49005001,75542.13201493523
44438603,63542.26252735431
43767200,43968.37322883781
45711603,49038.02189922899
43914201,61481.53080248213
41307403,19059.936046496365
42963203,48018.42380612798
47371001,68801.13899341137
43950603,71388.60053625547
43868002,24068.447568544194
46090601,94075.38680617124
47713001,46250.809188271814
49064001,60028.37717629413
47629800,91666.92927875255
44254803,43247.80150090808
47700800,56053.95173641622
41051600,33721.57264455343
45170401,61961.911794551095
43815603,109035.63342463643
45489800,45056.68150915927
42759203,56410.3097797365
44681400,66500.52795130805
47847202,45335.86634862253
44020603,45641.71434908129
43588800,49009.985993390546
48858000,49125.589216346096
48521000,116250.41322065257
45483201,49397.42013370041
42566602,45666.636064773884
44942600,69759.49625405052
41389803,26617.607877555954
48888402,72334.25633381387
43387803,76972.81862610186
41702800,71876.04196198109
49288800,108654.32268966043
44353400,97813.02194795458
46670400,84729.94676114764
43262003,60636.70909721012
45459801,9857.32777703282
41649602,42873.936969262206
42861602,42711.38283012493
44201402,29589.857042550684
44976202,48944.37832170407
44583802,30415.82622774778
41526602,47214.28074446833
45674202,35898.00555157224
47844601,35000.07930495357
48283602,67254.0703735816
41582003,32886.38508638777
43552200,84817.68913106289
46297600,22616.450285390187
47128000,74475.59514074841
44404801,68262.96000430781
44532602,53941.57694898947
41950403,83030.64723526804
46937401,48394.836939486355
47243201,47773.519633955344
44689201,40015.89753394216
45191400,58526.73730356198
43788600,57268.397251521295
44050200,47147.25008212203
41364802,48787.48367183737
48650400,62176.45127209494
49700601,61118.51198313489
45449802,20271.315646051513
49700802,73436.31125577373
45103601,48541.30406699381
41890402,17721.72538695886
48916200,63632.25116134394
46717202,101298.01413506095
41830402,21381.68146373169
43544800,38835.74052031202
41571400,52753.238039720694
47788601,29771.650849343147
46588802,60170.36002722295
42732203,52441.56915895952
45951000,50628.29991581362
49759001,58724.85818985584
46342601,81068.54085834276
44016003,51242.232956352695
45074403,99661.02679332504
45721000,58014.89101812535
43059200,60031.920970413565
49245600,93483.314267802
49622600,55434.881455540155
41013800,51335.34271856159
44488200,61586.20805612936
40916002,82257.60959170341
43552003,57048.49977377271
46175401,101447.18696785952
45523800,92791.24416359971
41230803,38263.643445632595
47788402,104930.05656363851
43028602,80542.8387272251
41934800,106678.76585912646
43728400,56373.65848692603
45750602,88099.58190851308
43189002,72275.32304317279
44257003,52570.74893749395
44873800,40421.76775710608
47792402,65228.87330346709
42081200,49752.621133376386
45610201,29797.770663313513
48613201,44039.486672076
41902200,82693.80589882453
45898402,29632.542854590614
47678201,76710.15204091532
45386001,82807.04421887932
47315202,48687.618230324566
47793802,56181.141945260824
44787201,46579.26635290752
46001000,24032.007791636624
44891403,54409.41639243676
49242000,40090.512129007984
45491601,46084.2938468124
44536402,37277.86437561618
46192800,22121.637088554206
46076600,45601.46821302519
47478201,64526.786582322624
47003200,74967.11578687241
45525803,49572.785982126494
47914201,48718.183567737455
46444602,44152.17335458322
41370803,40581.07035866447
41612203,69869.27855446479
47256201,54828.47941696032
42946400,72970.38490915643
42543403,112722.7474878318
46947801,105473.56020689344
43723600,79175.10615863113
47730400,92701.036427892
41942203,82358.51912642935
46043601,91807.82728506856
47740802,59079.726865228746
44281601,72556.72523332767
46436401,43391.26710294844
44333603,94422.35418941708
43881601,55132.28259244903
44437403,52516.63077401255
46146801,27700.82701288274
46118402,42521.2263525626
45227601,74709.60292787827
44765002,61028.67433760752
44985002,118178.85893862727
43755402,80940.58057623732
46351002,91142.75878893216
41719003,61111.15955576178
44843401,110568.1025108881
42984403,49918.021121617625
41338803,30058.649842796567
48631401,54706.47771940222
45850202,76946.72864949683
48233000,41043.09909329599
47281601,28129.948664547195
42857800,51152.98381239728
44821802,67118.50178163392
49568602,38597.24675174509
47692801,37226.12733490489
40970003,75876.66939254184
44529403,89101.47283191368
46328402,34783.43124320601
48830801,84807.91920398996
47030002,53371.65193520759
43531200,79803.88142614224
48441002,57627.171120582534
45051402,33631.47228374798
47214002,53206.517272058074
46721401,73960.12039809025
47590601,65546.85775897092
49110201,29337.223898457345
45191600,72356.16004100034
42311003,106767.55396222182
48410402,34489.10799763208
49721602,60326.29947223339
44830402,108662.93142096177
44511203,88313.827139616
43474203,31796.70068640295
46708802,18922.888645081366
43565802,87078.63731476018
46639600,80461.68882939714
43086600,26572.784384597482
44237002,54323.45119984187
43899603,48096.86843186511
42313200,113594.46777079176
44390002,59675.98829772062
41947203,29038.704906021594
45537001,72641.07414568393
47986800,72200.63912791944
42151602,44205.81509005037
47461602,98104.08088409212
43629000,50011.49785181162
41864803,21525.871063546692
40994802,56423.059806571124
46185200,39864.57493365332
46018401,65232.00297541825
46275002,70616.34781682429
49356200,54750.04564335347
47171800,43167.91469184073
44173403,54153.57160553626
45589201,84244.59639969408
47746802,70648.67332178821
48318000,50465.503054194145
47193402,54600.05122394833
40905203,83798.90613910025
42847000,20546.12754446543
48523002,52774.5910236558
44984202,28137.988372144668
48870002,68403.55953893057
49859600,61329.67045822645
48954401,32553.52065085243
49841602,55892.96275396491
48303000,67232.46021291439
47551402,45480.601306641875
48864002,67596.62217845823
42895800,65753.32963519826
41508600,75409.84232382482
42904003,41961.340204513544
49292402,39238.13635756662
46595601,58053.87876577605
42601602,103489.71206713737
46535400,37993.43098252103
46482800,74091.77443682885
43689203,56483.63707800674
47840801,42652.77703545853
41443003,47602.67752363122
44611202,71852.3122371659
46081202,60224.08622947589
47336001,91564.48696060895
46434401,69370.61275868896
46090602,58391.83253940526
44596602,41813.6414657963
49026402,49425.10159090973
44895000,81980.46127657393
42863600,72933.73070327324
45139601,92866.68254528508
41644200,32088.101279255432
49632800,70938.77785624046
45147801,26876.59791331178
43666203,33035.545331399764
41678602,55944.63116675078
41959203,32794.57413546683
45332800,56675.63064766175
41957400,41008.93937411533
45274203,52937.68308452522
48591800,90055.30046113214
47995400,59957.03791520958
45730000,44551.93270262986
46776600,43540.303028157214
47477400,109135.20732744424
44062202,52242.86344982921
44205201,54319.41461330785
47105600,84855.53974874559
45932201,52432.599629548145
48486002,97779.66681566466
45792602,100071.37986803587
49428601,22594.4266595512
43334802,96424.32623296286
44739800,51142.80103302447
44305803,58287.023898318075
49148602,79968.54662533349
44257401,53255.9602530228
47331601,58340.25839347147
44221001,67219.20269399886
43580403,43812.926315422264
42567203,38749.59586932871
46673802,115571.41311224531
43669003,27861.32051343381
41640403,52204.563488697546
40858003,87037.76407167265
40833200,64170.76338487033
49350600,86386.44976043861
45076203,70329.50653186624
47147801,48081.053300249514
47269800,74444.95951930876
45713602,79542.95585953281
44483400,89011.96085776675
44973003,86708.39608022563
44335802,49994.11186862077
46049200,91347.24282140336
48743402,43509.26205196373
41911002,96076.95070117098
42655203,89858.1896255478
41698802,28768.124427517578
41179602,69332.64729953752
49112002,29948.05117438204
40889600,104135.44451246566
41941403,34082.971078671566
49778401,56115.422676945556
46563400,59381.39774015988
41305600,28466.64615478676
40809203,54750.17314086397
42953800,47288.576697946664
45062203,32872.81105895892
42170400,44749.81054228926
47695002,13696.917325077808
45263201,46520.187084679696
41316600,25707.017755836077
45152000,48435.087759915
41930203,29463.578160451474
44453201,95637.26731553284
46457000,35175.32632864531
41211603,28865.52152876351
44117801,26898.086764376327
42193603,91184.31763599892
47616800,84373.06415021513
46831201,90453.59674118663
44229000,72571.04374775832
46952000,115754.46845740298
49832002,35854.96213329767
43374000,62337.20748204922
47271402,58404.47737507086
47287201,64541.700466552225
44194200,82974.54876214656
49352202,81387.53856013343
49658200,76442.67473577535
49874001,70407.38899629399
47261401,92910.41649453915
49247800,117129.38490269316
44717802,47187.28525898846
41318600,24782.749942013197
47622401,32376.853989985695
43886402,64380.662237732206
44601200,45759.637242417666
45967202,58919.93451443346
42305200,66783.4244157373
43624002,83749.47607349014
46696800,56317.40799344908
46710001,59720.42277145742
48808601,103199.9217105612
43168002,59745.43921712165
49572801,67090.04892138782
47478200,38361.211759077734
44228801,38854.63866168234
47710002,45652.515176426285
41161803,56489.709158906786
47392202,153639.49447135694
45660801,35156.719556105796
43410802,59758.652140225284
47747402,60286.87591584903
43953800,43559.24172965767
45316802,79680.12607130769
43797203,27463.900819236318
46217800,87154.71383751745
42874802,44785.17404026807
48138402,60982.849699095255
48860401,28946.35065729001
46579401,52287.14187010412
41167600,57584.49536894109
41496000,75742.87516884675
48382201,51214.123816673484
49719802,67831.18559810922
42477000,78270.44306847625
49001801,34790.85732480547
45316203,86978.9452993476
47329402,32928.087353000825
48974202,30415.746285164674
45214803,55528.901336065785
42281000,49862.491893039354
48551600,17147.69298424437
44301403,117184.46950152477
46961601,50530.1017661487
43102600,89735.93654663325
46842001,59477.00082908574
44246601,50791.663254760766
48975202,55954.0106738957
43576203,107034.49951925306
46116801,95984.9141447979
41986202,21299.78566972389
43969601,43114.14445161457
45833600,37226.87953103899
42243800,37017.055280946166
47493201,67434.79024196512
41136600,53950.273327184164
49303000,51024.35138695007
47860000,73643.31681627879
45524401,61632.01333231691
44205202,54121.43063514759
43200200,52291.536773002495
45107803,57308.18360792528
46616200,81306.47883520371
46271400,67982.56531860898
43276602,41608.17597946844
47080401,53782.62891579734
43996600,76360.77980546438
47629200,56145.89098181457
44713800,41374.56332195752
47541202,66856.180665331
46689000,48846.74728575334
48528001,56660.51118831701
49703000,118745.52132738115
47320201,35094.718184707584
44661002,60993.91986630595
42260803,30373.07464658552
44285400,61944.78269996478
45552200,33481.87393240588
48113601,62324.36205942932
46440000,61508.10223165021
47391402,67338.48945760631
48909602,48619.737951416486
46614201,70741.56639093929
41613400,97373.45232432263
47195801,64205.794284260286
43419802,70908.36338894044
45366801,96008.94693697165
45837402,36298.06442428633
42093603,106355.00411433383
46844000,71153.8794553714
46930201,77144.13479185804
41232203,32903.74291845669
45665403,81246.95313075247
46121200,79869.36353860467
44134000,62612.02345747208
41752002,77665.79079928268
45566800,89886.87028290865
47679000,57022.11228894641
42837603,27224.319820438184
42651002,59781.3653929685
42377003,93728.6209339687
47124002,38875.044284991374
44209800,56720.25452790156
42435800,78131.79033929773
42442003,33969.93729787445
47643400,28742.656974325964
41139802,52089.05038514883
47152602,18940.403404811706
45818801,70602.31932120661
48385201,92311.40875761113
42436200,56349.90526253146
41630400,50633.8500091864
44412600,66122.67731783766
47808402,40631.548533710346
42945400,37015.789310556145
49036000,47860.17359844766
44446003,55940.03048229338
42147800,96139.73561073298
42920202,62165.0040801452
47335402,51386.734635783
49340202,47531.795620907404
48141400,87412.93498339105
48386402,98351.91439329373
47733200,42066.01073901466
41111800,46737.40158532551
46712601,57374.49998345009
41283200,19795.241616680498
40965203,92642.10916931264
45592603,59616.02256512291
44472400,61091.53097329211
42460202,73868.46825719226
45503403,93895.12341065743
41027402,146550.5507612343
47870802,117043.20076302253
44911601,55348.48274794828
47802601,40099.32955942952
44827403,82038.93678113121
41106400,58382.7525931488
46358201,55035.63102693395
46331600,40618.77390776497
48587601,95498.84631396942
43900401,55806.47273322938
49454001,62301.278232952
44308400,29375.408060501333
44570600,75248.92944488864
44588400,116190.94565839718
44703603,36413.16005441016
41782002,23638.673997132795
41183600,63843.577393455416
45092002,31803.239534379234
44719002,57882.60489269525
44488402,44407.738788345145
42072403,84051.01079404031
49540000,81231.52886648382
42441202,69159.90812592144
49462601,31620.623151387812
49858400,58257.98217083727
45056601,102128.47061737483
46759801,35675.96525390162
44020002,47713.7216512342
47514000,17820.726152980908
47716800,87930.89444208525
47793600,80591.33736181406
49196002,86024.05392281692
48163601,56895.31289037116
44198800,98050.864182432
43641802,47587.30957460451
44423401,52306.8243091135
45500401,64763.59523625838
41882603,25985.46818628069
47376602,49904.55656781565
49751201,42414.95383911666
46073802,56089.84668788583
41781002,24184.613529514685
43566603,32649.431140248813
42821802,32617.431517199315
43334403,121194.65685020649
47553802,92947.70596362022
48860001,50738.62699974483
49911800,58127.39926666908
44745202,66796.07493555175
43216400,48131.09712090123
49418601,74262.17445121614
47226402,62556.69511634265
43339202,111293.92093498773
49119400,57199.401302448416
48490801,31960.159593565222
46703401,60846.892145237834
45538202,52339.56195668846
43219603,55943.54492092219
47900400,88943.14713812947
44576203,29572.61546113024
41085403,78776.5517209672
41727600,96764.4907086639
40857000,124041.12574039769
47685201,31389.841279117987
48969402,46126.55100828529
42030402,77960.83878025264
43398003,72676.81703264806
48313002,93953.45587453867
41521202,56090.658358404675
45926001,44184.294551266794
48880002,80524.45170514856
45114402,69014.48489895959
44981401,63662.80231839182
41240003,32898.1113129399
48209401,57372.27314073793
43982002,69179.88579782547
48804202,67571.19214333648
42172603,53656.48131721042
45345002,57267.6519288495
45974600,27479.96257908855
44736800,89393.15143436729
43921402,65595.91981989377
45767601,61675.225910101515
45187603,32047.221859191828
45779400,46466.141628244506
48975401,124678.7233058371
47030400,83441.34928584645
40996203,62577.37474356105
45509001,38508.51866819527
41321802,23174.712140054467
41463402,48043.187945481215
44623800,50656.32699395248
47985201,106069.79689108208
46521401,36193.38684006151
42002002,90668.26687266999
46931002,58915.51230161077
43740400,55849.49531324088
47831600,88145.6833365911
41494003,24772.77792722055
49020200,28964.08134771137
43698000,58770.28482328199
40886000,35918.35139779753
45184202,20257.78931476455
48805000,67809.67194334569
46484001,52728.20527768123
45480400,87068.2686427547
45935801,47946.64673731958
42292402,54531.37410850735
48432002,84862.27941906895
44572400,135333.67754311668
49461001,46035.4007777224
47753400,87310.3437317878
41243200,28304.120046385375
44984601,53157.93147046839
41730002,37672.36649794258
42838400,42963.14977085918
44404803,98550.43279865565
47843600,58014.89101812535
49284601,53973.243476892705
45128400,40258.20870901432
47600202,57269.774862428705
42367603,36305.928069844354
45907200,56236.14399082344
41683003,42310.41600750084
44481003,63171.8950980433
42979202,41627.910946330776
44721001,47321.85762723782
47711202,49943.50976022489
45399002,85661.03562487534
44043600,54448.11419461882
43432403,51695.18213099824
41206003,40013.38451509856
47870402,98413.85490572755
42034402,74135.37892596752
48096200,89387.01228263788
43862802,56534.564600252685
45846003,88944.4995309576
48809202,24312.379402663282
48337001,71386.0312287093
41009403,31593.720868325094
42204600,22016.213552026533
44832400,79174.66257709666
49659802,22268.146400135964
42538803,58820.60829808994
43812403,59297.49437336402
44566603,29728.35210095007
45233603,46713.58519359426
42051202,86548.35725646406
47520001,77638.41656240862
41992402,22092.21086708646
41769802,45959.40195544347
41105402,90407.59780657137
42077800,49445.56682429796
48454002,69470.65398540458
49665601,52007.85852796537
49094002,73247.88621236115
45745801,81081.39783589619
44302800,37419.761508766474
43520000,34391.19108541914
47577602,35350.15348597245
46127800,48774.01729174975
47981602,36206.42953115296
41822200,52797.57394735516
49411400,64665.22904338728
48519201,48463.569430282405
47758402,86500.81410469454
46702200,24468.310157376935
44927801,148802.9562611708
42080403,76458.43659055763
43053603,64070.98310487542
46712401,55645.45119843799
48362600,65816.19604875216
43181002,57291.985198970746
43500402,82471.50791190493
44300801,28685.52150380402
42263603,120679.6417472463
41225002,45145.04709858554
42810802,42060.98967332281
49837602,81148.65833860815
48763802,71589.37105354505
45649403,33672.70955246188
41287002,27472.406882617353
44922000,96572.14685528228
44901800,23620.68926194856
47845001,66162.11019272037
47014402,56460.49219043471
45662003,24680.74272028164
46266601,54532.831058265234
43468803,55488.99347461831
46529601,105056.72196742939
45092602,124618.12916342723
40915803,43158.814727196346
42447402,29317.548354643197
49776002,31919.750880738855
46480401,57979.60049378596
45364402,89913.9255674729
46071602,56420.8332091635
44267800,36037.94934155901
41239602,21299.78566972389
46337600,79545.50723735453
47834600,18208.232856497856
48584802,75337.55112274496
47951200,43025.210879074904
40875400,39914.003247645094
49528400,29248.39221603594
41995403,55877.214148297324
45926600,28425.334366637653
43138602,91582.21417920497
44561000,27630.780103817695
45440400,51587.34180152967
41717200,102931.52409923081
43371403,45157.871527658055
44248803,59323.74296638869
41200603,42888.71151239164
44984600,70263.18423487361
47183200,40491.03908484857
46987601,81774.57398685488
42740000,22181.922425802975
48562800,61496.53511588278
41766202,55555.637739402424
42362200,114453.34197255761
40854202,116681.44624077635
48156001,65155.40808180155
47383802,50458.56784599957
42301802,47276.575554478106
46828202,94469.05551601163
47323602,41950.83766650925
49711202,49057.088287102524
44607400,66438.98448846249
48124000,53900.90250108876
48991602,46323.96130960865
45458201,38732.613989844955
45553803,49765.45549884531
46056801,92774.34496631056
41266003,24346.035449667488
45925600,57895.735398507815
41759802,82638.92604893044
41660400,55271.729715643254
48553401,57808.135448000416
42149802,53016.70905295546
45217802,76009.5096892053
44749600,90714.48522712478
41114800,95126.5029496883
44184801,55174.09817554238
47254401,61778.8667471607
42234000,61488.46007416384
41570800,77944.3452065125
45537203,73142.64520210045
45219003,95496.28151466444
44867000,75462.0950085166
45563602,66706.30309523613
48219600,80224.0749819248
46204001,51588.98771388245
47813400,100168.4919989419
41830202,41564.185904407415
46488402,61374.44726229745
40862800,102025.53648984096
41827403,28926.13482285617
45350601,43766.1758199674
45822603,60734.66103761096
49344600,35128.05124925188
43640800,63100.38520155138
42489403,84067.84842548615
48392801,67162.85653641979
46312002,62168.246669177606
44239600,62976.293974989996
45857801,52532.5430476372
43612400,37709.88580156855
48962802,68241.01661846499
41219803,40106.36976647302
41893802,58631.767775865184
45416202,102402.49654728977
48076801,63170.9297235977
44166200,84131.20323319356
41187403,77812.10096827243
42453203,64434.330812904285
44330200,72382.05848524513
42798003,30438.586415092657
41195603,41106.90499322893
44926202,35839.063773611066
44564400,49129.97037874073
49228001,58618.40085243427
47054002,29668.326483913475
44643000,30026.35081895526
41590402,58039.58519485565
44733602,91843.25256519683
48121400,79041.13255876407
46524402,77589.22537908475
46155401,83361.24457438831
43796803,56512.370661322966
44617400,52033.59665792039
47424802,65290.320589139825
41635600,21414.338741342493
41100602,59204.22361654273
43775602,47031.97074475368
47778200,53139.24670395984
46926201,62480.946215534794
46578001,40176.10828804057
45428801,71906.78282199508
41075803,75135.87924429557
41496600,50491.7949680538
40893803,59722.75194020282
41554603,41030.81867467893
42114002,111227.21608654915
42473403,32095.99059154895
41664802,45481.93475266238
46354800,100793.70606745813
43269002,66026.60666820759
48760201,49252.54301775152
47982602,49045.75999305662
47237002,58197.720677113706
46237002,94019.00604833318
46568002,72255.03735069986
45047802,89848.84824229692
42985402,69931.15202836279
44746200,72909.85824439825
49720001,62191.933954073924
48229200,66233.45435011228
45134002,66611.94697024605
41723600,86470.91882033712
47014000,88129.70288494555
48006402,26358.183095590863
46170600,88750.95820407674
41985400,19795.241616680498
43602003,57849.970457739044
49745600,110987.12104467473
42527200,76150.62175887804
44467203,57227.78318650803
46750801,77222.30762964726
44037202,59682.81499498861
49314600,68552.1053175068
43225003,59868.2877196801
45068601,70828.8157105968
44446001,57059.62368303682
44903403,76504.88952584195
43600002,81578.86929329607
42292202,50733.31641884119
44378403,60925.38364152309
47526000,38713.90863729263
42488400,62745.90912097268
49736202,96767.25929408014
44547203,104579.67717808233
42346803,45583.359431999
44732203,53938.46211911618
42276003,44331.04788493678
45365202,66576.59729319278
45767002,81705.82252796003
44313803,53262.77003561191
45143401,72536.4250153084
47297001,71215.00522541293
41013202,95345.36013826999
48592600,74057.2820524985
45884800,48110.42790721009
45533003,73840.81262492422
49333402,29677.2091906213
48498200,11827.413661100816
44452600,71231.32912727246
47223400,98932.90984763038
43974402,56919.75213064139
43023600,42366.09907080572
44490200,62879.9675271111
44636603,43819.053768032085
48774600,57152.42869049603
41370200,30342.544850356237
48871801,49588.634795176986
42982603,145057.48964859435
42261600,39820.28811595361
47882000,47895.61241926811
43864202,78937.92465066872
47178001,27916.815924955794
46458800,115000.91555970693
40946602,75988.16295702478
47226801,41300.048637142456
45634202,67383.55803751851
41442600,99979.16781752484
46633401,64900.44076885811
45604203,53891.58090427915
45509602,70505.56595067846
41923202,84161.41276754512
46911402,90275.38258352077
48619201,39795.31595787103
43730000,21710.449780247
49882601,54899.044915471306
48676602,73200.94856813358
47347402,99842.38217003159
46088401,40462.17587302328
46739000,90423.46475913632
49534202,109917.31793615877
47457201,60346.64424134686
41434200,115470.94082248474
46762001,82943.06417375735
44482402,120058.20726688611
42666800,53677.47953182846
47741200,49562.02343988822
49728200,53558.74916195909
43020800,70378.12015541304
43685402,69934.64147736909
46781402,55213.30389990111
45477801,103241.40022715734
45756003,51516.912735971535
43036402,82291.86946720886
45236803,64927.50009618611
49522202,62265.32936907128
47337002,91511.43417052507
43498202,22060.378217772457
44456202,93720.58646797627
44439600,93466.71210075852
43492400,64432.17946225654
48611802,52453.71822541497
49587602,83065.616864583
45410203,23605.33207733089
45242401,83323.4485074051
43082000,48668.76187218452
45618602,121832.26059517988
46068001,59453.49693908846
42268402,38691.68675755723
41883000,66829.65806761835
48739001,62157.40415857337
48738400,32041.80124396258
41813203,32778.86440032273
44690003,96515.7941923892
45167203,41968.04319654665
45139003,72439.83130382383
49737400,61505.03493281851
41501802,94215.43457597654
46983000,33615.187328031236
41138803,48225.150604806426
48051002,49310.53981190744
41099603,45161.6632017964
48999602,35871.18514345084
49750201,81669.16678725976
47722401,42965.8001188835
41227400,32088.101279255432
44641203,55681.4246956036
46345402,116045.93516521621
42701203,88722.23136233332
42922202,45058.34072990026
45271403,84052.94344214656
41355800,17433.967980389007
44112201,68663.83318587719
44693200,122015.06096816224
47197601,83522.51567527407
43755403,117872.89755462251
41149802,29679.652126506346
42057603,52348.96365429617
47097801,76436.0070478925
42214603,149116.05822518686
48869401,46435.90592048489
48831001,121319.68291346097
41780603,57529.210821275105
43801600,64211.411860560416
45316803,108809.35718839947
43990601,90605.19899838192
42259800,55418.399898815194
41802800,38990.19864229442
42175002,55574.69872485878
48482002,34779.648779625895
43314402,48377.64094055479
42030002,43132.94192924342
47764002,43871.742030526235
44276200,63219.12892787693
45468402,134782.90301112004
44898200,54091.690691145384
45360402,28290.588246494077
43286000,57402.803658412806
46435000,64726.84100354503
47444200,34338.57242311328
46694201,43750.82531363807
42967803,54729.853189797
46437600,63146.55872809591
45615201,55414.11017736169
47656000,49935.551405900434
47674001,62383.76154817004
41195003,72067.54157075495
49666600,33167.24581301364
45329801,51303.91746236968
47201600,47674.29183586448
47480801,33816.048618877874
46020601,102920.34590562957
45244602,30812.48952143114
49704801,85821.78905050145
43124002,59994.428670017536
41201600,83834.8651123977
44953201,42135.37515991625
48280800,76158.33522144942
46055201,44040.7369231443
47310601,44933.32735865104
47911001,67410.67418011438
42994802,78247.28428032872
41765002,33210.01069647044
40814803,130520.39512487465
48805602,32106.356006997023
48723601,134565.32672596385
45939200,95896.61597745882
42952200,48747.880925955964
44220203,98441.03292188935
44287600,56803.41699338114
41775202,109421.6126530267
47597002,51652.463708718555
45697402,52231.04789548874
48911801,41679.753661452814
41084403,61233.232523230305
44453001,60528.291095343826
47200600,106880.03563044721
44294203,126045.43270619244
47220800,61636.249606787176
44181201,42854.04377073321
48437000,31676.355608357313
45397000,92140.03412936523
48279200,55032.59627417474
43315203,47996.038151202396
45371400,70294.97416087419
45835402,59699.181856144955
42887400,45167.762348988625
41540203,64438.10867724331
46710801,48776.31260058764
47398601,82930.89647379902
49679402,45402.622692728764
45710202,85715.8627939642
43948800,48250.62364556688
41768000,65969.48528676243
41937602,37756.95097374689
48634600,34652.67865562775
45074803,92262.41978400796
46581202,69010.28856587538
44972201,106828.82503273211
42394800,33109.79300726963
44751203,87705.33907422496
48856001,53340.89141334946
48775802,57793.57917257543
47826200,46672.1444414484
46907400,109263.70444242966
41328200,30348.176455873036
42121202,73175.74584129716
41036400,24229.43666212094
44344000,52417.376817451935
47688402,40689.52751256952
49860801,124532.49320848158
46511200,47261.60157546296
47461201,29388.42732553562
41226603,22638.872672879337
47296401,73607.50475838206
49028402,74982.30549805409
47356602,51672.49577507439
47044802,50030.32642117228
47119602,67591.64984784611
46902000,31867.6586373137
47544800,55027.24479975144
47312802,54875.25733257271
46682802,62722.814522263994
49552000,86046.31363763548
44790401,68074.1900473874
46323400,86991.54086525297
47329601,53527.27522885786
44451601,35492.416174089405
49416200,48526.867920027544
48797800,61386.88628511365
43833602,57347.69768277994
47844000,38729.67054301463
48512602,71791.2867126282
47878200,51839.332611326725
48243400,47730.18287055033
46440801,34188.804818832905
43939600,47866.19122116975
48861001,81091.30950394624
46702001,58270.142810757934
41012800,42317.42227190261
42930602,53569.673859741444
46895002,62803.939347140586
49816002,30999.66200467395
45374203,55695.1667182926
47200801,28876.96048789759
48748201,35203.42119724867
45067802,70528.69471185116
44826603,97075.71349762917
41178803,57032.66626156309
41253602,20640.568907614925
43127600,122066.58235931101
47251601,86964.88594683082
47710800,79984.78973373721
48288402,99385.14410533781
47073802,72435.2019645361
43002402,56107.96596014179
43874401,39856.851367099196
49945601,40421.695437196635
41939600,31327.64092486944
48861601,40306.56970652017
45344200,35735.32465007877
47316002,49806.84013738109
43549200,27749.48428617724
47218002,57136.5558947735
44207800,74393.1662761312
43636000,62676.16232573492
46329001,17009.476925983432
40952800,30425.783347499644
49446800,127644.77013202122
47478800,60121.01031898203
42180003,59411.34651498953
44044002,32474.741866309443
49109200,78054.26359405917
48759601,53109.06151771663
43954203,89761.64800584454
43618000,33703.04949135069
43799600,80463.70334170797
42424800,60593.281376575986
46772602,55380.25686129102
49139002,107403.42979567789
45270403,33827.63133126278
41302002,28913.826387887653
45225603,74211.91696259637
41023600,44877.14418799176
47682400,49373.867123881544
42576803,62164.97285624412
45591602,74343.24036425055
44852403,64473.45223986838
44520801,95232.85958124802
46005802,98405.59098638332
48051001,22135.90125372428
47670601,104421.00459193192
49833002,109526.3880468024
41348203,18139.75265222056
45083003,53949.03704815376
43772800,57397.90225883836
42828202,120266.94912646982
44948201,88270.32239148873
48519601,111328.59700292422
46749401,55051.00889622675
41219200,31996.335783526298
49110602,40088.714352641466
45755600,100747.10300420073
41493002,86961.8007516477
42481600,78127.31281504605
48204000,96986.95891011493
41032002,94794.53705142689
48996201,26138.674651742687
41098003,72229.9222337834
48320000,40119.01588439648
46329000,35537.89096397936
44218602,34018.01530689578
49404202,54020.527971040836
47627801,39818.88307605581
49191600,100603.02442322213
44942003,83623.72477132572
44035002,121053.35515485873
48053402,54703.55299454115
41137203,45981.51290060247
48383400,55431.951942332445
49877801,106205.42137534672
44431000,94537.90566544914
44739601,69681.11989659783
45036800,64172.06869244769
43283802,57804.45731285731
46823401,62943.477991906366
44156200,26415.538916078676
44122401,89926.45482335263
49277600,88087.81694874167
41451402,47641.412011640365
48731002,40806.492023967294
44993603,36861.012457903154
49147600,46645.09341489348
43815002,38818.051565190995
41861802,40439.74351914275
43568003,53563.379233694206
46130600,94987.76167974922
46973201,68569.19311780552
42441000,34439.12081330953
41160403,39585.10380199593
49686000,105781.6323716476
45654201,78740.99705928564
45029403,76666.83694367099
45781201,98764.44860611403
49832402,40747.6174831721
43210403,48377.64094055479
47716400,73057.16735545114
46846002,46661.12360348277
40818803,70160.19675556103
44297603,65780.71967071459
46660402,72345.15485125984
46696802,88928.74479141175
41474803,29317.04160476457
41135202,39241.02287912149
49739200,94582.27041959706
46587602,53677.188163468985
43226403,29809.50120004887
40812600,41395.026843413005
42441800,33777.10608266675
44505803,106249.92063418892
47926402,90875.83515204112
42149203,100704.83939663497
44510002,32115.28336693107
44637602,52222.447231216436
47449201,61219.29353123822
45118803,133852.9339277273
46855600,37217.76544496136
46088600,89872.26671423418
42861203,51654.552299346695
47820602,28009.55591372756
47869602,50617.31210130788
41925203,94876.82731598882
47694001,39969.434897210886
42849802,71537.9661155072
48379601,71134.38992703079
48402800,31657.62118497458
48067800,55996.765560830274
45260601,90683.1208972111
44345200,38686.482980037006
42930402,135100.96645618315
44819202,58260.20161182643
44178202,46218.276758678985
49387801,50779.12226400532
44659400,56707.43063478453
42190203,127247.25687604137
45050802,60152.546420008766
48577800,99142.23142582191
46959000,125247.9528958322
43122000,99637.73280282128
42136200,72747.45140515207
49795602,82634.11888319487
43617602,40919.671289068225
41128403,60275.03294380998
45848603,80756.01389484413
41554400,44368.94106804188
48843200,33848.093297132786
42554003,25458.11077665646
43296003,54142.519481048505
42491002,34844.42448234669
42165600,86744.86504880458
42198403,56208.3321238496
44387001,57688.221890386696
42795003,61127.41248345156
45640800,113392.2082012597
49222001,45262.17606270191
49764201,54917.61402583918
45311403,79431.04945761077
44946802,84297.6052070356
44342801,57706.15387828862
45969600,73265.6688004064
47935400,51333.88409571364
42912803,68265.17171359836
47538402,43836.17310556952
42520603,100297.85798795875
49078001,31589.645804574506
49193202,100094.65163804727
42269200,67891.75748162036
41914602,30537.108728866424
42492202,59653.25846619486
49716800,27980.88331617884
46196400,32561.604224828316
46122400,71921.18702650139
43638000,101284.20567861816
41655400,43028.31613047841
46554801,54436.323412770245
42668003,50025.555044482004
42904602,40257.874931883816
45302403,111299.6688918578
43323800,24052.22483126193
48398602,97524.71472859895
41483203,62051.98474205298
41577802,46979.10134329757
45402203,61290.52215763986
44854601,97169.62369274144
49855400,51619.90401037105
46365401,37921.44390571223
41689002,58840.27809072058
40832800,81544.29871682658
48405800,45181.48196423085
46015800,38922.18157161295
41384602,30309.221524993613
45804002,77140.06349941948
47574402,40545.71815157134
49072802,36831.27067406805
40991402,38604.42756336343
42649600,74495.87063776846
44527002,80607.32033148533
49271202,66683.92487227575
43061200,89459.34885191706
42300000,87084.88036347498
49688401,56567.040879265645
41100000,55869.95347579129
43876400,29430.374073382547
43338000,65203.81908948232
47122400,40848.52022582189
41573002,56414.44683707787
44551800,30003.73572137854
48731401,31481.435510524938
41103400,59085.61194234333
43117400,53321.48100533682
46967201,45622.75910468202
49853400,99189.45853965422
44359401,58641.88002138127
49052801,58436.67715444792
46459000,81372.66288753113
41992603,62190.37952243733
46536201,69869.27477592914
48834802,90986.01627401916
45136402,43494.60328947134
45834401,38067.46798557379
43462402,59944.736283025195
41763600,71921.57610307682
49722800,68287.3417079188
48814200,70344.72341683456
49613802,67558.41227509777
41072603,55287.3215539918
44222200,48214.01235218735
47951802,66766.44955965641
47064602,81313.95939866424
46754200,76933.64009027515
45691602,98689.0207474064
45714800,25175.248790272006
45648803,99117.3596641796
44528600,55212.43903031658
41646000,57194.62292653762
44569401,93315.72778707475
48242001,60354.15627070287
41159803,72889.31064207239
42872003,51035.22212959662
43238802,86424.49487023156
43741802,69386.463712673
44583401,46463.363197251696
48436602,51616.32005240234
49565801,70567.18162552158
47657602,79078.3284798171
48161800,59643.16036697305
44307402,20212.397713416736
48962201,30487.74940638659
48052802,58396.2615971011
45943401,81334.89411726329
43115402,72111.7424150314
47950001,52647.29570937252
45494202,88619.01383919157
48398600,39174.288204074706
46603601,70482.4161065174
40973800,26395.772926450463
41552000,62243.4879721525
42673803,79108.821024211
43586203,58753.01924144223
41132002,74841.85695007927
45424601,41990.532970845634
46718802,63952.6407591697
46916200,84198.69304391806
41945400,28131.297771091144
43887802,61350.3910189921
42432400,51854.129314599515
42519802,17806.31059235305
46433201,75724.55319990964
45407802,64241.01113021093
41828000,20021.3270105033
49699602,68213.28887094156
45627202,71304.37144372115
48492200,115924.42723064218
40885000,51429.58217015612
47090600,54624.399006499065
48783001,68711.80166898142
43229602,46993.150364534544
46007801,74519.80111675804
41261403,32903.74291845669
47532200,31204.938274141106
48109402,71043.16561359819
48146600,25981.30092350569
40911602,25358.918566387983
45505600,102644.2561821897
42515000,38755.870524637714
42870800,58698.58817029439
42836002,30232.3728616563
44497001,56315.02966750937
46208801,94192.44175045071
47892400,65145.05105123001
44795003,33305.035889989136
47791601,49335.27376070823
45668603,34657.79713043866
48473400,29071.00195736156
49252600,137068.5428628405
48074602,53549.67506902593
44901600,47518.13487602146
49062802,84677.97506466543
47783400,49403.87036082632
41821002,87542.87909450318
48771000,88727.47946064013
45150403,21841.856137564857
42267003,70344.44984274071
45116401,25598.216118300712
48402600,31431.53579115178
42934800,53923.6765959702
44693202,35141.244237839965
46167601,32104.676682999987
42472602,57955.76798521135
46747802,105833.5814756901
44133602,78950.76855090917
49248602,50994.36241144377
49376402,55982.0726427475
45967602,60476.390453398955
49492802,64841.98168687529
45209601,73325.92212282414
44672000,49454.421768543136
45968000,54503.1735178025
43747203,52276.24366453943
42066000,66644.1341664527
42441600,54528.62166526738
42539402,64333.29896202852
41920403,66578.64194641417
42491400,66675.19405135413
41908403,39723.75769689125
44403800,86323.84058871461
46058000,64575.40402593238
48007000,54372.448655061795
43539803,68133.6330590863
42830002,115572.41450290525
41473402,101114.06875147679
44965201,64103.0131414392
46584200,75421.8746068577
43913202,43118.23575547256
48550602,63445.85198050455
47181600,61175.350470099555
48803000,88490.27356406736
41329800,29392.037046411097
42539203,102978.80783044283
48135202,79563.99070745285
48576801,46098.500793886065
45288201,33299.8726161827
41381203,32417.233994682818
49479802,60538.86315072373
45986800,85821.85063861705
42489002,107539.14825269685
41918402,40323.40915838492
41604802,54324.52698918694
46178000,97329.85690321434
44030401,49287.46051714075
41209802,32903.74291845669
45982000,52519.13874684131
48252002,58177.85308401842
47593400,39063.032831140605
41752602,26895.34155369396
44616601,30818.98727404387
44828601,34574.20249654564
49830400,132811.21018702906
44989201,35067.69303809341
41248400,19791.386998484326
44274201,43387.623091058325
49648801,90865.79982468912
44445001,34915.722192165624
47085401,79182.80774768486
43311202,88982.28404112058
42929403,71532.99264143233
46446600,49845.11588820527
41856000,20532.49955460109
49531401,68951.37603074816
42249000,50309.75696726839
44072803,68448.16922929701
45449602,88833.01781411708
49183202,114986.8763769396
47796002,116770.02652835283
48010002,55419.21849385689
49297801,89517.82363804146
49803002,44546.333170184844
45632600,74492.16401516418
47208000,31108.347383715696
46912800,62890.10579125852
47583000,60217.6516078149
43746403,39957.95407224422
49408001,105360.43652585262
47648201,57293.680082319384
48340200,23450.27504689414
42760200,43950.47200611165
45206800,58431.88197775486
49802601,42509.85569023466
45769601,52678.18909332751
43476802,77960.83878025264
44059801,67227.63449046676
43476800,92714.53350171486
45194801,79432.14176414243
46167401,39227.07110752224
48058800,38654.46460441409
49784602,108306.96696407186
47820802,32940.93337903994
47851801,37615.94344656177
40959800,31788.913427837873
49811800,77978.68436602072
44243003,55597.8700169066
41936203,28979.711789857203
42633803,31906.739724069983
41327000,30223.297937739095
42451800,54997.945605995264
42007003,29517.43827765323
41129203,44173.86742180243
48755401,20832.45143174981
45803801,60162.34583807401
45235801,117374.47948039163
44624800,78912.00636564
42168400,42028.70716641583
45820803,50793.943668973625
48689600,56738.83574100878
46905000,25349.002966152115
42672800,61789.49506869334
46805802,32331.256861587543
47104401,27728.65914021168
43140402,62852.15925028163
47731600,93174.00555830298
47315802,72109.37247673832
46772201,27332.29418471469
42684203,61994.114414085154
43932002,90586.6198111672
44753200,98539.29266584187
48110001,102868.02869207082
47755200,55206.231371032794
49116001,55153.14895792207
45331201,65579.8753163669
48570200,102047.53914563822
43407603,34008.72294007594
42279803,94539.44721905696
45964601,42248.240902873105
45082002,43348.0486016089
41199000,100952.41041840849
49171002,46957.45121108862
41254800,25405.58154473412
44990202,89912.6468539511
47793400,79393.59056592197
44889402,57497.5268342327
45173602,44425.6515979523
45801600,37369.92733148713
43553602,48976.089468103266
43327802,57315.21777338812
43355200,68257.26221788081
43014402,67164.11143572832
49978800,89270.27646642417
47120001,83805.00513126915
46146601,29774.601390927557
47366001,66989.2191880596
42553200,47232.930600123334
49704200,29071.835403158253
49427200,28744.15559017465
44001203,48896.83508272287
48603800,142147.21005297042
43044400,90805.57062267535
48256201,45510.01147403499
46061000,31351.519762535994
41225603,22800.792957929614
48393000,75208.39277557701
49617200,49963.73806174965
42469000,36511.04223287462
43660403,62154.9486996215
46230601,58022.55361363707
47259001,49271.9073263481
44513402,72298.06872572479
42652803,57471.86162598918
46728602,46415.09532033568
45432802,48102.42602543509
42479603,73263.62389251722
41257002,24893.2174003654
42017602,70823.59264260488
46041202,30766.4331275564
41720603,25631.825222440984
44541200,39353.28367586607
41617602,90077.50880088714
42063400,30097.09205433794
41032402,108828.96062043596
44742400,20897.62448213837
49495601,46025.20714413075
48083201,113307.46858149953
48041801,62548.17803914992
46159401,60339.63167209767
48046202,30578.36375340821
47729800,106023.87720535313
43722600,53609.029168810936
41829802,100922.67575370063
43028802,76893.91231157669
46342602,48863.45305601623
49560602,45553.225555175195
42757803,29728.983267968386
42941803,94604.76683388768
47019001,54337.87236468413
47635002,63445.43497569423
45575000,84081.99534728272
41237400,20811.90581437174
41262803,16882.23985884286
49181000,35216.40241071349
45448601,35681.11476842164
48847002,61322.801724864556
45495403,62126.54803201684
48845800,55259.11661082548
41829402,21299.78566972389
49319000,44938.88661445738
43204200,52149.43225017632
44598200,60310.480359926994
46156602,72982.97225265772
49072002,60778.40595280971
45419603,74923.13427165983
47724802,46176.459119453946
41829602,55834.24439266126
46646201,58641.88002138127
46312400,58439.72299383836
49777600,66362.39534223439
44908201,78239.11856057898
49242202,99540.15524850386
45321802,64531.790071392395
44938400,54591.51890174688
41895003,56522.006658864244
47237800,39308.80353943437
42131000,28989.58736230329
49934800,50191.168980458184
48260602,102366.31880212398
42130002,46981.20662899467
48677602,74146.21508810853
47966201,39901.47123031299
43502603,28035.43671768665
42840803,19238.83245475873
47524600,108007.31884335938
41918403,46297.05006692032
44419602,21107.667992609448
43760403,80110.56678145641
40934002,79072.63332177424
44788403,159372.40477451278
47048202,33756.65747030681
42749402,77775.32501123079
42494200,78777.27340213911
41306002,29523.62734945575
45883401,55311.26166754709
45827001,29032.87286069922
46335201,111208.17559519873
45086001,114782.29766000748
45056803,102702.75697286893
44917800,104564.25354408032
44353600,91373.91661211508
46298200,88571.7071770356
43191203,66385.63496664996
44046201,91273.28864651629
47068402,45477.736499773186
47504000,24847.825361510986
43050003,111157.71745916505
48686802,67099.69627621572
42112002,72106.35300528872
44074602,84952.42495013194
49254800,76389.49288651704
41126600,46402.72783790636
43736602,54493.81073451297
45772000,77111.39044683923
44747203,32899.921199652716
43038202,42593.23474432623
46135002,24798.435597147774
49244601,23481.751361339684
49839002,79015.16861989028
44297003,63096.851776544216
43302403,58641.88002138127
43740603,110462.54294331471
43039800,49361.25363901327
42711602,54663.19450486852
47444600,36049.61784061237
46776401,87796.64665969761
48533402,48882.12168931638
48371800,62814.11678644729
48832200,46769.576547645695
43373000,36788.733271666955
44541802,35986.47802524751
49925402,136306.20773154916
44763801,24900.39193696469
42739602,50843.3588442276
46782001,55902.5257779228
47908601,74678.38370388692
46039201,33869.69180594825
45138803,11849.286670914058
45118802,133852.9339277273
47018802,86016.66677884241
45865000,30435.130318727603
43855402,55862.920222763525
48870800,32515.107068238915
47327600,85041.87753799901
47204402,32806.00836637225
48288400,59146.024742456604
46955602,101435.28220583362
44628202,76403.11609422225
43847400,49269.879874549384
41951203,22638.872672879337
45559202,40967.360216734625
45287202,47950.7327971484
44617600,77888.20400588511
48491001,37660.096611552486
46374600,102366.18426466247
42144802,39481.42136275209
47632200,77340.01770922841
45826600,38020.12147399065
44082401,54455.504426881955
44038803,63280.86083558021
41855603,39097.72405960631
46244801,82320.47058062097
44377001,25884.514987529095
49504402,104998.08169918506
44081600,39331.92463982724
44036402,79965.69861084432
44028403,92831.30643075294
48737600,112019.21758987375
45851802,47454.19566131829
42878600,76961.46284378706
43339000,53784.23348937884
44891203,100974.43683871914
43016803,94843.1309148668
43698203,27161.956523735706
44903002,149021.166563043
42750000,32854.928031784286
49925401,80256.57600455702
43531802,77039.48873405915
48210001,42019.10348586914
49869000,41842.049267192255
46307602,58196.04414580532
45125603,42737.044552496234
41378803,17435.4126890198
45967201,30737.962537449486
44953401,80005.11550522308
45930400,65375.54013400229
49397000,97450.2461803523
44735603,76972.81862610186
45210800,51895.29859946311
40902400,43759.62420738393
42373202,84876.20601363012
45640202,39031.48680475557
41827802,57643.14777121902
47421402,110282.17363387579
46748400,22862.025218422932
41917602,49246.08413924109
41089200,49654.817937936
41377800,28178.157118048708
41648203,66752.61224559625
46705602,136242.48839546644
41015402,41252.64196064109
42168200,75894.46127847423
44076801,122295.9542799862
46300201,56110.59138757886
47192002,56294.267750742576
48925602,38455.93296514487
46073600,81521.43570104658
44930602,35395.62685927331
49421001,25062.45343797364
47118400,118428.49670137987
49756600,70998.45575262197
49025802,46741.95212096473
41168200,34415.975671084016
47472401,61124.48312534937
45223400,28972.878068650418
49093602,59473.30535625878
48537400,43884.391804061735
46127601,47065.84899163968
43877802,98890.693891656
42237200,96166.06914398116
45560601,30926.6916677163
42619600,80222.85660251544
49410200,32518.977481441776
44494403,86301.2825726644
46742200,62998.83478536609
40858203,59056.58710290479
44022600,84008.06953771776
46344002,110317.96893136417
40886403,45238.99121104093
49352601,61661.05748226051
46438200,90025.580693497
45591000,27562.148158634063
44155800,22451.35535216084
44470201,75140.28529694624
42287203,106903.24534798664
45193400,98688.56656717345
46598000,67097.44099035663
43210402,22696.848339661043
44570403,65486.489018383705
41246000,31968.85436663829
41793003,44093.56241036778
47626802,62781.71217910104
49055802,53375.60155236425
42676803,84115.9375873904
45220201,132257.22545498415
44014401,36546.47272472064
41754203,72797.21016775869
43922602,91779.59193249732
45890000,84834.0756009524
48971402,39002.87096582271
44000400,111944.55843316752
47993600,45213.592970698344
41820402,91134.15246265708
49119200,37477.89932551051
49647202,45692.73883349438
46019602,28377.477024870303
44717801,101487.53508875803
42514800,47071.169898665954
48376000,77103.26495117413
48001802,56399.52246379802
41573603,39475.00873985055
42445803,26756.118439844795
49734601,65863.47194144313
45228602,38076.36777796566
47943001,41085.10011778116
43701002,89733.40321076692
48166002,54607.688831223364
49444001,101404.916066855
41239203,25109.17083181313
47161200,99346.14906025946
43206202,94381.99924977437
49770600,65192.94542073516
45407803,48278.8569962322
49051601,49906.92635262494
41587600,101998.17958515121
41889803,67968.36542506999
45354803,51594.18005528181
44257202,89256.99324906162
48654201,118376.65315563382
47641600,57936.27761636141
46788402,88325.69605393923
49331201,53655.41440723335
48172602,32937.25620510856
41228202,144253.89955541506
43449402,82004.27337208488
46163602,31755.11037666284
42731002,27745.290113591207
48492800,80391.41381307816
46439200,64198.74993427783
46500602,33667.312677511756
44010203,39703.210385183476
45160000,68855.80251902837
49758202,76138.53016313269
49184201,134094.18937299587
49563201,38804.25229336497
40978200,60919.40674869695
47193400,60100.81384681159
42802603,91645.44581835024
44334201,77315.6520921987
49917001,55000.07005953942
49783201,36390.10530085499
44569602,41089.02430567882
48970001,34793.57654691701
44771000,23507.144450725267
45375602,66907.25861419982
44884003,117812.59526115889
46530202,18439.519158257335
47303802,89541.37818508947
47453800,51501.93631891751
49113801,63226.44943335205
46124400,39884.55170166218
41829803,118450.53795680763
46890201,57434.01505344507
45526603,85724.7376011555
41762200,83509.49630837915
44296600,59445.49901907528
41654202,59608.62859770818
45320200,58778.991738718294
47509201,41970.69681014287
46703402,119887.41992056655
47169401,84646.20482083307
46312602,56795.01649606153
45497803,111180.49438721786
47312002,40983.75650683468
45056800,29161.87855106183
44416601,40286.17304949174
48510400,17121.379185107642
42527202,49027.60459357289
41208000,59237.30410651036
44050002,128191.23746970072
48547000,53846.188899808796
44130001,37506.59329018287
41480003,78445.22603563931
49114002,35470.64037435881
41590203,82516.50117325262
47526202,22360.51244435074
44037801,26669.412572839443
43050000,89675.32830639453
45696201,72402.79127687523
45957400,18531.484283409118
41954400,52478.24703070975
45904802,92918.17363882254
44673201,75700.97669223807
41011600,75856.74180934831
44627001,61992.61594268485
47749201,25740.868815330312
41290603,32898.1113129399
46483201,33035.545331399764
42547802,110311.94628803681
46585000,55945.57923166566
43935003,55178.253422361915
43271003,157755.63617993364
48315200,46115.92880307974
41512002,118819.80879410826
47454201,65530.94887892156
42471600,53074.595670234565
46515800,55852.93784283867
48405201,73780.90278829417
47193201,95855.72634017045
43710003,87044.41836521107
48385001,28842.553285589474
45626801,20570.196312120752
41924402,32778.86440032273
47539200,75567.20371031121
44471800,27075.758035487917
42617003,16944.443072360846
45424202,53757.50398412644
47493202,48210.180550813406
46042000,69692.2493185021
41241200,32790.729686260274
46312402,55283.6180370907
47842802,27434.41455585167
45437401,38330.134886705055
42467600,48278.262071306104
41005802,51694.20866323824
42924203,63089.328567325465
47513600,50814.47311451153
42897602,108085.09355575591
44811400,47300.93775555343
49241600,72205.1173774296
47111400,56428.09251075886
41134400,31247.129758366278
49201201,44611.822782162155
41234402,24893.2174003654
48605600,57958.51605274719
44597600,38931.385003892654
43997403,68490.38036753083
48058400,51908.733964729436
43700602,31267.142477063142
47093802,68794.72377540387
42894602,85442.75084869684
49475401,44994.52424664395
44029400,89612.80528360665
49876002,69845.76079443806
44253600,31533.480455064724
42190800,79432.97651388934
47535201,57325.40838902168
48735600,59065.31641605194
43581002,57465.67655288194
45149800,104801.69423314962
46850602,43558.081862091356
43520600,46076.8811061094
41568802,40806.492023967294
40949202,115348.23872956353
44054801,66344.32099265388
43917403,84830.50222077312
46987201,119415.26441083985
48318602,85814.21412144823
41585800,50013.27628290635
49833802,75323.65615321932
45734803,36165.25274059312
42653602,47520.260055814426
46649802,88931.07269651901
49161400,51591.29735001825
47541001,45923.120194220144
45698001,46071.9193924529
46312802,45292.60204435301
49776201,75217.8065016836
43144000,55123.26227774785
44377003,54913.39114732521
47390600,110872.87230048068
49269202,66108.96072069522
42572003,49217.24612384591
42223000,56572.31145400795
44462000,21067.4171970695
47965202,43013.21892529975
44925001,70571.07023313238
43672602,68460.76222784225
46289001,43305.72602730459
46938400,70918.91517625647
48455000,79694.28859786307
41647800,45614.408225061394
44564803,52870.25646486474
46699002,111612.96057812424
41516802,49452.983783708194
43926002,69356.44746530367
48051801,74088.21456100745
44591800,53995.539958037436
48352202,30670.428218207362
44532401,39262.984295504444
40959203,88138.36162509256
43586800,74169.36122192736
49955001,59920.04345058855
42274602,119169.09079489841
44156600,27254.70784106648
41262802,16882.23985884286
42797003,57410.3314074739
49426001,73736.3317847603
44742802,55039.51200160039
42319002,85257.82388663091
44654802,56795.01649606153
43092800,21835.138608875164
45343603,125417.18834505923
47205401,47353.26273175283
47366801,29217.988384091357
45894402,98533.59871782473
43450603,51980.949668380395
47399401,41056.980464095184
40832203,48351.40434893663
49209802,55619.01483235359
48644202,52918.206673623485
43684200,59402.805582916226
45822801,35370.643668490615
49574401,65615.09662591653
43651200,23800.809606417864
42376202,39066.65749899887
47726801,37057.09901041495
41603802,28913.826387887653
47673202,37895.078453263304
45119602,75347.71713440484
41245400,23988.76010635114
42152000,27625.162735553942
43031402,32562.335187964825
45183203,50693.36095877519
41983000,40757.169199193915
49740400,44536.392830322366
42109602,106040.42366625705
47030000,43123.91014509247
48536600,59594.758296725384
41903600,117836.70251159684
42150002,84214.56848964031
49515802,41363.9818932144
47818600,34141.40446069746
46764002,52380.02840794803
41867003,28865.52152876351
45377001,36679.580628171185
48268201,103796.42532883475
44707002,39777.31828826077
44471003,58801.70284773225
48073202,96452.76499697352
42602803,45121.60559836695
49509202,53545.14813499242
46808201,67475.87132286113
47146401,71928.98500039372
45213600,73279.13580218464
49777400,80176.03743331438
45299601,63892.15095019389
45933402,81429.24652718943
42067002,53381.564922900325
44222002,113538.08349105853
41970800,89653.98006767016
41531400,47288.576697946664
45743801,40233.798693623816
44523200,32194.19477282202
43512002,40417.87245701759
43739600,64616.192760235666
43184802,38249.87857412792
42781000,90437.61698932428
44703800,38017.258076208665
41756000,65815.09762000552
44547603,65890.09428675468
49437602,66489.99236560165
41039203,120292.32496619063
43720600,56804.61688359761
45069401,56989.2522552825
45752201,140239.64498429577
45989201,34427.242693710905
41098200,49091.73370283996
49190601,40844.830694302036
42302400,57572.79031559885
44131603,27489.657961244677
49630200,90933.82859367906
40823002,70841.76478228194
42407400,42908.822288199844
45637402,85820.28150365374
43856002,68429.89306430728
43137202,38744.96642119604
48866800,27677.86413750387
42602603,66124.01570562676
44205800,83405.51503897602
46357001,44478.23007770104
42562000,34083.471927273196
44688401,54098.500371883434
48325800,49686.66225923432
45678403,49331.73408844797
45977800,24618.12522799482
41423600,83116.66995531316
49546802,78661.43810809296
45394001,114248.52453435666
47429000,67621.23201651104
49206402,29069.901787888768
41012600,45067.03711840829
49241001,75876.48121956966
44633002,59849.483950086404
45129001,85004.25845386197
48767601,27742.795647141273
44755603,93924.20526674735
45421203,65539.06316234762
46057402,95796.51314008623
44739001,54851.033443285145
47619001,80055.11214195895
42760402,84665.67480792319
43535002,68515.3650646236
44932401,11277.797330867561
46166801,28155.13453105021
40952803,47012.57196823788
41366202,17881.718122423186
44630600,36676.05022256785
41824003,65486.489018383705
47686800,44518.12926515394
48006801,52767.36847001686
45182402,37126.36572026327
42874202,38299.1457783555
43004202,64689.67507951736
48496800,15551.781396676453
47717600,60417.32079630458
44495801,29775.79821426912
45287200,56319.871470473445
45967000,24188.376745243124
43655002,65990.35351842827
47922802,47083.47496321261
42594200,47261.732891356965
42168402,69040.02345702569
48949601,39308.54168877188
49041401,79848.75057664364
45665202,123713.59900128703
43995201,89741.02755585093
42399002,59687.73137418543
44182000,70793.96258734106
46556800,41516.61879319312
44853802,72246.6115597647
49046001,70395.52176372244
44527200,74737.36888754257
41818203,57527.63498714294
42879602,40711.940082760426
42957803,52590.36018628526
45432200,56539.84499032788
47972200,55374.03593894928
43516803,23914.39779084607
46459401,101742.16712722542
47727400,94742.87377634142
44494803,68066.87698841927
49161600,79972.59588959589
41956600,86085.51056536785
43969603,76174.15112786052
47284602,72455.40684617173
42207602,50461.0607627747
44821202,92020.815671792
43998201,62244.04370460459
42181400,127377.98831076304
47752200,77368.506864141
48566002,81457.2050523814
46683001,36822.93804980107
47089001,37499.23254628712
41168603,44012.85554411489
49898001,30289.14631966129
41525202,85108.75346843187
43322000,80745.13288770201
43699203,36144.137799447
45518400,22519.122962069734
46808401,83570.98045139354
46430001,45990.8206690936
47462002,51425.57439866513
45233802,79267.2569141468
43134600,105308.25388160777
43921000,82320.61013016512
44183000,59427.04072744627
46252402,81965.22450047567
45557801,61699.47481228285
45535203,44963.66192242286
46067400,52992.3027225726
48341202,71012.65479207587
48704600,94771.36003500466
49176802,60834.90877779987
46867002,53007.954588310306
49199800,46652.52880926762
48149602,52356.975623316255
44737202,63776.26270785956
40861600,78784.58813301071
43987601,68098.08469685836
45405202,88191.88091807156
44907400,85052.51489300812
41379602,25438.980876484147
41774602,91432.92438649543
44497000,57598.23930577842
49529200,59646.77613531475
47748600,53070.6273144726
49370400,84278.40401876121
45106000,49774.39991373137
43422203,67628.52718566352
42261403,112165.23054612146
43189200,63017.18255739041
44654601,47279.46312461829
42041202,91028.44572757494
48517601,24518.81810220831
40844800,72367.97026276644
47011600,50788.650561726245
43237200,61141.796509569074
41289400,31968.85436663829
41294802,25264.17182074552
44593402,31680.545933326666
45058600,30686.963670339817
44227401,24169.6611322276
44672200,47964.08531551287
41331600,30223.297937739095
41713200,33221.51886479932
47493000,33220.939539706626
49100600,33665.162338705835
48241802,54991.17764140186
42498202,55872.1203150699
45802400,70359.95641878339
44355600,59213.40743132272
44501603,38429.40463941176
42145400,34585.138807771145
47958400,41444.37917432321
47157002,54730.1429817169
40816600,88631.00057664569
46801601,54826.63479645617
44982601,62895.62556260258
48909801,61985.45365075813
44101201,31851.594261911225
41258003,29948.533627136872
46199801,41915.06496693067
41727400,89747.59521726353
44434801,47132.92369413365
45182802,48769.647152071804
43280603,94676.77880790911
49779402,59342.8358865672
45516003,82488.50872368677
49884402,46403.73857024364
48091400,26957.601669408246
45822403,41474.32009103365
49820600,62226.7227936645
47120802,33478.58355634205
46281600,118007.67002582995
47688400,96722.59816353732
47458602,54984.37596659446
44728201,47737.722382273896
46938002,65156.61700107475
46063002,96022.67806425909
42718602,36738.00871169498
49105600,79074.8363566029
48163202,50016.309575501815
43977003,122040.01984874174
46390201,86941.16344533565
46353601,29388.930867531686
44227602,32425.003839107572
43392402,52244.67754567215
42042203,136185.71090278972
47298400,100952.8133769942
46438802,49361.60503802429
49775402,49614.69127754495
46667001,91050.37682714974
41250402,20640.568907614925
46091602,53793.26413991273
40961200,62844.12278358451
45570802,21758.9140864018
49898002,64801.88839400157
49988201,69823.14025698458
47483602,18412.29599569899
49081201,93924.08130054147
42807400,57461.202675817454
41991200,31490.957351322042
45317801,45881.48393028834
45995000,88237.26871247857
47211800,71822.01457816224
45549800,71248.36414122653
44648800,51523.266821072124
42956602,52127.99430047719
44279000,67026.92813125534
45843603,64756.790587442345
47949002,69653.54199616455
41164603,53275.86314242826
44178003,51758.26764742608
41470400,28861.558915421523
41992802,43095.05777614616
45721401,58641.88002138127
46522601,61271.607779926635
45379602,79075.31233159943
44694000,89501.11078344141
48982600,40237.39516650991
47825401,94673.57801887233
44015400,34884.374495220974
47739202,45443.82079197304
46068400,35979.588274998954
43827803,87662.40458395271
44473402,74193.39626161374
42094600,61826.41706323931
45612000,80134.1655240662
42171203,79364.23364929904
49766800,37674.051590497016
42018402,47692.497830263994
48351002,50588.32430905882
43021802,36534.341172088025
41899000,164600.74547440355
41358203,30752.768571371213
42714603,54547.31410044993
47579601,64334.63089633502
45673200,72020.44113203384
44648803,35108.51083519059
48911002,114025.11579336112
44008401,65615.09662591653
42974800,42671.9576716874
47531801,102853.91390338655
44947000,29679.22368406863
46412401,84050.37182395459
48977801,85101.41850498281
49366000,69355.11473784223
45279402,63682.95715359385
41533803,80078.90069904187
47008802,45835.97545377647
45669000,45096.7139515534
47942202,63889.67746940101
47914801,59896.643458119666
46554202,71610.4411929233
44926003,49523.58248640032
41162402,101543.81035117058
42697402,58320.990572302486
43987801,71070.30652843343
44667001,58131.29541747471
47701601,50555.490529776696
46713000,55981.955042368034
49037201,40007.46297397301
44977600,70461.66343932394
41616203,88328.03768525262
45057203,68250.28842140704
41478202,45232.896744353704
45556401,117031.85673988302
41105003,41224.73292865877
45265600,44815.28218103058
44225600,86153.83092018955
48284402,68956.85484245785
43802603,60333.21300100902
44257601,78925.63788068322
43174400,99501.26454326314
48204800,49357.55117928232
40991203,42384.007056079645
49671801,114021.11017338837
41612403,32778.86440032273
49281001,30606.29336981653
44861403,101291.23923482616
43185000,93684.53399246007
48393200,60609.567877114496
47773200,61303.654459896454
45848800,56757.712341984545
49077202,33954.324808301375
48949802,48480.344867886386
42767400,38707.690331922604
43251403,40957.929545065905
49728800,58900.81579589016
48396202,63756.07427923553
49384001,42972.30937105362
49501400,46434.14431030495
45122801,89770.21134350129
41600002,60781.754340194886
44809402,34830.76421787847
41677203,51306.66571932728
44623801,49980.590611173
46871600,75540.74287614244
49516800,52410.47045412204
41719403,91976.07641614135
41162002,59313.63024582681
41533802,51550.948507915586
47982400,69077.69995047721
45732000,58099.96164986621
42086003,55251.64142281951
44345401,25862.266561464563
43408002,72016.74964563109
48766801,109317.62991001159
42098202,70588.89459591752
48327600,91554.81588058951
42533800,34759.44008309033
47551400,63630.78896135289
45990200,56686.25712338788
45553001,68967.16354318426
45475000,21302.55929118651
48110802,86397.34959531346
49141400,66863.83318472416
44163803,79079.860657327
46703202,73436.22041521886
46627002,53549.37294673152
47029600,24645.626254807634
45391202,26352.56178905943
46178802,46807.134622549645
40815602,49687.548141134524
42287602,65965.03593309842
48684602,73687.64722539509
47632402,95619.13000344695
46962801,35601.73368521093
41659400,42261.96721579659
41675800,61844.24122514664
49555200,63425.38718335427
45635401,80221.78441797082
45122202,100403.13345119217
44873801,150086.13341388403
43749403,37988.94987351755
48997000,30873.608551243888
45951400,72421.59738191016
45705000,62400.171877266104
41882600,95480.53796743312
41502200,60396.526465368486
44363203,41813.59460899069
49673200,45963.89166239188
41985000,25383.52357488745
49674602,90519.0836241146
45620402,70423.41408488447
49440001,62083.671675198944
44015800,47114.59161660987
49354801,3810.0742442369856
46509801,36519.22437398955
48188200,103459.13752364616
47602402,51191.216756346264
43736800,40442.26018513613
46073801,56526.74440936182
45454803,38268.13545882728
46185801,58641.88002138127
44352400,32176.258651647084
49088001,87119.19023101579
47835002,34491.759698797825
48617400,35096.586629872814
44290803,54514.22339517315
40985003,80353.96151837922
41017200,23814.46788817254
44388201,81458.35618250194
42501002,39602.47280368806
41183000,38452.25810173687
47765802,69726.85559836123
45775402,39342.82530970372
45642203,45630.02732770263
49492401,111623.64238012067
43240000,70715.84650305595
41696003,59580.05324028869
44280402,73726.36603558772
43276002,55562.93599068178
47173401,62076.82590481586
49329801,83313.06003071711
41589002,85676.56589134657
49688800,81079.1933420383
48600600,65400.27451515306
45040602,80717.53289891289
44244400,37367.19569480178
45086801,104628.51754444925
46096402,47695.62967943365
44732200,52063.21718693196
44209000,74959.04552973136
46280602,51976.90732782453
46186800,43159.95928526823
46155601,73989.01790137385
49509602,48938.80085611673
46703601,45855.310609517306
49337401,64710.1319594216
49289600,25946.291847718556
48033801,62824.35302956835
49781800,74149.4742706653
47330601,30903.6399724192
43981803,84216.85428431367
49854202,122296.19627034284
47685602,65937.32907296746
47502602,57295.99986318962
45256603,52914.44750284978
43993403,50546.65832255135
43788203,52156.518230008594
41549602,21299.78566972389
49313601,73747.62996030388
48383201,62443.50313432635
48390202,54002.14234294746
46120601,24284.1755190422
42287003,58627.67951522116
40917400,115833.60678440183
41271800,24235.567991315285
41043603,38830.872152684795
49910400,87298.48599229888
44336800,64339.28921708972
48404802,44949.340905924815
41205000,20167.912025541606
47315402,100093.07126913192
44301801,65387.86650885544
41690200,53994.55215321831
47230001,68394.93924567733
45635603,64306.56319504453
48102600,30762.908259702075
44248201,80952.6791672102
43570603,56776.76952162074
42324200,82527.73346617761
42953000,44076.327856383614
43368402,35912.25442531494
47554201,49697.18316639528
42728200,31695.047420436244
48856200,44767.93732092037
47987002,2362.961372351719
47473000,53732.76256779608
47311802,55718.19052030794
47338401,39417.59324809408
43163602,45869.397406081145
43541202,88395.88236206198
49725601,66965.24992590466
45971200,82847.75996557399
49199601,107054.19416033472
43072002,49338.44121635302
49138602,54518.00618334934
45985002,34095.28232527595
40844003,57668.38879373844
49181200,37791.83597984896
44847000,59406.80473628348
43262603,60636.952258178324
45123400,83265.33836230097
48279201,40308.62943121689
45445200,74457.01362074002
44508600,62516.01685375302
41123403,40892.24657303093
42890603,83720.17510772726
48557401,69788.64324352304
46891802,51487.01784136938
46840201,27021.4947948287
48875401,58088.752519704954
48180202,34771.53329323012
48978400,72404.79489891148
42030603,72180.80969798547
45852201,57701.85505464808
43254000,92880.81398074958
41800202,59085.43859357013
43078403,63069.63144467385
43621603,53007.23487357164
49688602,45864.22978103878
43717003,33436.4463965334
46244202,93678.748882474
49812600,73849.75137099225
42616400,28401.381570233934
49821201,22053.711768460576
42189200,104922.85830548331
42062402,58834.89624007445
44743400,45979.7421800882
41051400,75741.64601063413
47483801,16124.029861730405
44090203,74444.16705071127
42316603,96768.07995262597
49872400,65205.648077801634
45940601,62202.56836729412
45420801,57105.5735642436
43158802,40059.86311796509
49772200,32502.709628303066
43353402,80266.26179680416
44114602,91785.47630449616
48399001,49175.39812216402
45179600,33817.64731107229
46173801,45038.75690628909
47211200,46664.52517658289
43985801,73640.78532941628
47086401,66636.06718503239
44503800,30142.354816269024
48549401,86654.60708161214
42857603,40564.400391624076
41574000,36229.694014851186
40870400,56984.76741068647
45195400,125271.75405774647
45991801,64482.80700570042
45597000,67877.9836812908
44174203,45920.63927631436
49474401,34608.1999945436
41155203,65319.099134034506
44533800,85493.47069631646
44683200,44385.61279630058
41536200,28055.511495078994
41453602,26380.509974150737
44741401,38096.7687440272
44520200,81068.88247782667
43422200,59013.101363965885
47874200,31930.940706091846
45856003,62551.94649702152
41268603,29038.704906021594
43758203,46476.86917957322
44956400,59375.14954893709
48738402,31534.030098702788
48905202,37638.781511709734
45104602,33546.186236112306
46443601,72281.82714659728
48582001,84181.24241368382
46948200,92611.5910084734
49460002,39315.33598895888
46848202,98077.72044301548
42885400,57706.943698778035
44496600,56362.965613358494
46666001,76870.63564902695
47995002,61841.26583502012
44729200,62460.38190056609
43272603,83720.62908509422
46485800,60037.05556360389
47740000,21950.77748367563
48883400,108634.90960534706
46077402,49601.54582589242
48578801,40124.51809938388
46735602,51448.82096777992
42979600,58030.027455203875
43592203,66848.0440936487
49636200,41099.21061938685
46291401,28252.003293628422
45327603,56027.145462263354
45210601,72791.85508163854
41223403,24578.026504723643
42569600,108708.77548593302
45135802,71396.62600600733
46696002,76869.23369914957
41485603,124369.19557112828
43380403,91510.90243669969
49210200,64994.62772714317
44721803,78748.95019496752
41417400,76326.44422798963
41957602,80359.25447687131
43050200,35891.50146741343
42921403,111245.96208003833
42419403,57655.42137516045
44547003,77187.18147303822
45730203,69166.54265607253
48310200,41759.85027930561
48959602,105637.57885984628
42925600,47969.518030851825
49748401,63507.24016934456
46871001,80032.2504166748
47309801,76179.37907463772
43804403,73159.32567459655
47556401,22501.067015456243
48102202,23242.59712075469
44477400,27965.36586534835
45777601,39741.58831914658
49281602,47410.10051364176
44872803,84392.69594374212
45085803,68987.38764079005
45428403,83613.86156707985
44468002,66308.54501521046
43671403,77259.73972907937
45396401,36825.27052310408
45501000,50972.275632262725
49415402,62581.64891551133
45087403,32516.93066945093
45050800,27675.65623264842
45528201,25774.054641758175
46824201,77322.38814244683
45260003,60949.3496095039
45669400,108607.88960790176
47106402,67295.24839281965
49188002,34087.95646300489
49542402,107626.88424003309
46516402,45620.59473638774
45471801,46954.72529103237
48565200,61513.68321088193
48014001,61159.501908647246
44379800,69242.82140364697
43472800,61785.34148070182
49745800,81385.20015327836
43417602,96217.19269420083
41255002,32903.74291845669
47218202,35231.537686464144
43174003,41756.741540508716
40990600,81914.25586125093
45203403,69534.69482951373
46472200,48940.9154255483
42473402,81562.02582411622
49321001,62094.37540456063
41624200,93131.16867142405
45180400,12912.482307688882
42941000,42726.69940590756
44929000,85874.28587920404
45689000,27876.14305469842
41579002,30242.72651499454
47128800,78317.50706880499
41386400,38332.6151455965
49934200,59975.94981627236
45527801,64092.12286606942
48481802,60451.9657132826
44859400,38834.85594568405
45341200,55627.602456621906
41407403,26825.704450478905
48396002,49503.00182373935
44073202,29365.185560440263
45933000,34119.449184771365
47666202,73710.0724699541
47989601,71350.80075783968
43828203,34477.71500842654
48569601,79783.91990978635
44974402,100448.04709152278
49992400,63105.14982312083
46199400,71709.14247481094
48040400,91830.20257301317
46331001,32752.848212110737
44628401,26595.113366763548
47162800,77274.37727770126
48176601,47604.7246392947
45826803,53881.563283924166
43907001,17545.200872621066
49157401,33384.735163267695
46241001,47323.66190848629
44401602,69118.53861434541
47061200,108081.9286338905
48812200,27936.706719065194
40842202,65045.25894836725
46095600,29311.116746568394
44689202,41050.30461757233
47429001,22080.35238537072
40846003,40303.0002163145
46442402,87917.5145112318
49265202,38592.41755779638
41954003,48041.68294031229
47318601,51616.98325546176
41940003,82363.77655490208
49205200,56690.66995728463
49772402,38030.72595983117
41191203,93749.87069365974
40802803,25508.11469863444
45884200,71371.73253543353
44530000,96023.80706490992
47808200,40384.6067161185
45263001,33722.580812289336
41152803,63338.875086390064
43685203,56542.233148217114
42459200,73463.01438101433
44988203,79147.10728614646
43658802,82197.9212594226
45067002,84704.65447122039
47704200,99574.58091912672
47812602,49437.19219897154
44467002,34359.22455853749
44105000,101288.03043021775
44986001,76176.77190229976
49759202,50372.65176015407
47072201,89702.08730827301
44492402,43196.02301283038
42842002,112164.27082511573
48793801,121161.86503682607
48482202,81444.59115371363
43803403,70966.42425200641
49902000,47074.45884115149
43988200,47480.88381240703
41112200,27272.357264658272
43283000,64490.51681956911
40955400,90397.93727558538
44212201,94770.72408599932
49695601,52164.36222142888
47530601,50893.953199446034
45485003,42857.584165698114
43603200,38595.82805886031
47652800,22412.742138933605
46698800,116250.41322065257
42737800,45657.869337932796
43252603,122842.00745586772
42346802,51430.14927424984
45194802,77898.63053506029
47878601,54987.13597390578
42406600,55078.499177471946
46078800,91632.82313636524
49152800,76057.48570763446
48912802,46135.98379427809
41298603,17435.4126890198
47199201,69416.85075293065
43574200,34023.854204450996
45385403,61486.496674226786
42257000,27690.611408582194
45236201,47881.471508882954
42809403,45925.20557530453
41754400,44963.25529785896
45826603,30901.387506372615
49916802,67583.16420200113
48963600,80636.06636164336
47021002,70145.36520486539
44046002,83683.37254553981
46799800,45563.608403045044
42252200,92599.3879881643
41243203,28178.13498025672
46642800,64003.42500670339
43641803,60333.48359974308
45846801,90953.06288853959
48910602,54488.98533903602
44646803,47344.04479938705
43984203,53117.353872177824
48752402,88558.48739371236
44605801,33952.80381086921
42082003,38370.30858298037
49225201,31839.655302926756
43718203,81269.76781610634
49498201,61486.488769409174
43315400,31263.180405467065
48592601,73145.9752242511
48834600,62210.282780973605
41182603,63785.04970945307
47051402,28141.94675781894
46370000,62882.439015526645
41977402,25742.840203118794
41843000,86662.64191550954
41680403,58601.410704638205
42337002,108228.57893540087
44710600,27339.956944732825
43717803,60517.3079054922
46096002,45351.616653867364
44360002,39503.59064073662
41301800,28103.816354203136
46099601,92129.59300196407
41899003,102903.23281829101
41579603,28791.931550669477
45545401,77592.05482530092
43797603,56859.77616472695
48651400,92267.91413225599
46339801,28906.96220475354
49563802,22246.777743958773
41737403,39073.660766788285
49412601,42169.369421968084
42385203,75310.33650352807
44005800,34377.617081367025
47054001,64996.88431347074
47189601,63311.846631217704
42545202,58050.22691183585
44679802,25811.595196568072
46519201,64545.02733459099
44145600,49414.61273889278
45703201,44479.40542047595
42572203,41424.37253837882
41749202,38768.71903283323
47927401,52572.13282183701
46485401,46559.697987365646
44592402,27592.621778465036
43269402,55840.032563230016
43073400,40715.37275786161
45257403,66171.6921701542
43244602,54681.91116318861
47368600,72556.92959699073
49142602,79328.18625732974
46021800,66125.15631658358
48357402,113886.83593159105
46165402,74406.42791178761
48580202,48872.71502607346
43043602,29043.400991387774
41720803,118016.39135311186
42909403,40323.42937444647
44205803,89875.04630363658
48367801,41373.77944256971
47542002,96537.35915771459
45054801,38631.252098594974
44848802,50248.90689602332
48686000,70961.68932540313
44942200,60664.185347996696
47784601,41358.212205509575
45478603,48744.93829670813
46361802,20124.99751178779
48104000,19394.80477534221
42724002,59207.155592130264
41341400,17253.85744644355
46820200,49648.12195346265
40902603,48614.658732264055
45567603,101981.79833623992
45787802,77981.01006640577
47787600,137716.07497229593
42025400,19400.74227661525
46374801,75619.75564148651
47668802,87145.89402311131
45948202,97299.24132232925
43437400,58481.08640977261
48057000,53539.52925567897
45482600,68932.7712666329
44991000,65852.27413574661
46669600,42874.30137673801
49630202,22807.89052282645
41122003,47380.51506008391
49677000,100228.73500745681
43444803,47988.75774831695
49516602,47784.29534796196
43926200,42622.97931702069
41175603,95935.60554874991
48479400,29355.16741876048
42791202,72427.74300100145
47317601,103191.90998232133
45098401,52111.19836777426
46423801,18124.900321462275
44687202,69920.7674539013
46649201,32563.619072851565
42810002,67872.65107193342
41266603,15427.307672477302
42008400,24718.64835540246
48747600,88269.86505079629
44208401,25842.149461978413
45153601,50451.61434940469
45344001,50683.928930762835
43302200,43744.825389372454
42631002,77614.38240388723
43955203,85424.63731806491
44435201,48509.950735229235
42010400,27586.801826277228
41465403,61119.74235757738
46280801,55160.66122112276
48375800,48061.90477091516
41263003,32811.258148907415
41216800,25073.314612176022
46809800,96813.564150068
46411002,48060.30111842275
45143803,59699.34870767038
43225402,32443.37992797085
48974602,72355.19950461276
46479602,51568.58084029938
45608803,56556.94237261609
45310001,36055.51653926384
44693802,34793.603160652594
43320202,64355.39740561226
44651600,66554.50440489028
47054600,24384.862883195485
43158203,112108.86610778044
41798202,75016.5057888838
43802002,55367.24353278306
41205602,20558.673113607125
42450402,93666.95924818199
44912000,39142.92188112824
41218403,28865.52152876351
46982801,92243.08385116437
49494401,45151.90307118368
49194401,50678.17685488974
47532601,81807.57869031052
47631602,33464.33457103985
49986400,43578.62855186318
46570201,72160.2776469042
43866400,43878.034921055
40999403,53657.950238173406
46414401,69593.45137499577
41124202,46722.08106623409
48720602,52087.267273400365
42539803,46689.85082963268
42808802,107790.34142453557
43856000,69608.270634407
48838802,41642.55765066089
45327003,45062.964811049045
48421602,74653.12673508671
44047402,62465.09070756708
43681402,55725.421985074216
47273802,45735.485715207964
41810400,65335.18153422713
45109400,32535.967196099227
46791202,117073.94084256062
42960602,55924.113801108884
44259003,50396.37886865459
41044002,53320.33242671518
40996200,30105.604708323477
42454203,94224.83397471502
44858001,43780.46811988193
48864001,15195.857970540934
47309000,44449.8504935411
44876600,78965.3119137277
41677600,72732.72013121976
48640800,41331.30399133934
48771202,108898.62515381696
47502400,55275.059203560035
46174401,58687.45963261622
48699002,71700.16048744312
47669001,49635.95170267901
42686600,48343.53130543459
43884000,49593.787829423185
42272400,77894.23653401209
46177800,43933.13569434096
45840601,40892.50381767462
48255401,49565.73246521646
41631000,30596.897078268226
41865800,32093.732884772242
49948802,93032.29951610458
44875603,52675.65473434232
43576600,101918.8770766213
47433001,57942.86171388243
48343002,117373.04742742595
46344201,76643.74081031131
42997602,82937.59382354362
48745000,39597.612197365284
48694602,30631.205255079036
48763801,54783.56403203166
47470001,116111.69621077612
43183602,98314.44563949895
48288000,36404.46025279002
41619803,38058.34241434217
48067401,40461.04424198655
45103602,55252.50056418892
46019400,47097.32090862059
43129402,46861.4813884236
47221002,32519.298044962496
46537601,75876.66939254184
42425402,80895.87900898322
47085602,51916.638830004755
47374400,81920.76684199963
44868001,67980.03003816649
43766800,56084.20308605261
48402000,40363.171849988874
41435202,52141.47306248375
48899002,72859.77034802435
49027202,47494.64123101996
48590602,61537.265687035455
47810402,39828.61095977484
49989600,56715.789077344845
48490802,47349.54045139257
49885600,68543.72986236143
49312802,45060.562299224526
46046400,57624.34225693806
47112600,33960.559340419226
48005202,69730.07454458956
48448202,94829.58327306861
48367601,60403.99353473792
45108800,34320.15973640572
48596601,99497.71581702936
45564402,47295.21405954375
43804400,55111.03373374415
41726003,37407.10920460858
43605800,38681.75006615188
47332400,59729.11672359707
47823202,42509.85569023466
49283002,33675.99480547646
44738200,35873.281619148365
41631602,19903.310969694332
46790401,82352.9704019568
45462201,74758.94381203355
46075002,33672.11552168747
46430802,43192.68381914072
44119001,29130.94257809066
45513601,44996.84702519165
47487002,34814.196843032405
47777002,53348.26853949223
49833000,102150.52688699792
45809203,69928.05381440416
43165800,47369.093946207446
49344601,36572.97219642125
42394803,74159.75956698737
48813801,89897.14778738172
42928400,42994.705355396014
42113203,45013.413168499035
45730001,46811.11544874235
48487200,101592.8082547291
41048800,72459.11513587173
44955401,61783.89067373243
45207602,61239.624724092115
48976002,30247.00819947338
49399201,122615.12076047709
49686201,47481.41296954943
44632402,47643.1310395447
47717801,74779.86364031045
45117600,68403.08144332746
44317200,38425.77201811618
46863801,31938.98140043065
48527802,36390.88472247139
47215801,61854.10398910446
46971802,32998.41190023337
48499201,48302.451225469296
41116802,41344.19691703719
45407400,40730.00738607979
44919003,54329.366025902265
45251003,134177.43583154038
42969402,52202.32836471177
45530201,73735.22139706905
41890200,32093.732884772242
43280202,58824.47343407882
48873401,50660.46615481246
42401203,29540.573939238224
48049802,53985.48426784572
49214402,56837.05485208107
40975802,78743.10832975725
46541401,61728.92731943932
46291402,62430.30744201473
45687803,38995.70107528257
45739601,43496.861667683486
42753802,90553.13395315847
43874801,38085.70085838122
45159202,49396.13525061254
49124000,44217.6245166833
47058400,112243.71272776023
41569003,31906.739724069983
42199600,57408.08835195723
41139203,36629.003949217265
41618203,32903.74291845669
44095803,39409.94123561499
43911001,53244.27585203999
46945801,33222.527223568984
42382000,55676.146666041575
44186000,87567.32108741914
48110200,43339.05746482124
45234003,109194.35210161992
47119600,78150.93679369299
49938001,71648.70755845222
45640803,92604.89274354212
40818403,50408.896818871086
49266001,26172.552214479863
42531202,65562.35160100427
46239401,57209.507702095296
49125001,103549.47683152258
48080001,18822.648469365544
44871801,101661.6669178482
48124600,62381.52207021064
44681401,65640.82065000197
46016001,66864.04470826472
43562202,64762.34061835946
42726002,51982.251897697555
49901200,39673.94199337519
45342001,35350.33398888416
42732403,51603.994528013805
46811400,49647.49680579182
41539202,67138.01414741714
41705800,72756.67222421632
48125000,129165.5593342301
43866200,68070.69227259206
44967801,37720.149899924676
41130603,47488.755770296026
45492602,82468.64073421885
45060201,54519.01734124767
44412002,67914.906194304
48936400,144886.93473998725
46573801,52292.04009141606
42989402,40946.01011143503
42972000,93612.07349043686
41804800,32093.732884772242
46738601,60871.175705203554
44505603,45378.77561597777
41959002,28865.52152876351
46031401,43761.93194766652
42857402,120881.34793303035
41200802,65406.700139942244
40832400,33875.558699188165
41879600,56327.31133155729
45285202,31593.86356180957
47001600,39805.377550519646
47956801,106037.70544892288
46835801,55306.106686275685
47742801,78715.17410986246
46417002,141887.95882691885
44665801,68891.5508855395
46210800,55539.71845443664
43918002,91331.01452788166
45463403,70761.34145738883
48163400,13944.27397124593
41302800,17639.32175100037
41662000,32093.732884772242
44369801,72588.40727046263
44210401,95336.44717933796
47270601,35944.8563510779
44644201,38243.06068698169
43106802,124126.98001568661
41443400,38532.20017004835
48857801,68380.17314495062
49259600,56202.707280436334
46061800,58611.359712231155
46273602,91255.05248363013
46603000,53867.664076749636
45534000,74726.4514728671
42918203,98159.13887318881
41882203,70743.23796843678
44773801,37891.40720966627
41124003,38941.18616118082
44928200,35753.754088034984
40942402,40286.310572402566
43722603,55768.52990517949
44879402,94602.99349475687
45532601,68239.82556709519
42678002,56206.99338243136
44819401,81989.66658471015
46187600,45200.9315573245
46476000,58789.85872699512
49363202,58171.12960474436
44942603,31681.594270601443
43109403,74101.53451487476
44894201,40836.50536142695
41669600,29516.904343371938
41432002,81893.91181472091
44763603,82692.34338048472
42689803,30537.108728866424
49490601,43200.02047952278
45781802,72194.07936998221
41129402,73778.3714336103
47859400,57042.33242552281
41874800,50609.821938798705
41639600,34526.735277119646
44906001,59702.06675887049
41230602,26193.53360857197
43163200,75362.49576557524
48397401,53370.51416662566
42660400,57662.04933962598
44840003,80284.84367609637
44136200,109292.64357171024
45051003,32735.853127951374
49432201,64382.406367588825
45158201,74634.21710414639
43527602,49773.01975660037
41645603,66235.55779984606
45459002,79839.62327925897
45823201,58790.176795112915
43892201,63806.90862581739
44414002,107774.22957134734
49182401,58692.10145283621
46959801,42682.97719221785
45762600,50030.8147795288
46027800,31507.721104618828
45199403,71782.64660397383
43726400,60135.898868267235
45059000,93393.18493339654
42058600,91604.8850852968
45371203,67129.0470531444
45823602,40457.0643399543
41937002,20644.423525811097
41230000,22089.67453568098
46731201,63476.30116673038
42236803,60743.16126327604
44586602,106884.92312765635
43126000,27771.03475741022
42408003,49188.42090904452
46366001,72173.22183401909
43658803,82416.03363240714
45447803,76864.29897699425
44779003,16308.636327699562
45707203,71004.89067542728
43185003,67941.67200478315
47581202,61138.45349220474
49648002,59879.27404999717
44552802,53774.472558046575
44044200,28862.170673776636
41168203,42907.70244919428
46222201,79863.81427780504
41848200,55666.68552312743
45419201,48003.02632827242
49392600,69115.3915913753
44072001,52219.71340874587
43266600,30095.13771775241
42905003,76515.45050287693
46704402,53542.94690846908
48826602,123835.85807222666
46194602,46534.1521257843
44298603,26377.644407669854
46038400,48846.685274770265
47601602,73285.31716024289
49671601,67152.13042975261
48166401,72845.3970179618
41073802,42715.46563799671
47154001,27505.80544708187
43418403,52971.76093256056
44016202,26887.51266571122
42641000,44227.8853884971
49699201,82675.28482202555
44050800,81344.31855938115
46864201,42302.922776338106
44881802,82948.87233017577
44281002,67899.82780731915
47891601,68582.64353444705
46816802,22537.943036288743
41757802,75878.98352457731
44686800,35048.05083239178
42479002,32891.37713315114
47292001,49898.59030402798
47794602,33137.72815039038
43784203,59162.416990369544
49099800,120811.85278132831
49860802,23745.321964624698
46059601,22564.769804720414
45567802,44340.80491171
45694801,53865.71300793268
47988201,116408.82728850958
43992202,29110.974628467004
41565600,33298.430564078306
40874002,51229.59296356285
41667800,52145.58977860912
42373603,82938.80295249986
45625602,78989.73892412052
49043000,25821.291739563545
45223401,54425.27225872416
46642602,43347.15156253457
49064002,44716.04805022073
48835601,42144.76303770985
49658001,50510.81729462395
49597402,43698.91701975516
48782202,34984.26958532935
47897800,55268.988395580614
45789203,48143.844042696386
45257602,126237.57556781794
43378002,44540.46351584119
46381601,32363.526774382513
42855000,19177.576083100834
43336800,75500.05028624226
46829600,78980.34174270004
41003202,37371.50847032858
49703602,45795.95327697201
46465601,86467.35330834151
47472402,75546.3321972594
46115602,61091.26260092377
49616001,31977.203920669454
45302603,55958.284773399755
46008400,60871.00824204517
40912402,40917.83797154438
41034400,94038.36413621515
44860201,26838.980318546935
48920202,48622.88979559966
43957601,35531.49897297176
45529003,110273.38435359737
49542601,46671.58987312957
41941000,58252.8451040595
48206001,44733.03327572752
42144602,54335.35346818848
45342800,47252.75989014057
44613003,30710.96595937122
44821603,68953.9760635314
44402202,52016.33407716133
40806600,58408.28761202115
47492201,44050.33398979126
45334000,20384.791919238203
45308803,75038.7270354071
49847000,64259.81855847051
42305002,33880.40530371341
45815800,82556.68771502926
44534002,102588.08668272145
45079801,65757.97755165493
41589802,59164.0684652055
41868402,49888.035027279766
43405803,57777.50849036356
47396602,94903.16593018225
44973802,76638.97575795704
49303801,81647.93368651278
44637801,71673.96573254438
49156202,73412.84136583598
42641403,39162.3314109197
46662802,55129.92018470612
41143800,32937.03018142527
42798203,62305.15079905163
47762602,96072.35411313482
42394203,81751.19265765967
42983803,52064.6726258047
45637400,64213.14564600658
44545400,61995.69510544146
43945003,22755.286298015442
44001403,77298.65886054283
42093803,46911.988568399254
41940402,35794.75165355574
43172003,94311.78228061799
45495402,88098.66703576088
46339600,67003.75208223556
41259402,24357.594107450284
46560000,71591.17878506708
47104400,120925.0190998833
47746801,26266.83316311419
45333003,66826.74980716081
46638801,58264.73802046991
44364203,69702.33200261311
44580803,26536.07028008575
44433601,64100.76993677696
43338203,79493.96497447317
43029800,79414.24649475126
48824000,78101.09114933011
41947003,20870.5089196339
42641603,38851.49715531706
46228200,33246.509664979974
41690202,50983.177747643414
45946401,85862.93820199322
45866202,31957.367789320913
49736000,115682.66297754459
42826000,92627.27486204228
49904200,60593.7378165183
48453400,38603.226202980906
45063401,53074.32454102374
41267403,17435.4126890198
47041400,19377.121999690728
43984400,109939.7623437033
41789403,80132.55164838558
41209803,32903.74291845669
43948402,100889.1413902686
46394002,45480.601306641875
46722202,45747.53924160201
48814401,54508.04228497492
45655601,44605.533896480185
43307402,64018.635661808694
46469801,47808.85103895067
49163000,60002.87661550757
44027601,59254.686543694064
48967202,62032.336981050146
41938800,74898.99735113523
49348401,75671.57572992184
41369203,26473.137743024592
42526002,46175.16721308151
49470401,30376.069609623584
44401801,58810.40570066127
48093002,23379.38936715374
47241002,105778.52164804895
47722602,51061.75410370624
45286803,75710.4695017096
41975000,85117.72620143379
49451202,66848.43473856233
43016602,120245.7350463415
44265402,58104.677848409265
49362202,67521.4856609456
47967600,83176.6940718909
47514002,73960.83895799713
42592603,66100.84373622152
47448401,71262.07386903309
45238603,47269.24173915222
44937402,69501.03325323766
49754200,41559.422438612186
46284001,32155.546090918648
44877002,41988.81325970666
46662401,47828.66650198354
44331601,51832.45226797777
44700402,70210.00163981691
41848400,86695.84495492477
45670802,107347.61097102512
45322803,94132.80983209114
48233602,68651.19184000463
41873000,75673.51710629942
47223202,99442.81917130313
44212600,83459.87061205185
45385402,65934.9283226174
45879201,80981.1723118882
44745001,56841.11098639742
47106002,67925.07636151018
48628400,105468.33112692767
46362601,48273.24840698322
45432801,16781.07103851818
42875602,98446.4051037487
41082000,86701.58666204927
49163202,62693.24434856874
46379401,38592.41755779638
44942002,78350.59030870041
44951803,68535.85019427422
41987602,59659.21833475434
41494600,48449.08626442826
49516402,75170.02465705966
41299403,17435.4126890198
42143202,107993.58849264849
42622203,45708.79952518145
49211200,50223.014864245364
43145000,93036.41527569064
45269602,57496.72335011554
48213001,94184.9754462367
48237002,63326.54975042228
44302002,59502.85681096638
41968402,52420.96920459964
48589402,43106.16136445435
47712001,49779.97165705976
47918600,87856.42458649403
47895601,58879.91896154684
44710400,89662.4968145389
47322002,51339.31661753541
46543202,132367.08567679411
45444400,83963.0969412057
49509402,88251.61730755767
44420603,48594.7127174734
47630000,50462.70907047922
41298800,17561.397755148453
48380601,102333.75695432379
49091402,74446.53844490278
48995802,130670.15006480366
42116202,37305.87626160372
47130201,34639.24215839623
43153603,74934.37515107507
44551601,31906.739724069983
46927202,46910.989710886286
45237803,69779.60397679686
46679602,65463.29959219056
47841201,45943.45871992694
45723602,102130.65706311504
45485802,39140.21098239632
46894002,51199.782529768236
47264401,68343.19156459007
44586201,57429.82991420085
48511401,28245.12009143645
42839800,24599.436611368703
42204402,97736.01734785839
43682600,23199.616964730376
49305200,32512.284230868372
46078000,78689.60034454225
41351402,20659.20516530757
43027203,83270.39269618501
45747202,109444.04450388631
42840802,19344.00208720747
45232800,64443.7990668138
48691601,46406.447881279455
45218201,21547.899943790293
49326000,41826.59059118618
46261802,35822.04489123239
49238801,41158.686000335794
44301803,62281.55036677401
40911803,49234.46354355984
44046001,98084.15837978464
40974603,32344.37617094884
48776400,107968.76949729702
44228603,31389.67901721172
47258002,115151.69056566362
45572203,59246.10586098778
48966602,56902.219587674095
42322200,41805.076935446756
42808400,51744.50631344789
41230603,26193.53360857197
45187202,80550.49551790919
47569000,45868.23149853218
48603802,80818.29345890447
44849601,79353.48653603188
41926000,19437.68622456927
41780002,29038.704906021594
44043802,54822.78777283992
44454801,85342.60372797865
47527001,40144.01249761897
43660603,54890.8237832495
48853202,51186.5538657676
41122800,30125.64540979119
42326202,79315.8945115828
42266402,24414.703282445145
49573601,35289.45978190496
45296000,49080.4546836041
42834803,74871.6268165146
40911202,96007.10456932099
41131203,49653.67425606369
43102800,80489.96799489007
45640002,45501.668592025104
48676201,28284.49003448483
48263400,62839.456795631195
45772403,51983.60125265936
44474803,74669.49142225596
49664800,72068.70962266377
41239800,20021.3270105033
43337402,70629.5646048596
46664801,63475.07038346713
48826800,31553.25317932885
41630200,22569.7357894351
47038200,58532.77305018956
44742403,20474.83545411046
45555600,82080.95211408468
48230602,55577.872566147526
43260203,53199.40695154173
43089003,78289.26103970781
42743600,64581.71329769258
47870201,69186.79060186425
48103601,40483.861337598326
48555802,58492.17014676158
43570402,50194.90153065114
43080400,62727.824908935145
43768003,39364.7656707952
41988403,61634.82715061854
45505003,25763.40627076334
44629600,97128.68677143576
43345802,90928.25102056719
42120200,77220.25904492807
44954003,60558.270575825074
41284002,29033.073300504795
45312203,66689.35938012709
48227201,58784.44437185058
46876202,80743.23033376457
49526200,70669.63741233398
45518600,30642.377106310014
48210602,85424.63731806491
48992601,24580.727085899704
41124600,61168.75516048625
46928602,68783.56343401101
43001400,73168.90900393625
45151401,88931.20525280705
41490200,68163.14901419863
44124201,49795.50915147548
49488200,28937.148050692904
45453802,60091.8350576115
48321602,69557.70786847304
49644400,80508.79339539431
43912002,62072.07544290713
47219600,50677.26950722111
45085200,41449.44644906711
48398002,43301.142773664265
47015000,75061.89974306985
43152403,70863.37914470883
47329001,62931.41109139151
47860001,40583.41246796738
47550402,69603.0415526343
43581203,26806.040258924895
49304601,65017.524615090144
43325403,131755.71885649732
44242603,62764.85231758495
46257801,63109.37881586096
45765600,61487.06255368831
44405200,64164.48122997364
45756201,47511.23598437487
41864603,30083.406915354844
41772002,60534.19102613096
44421003,47345.970176955474
41730003,49145.58875296201
42991203,42180.124234424475
43587603,96467.26221410722
48802801,30840.684414115312
47319002,59906.56043583447
49695400,40043.37732496289
45895201,53991.53133944635
49470601,109371.72694740335
46602001,45917.997531873334
41312402,18982.012050644447
44261202,49543.88731359943
49438001,33707.327500155094
41816600,72103.62072705569
44672202,87130.35708094806
47109202,58094.53484469448
41388602,40575.43875314767
45522800,44634.40224402089
48207202,42800.68172891565
46893201,17009.476925983432
41439003,47626.13331543101
45510002,97194.2419790965
48330402,41315.661324867324
44976802,97142.92164638222
45366403,60271.61353935868
46120002,77268.73906541521
46922600,34557.2406969565
47879400,102314.08628243695
42717200,120623.95586639775
48105200,44765.697884343266
41343600,30348.176455873036
41760403,51674.55457097831
47231801,78754.63152781698
47856402,96721.04288043661
46131602,104729.5208540359
44509603,42800.67934902405
48548800,59993.556962622475
45373402,75506.20803306413
49779200,64392.92838266334
49638402,66868.75992514793
49756601,26744.009183482485
48735800,50213.737181466895
41144003,96613.62435229836
42584600,66826.33787269599
44491601,33636.256266982
41437602,60587.315471584916
41981200,52013.503482376684
47641202,83887.89878974507
41030802,64744.83077193089
46188202,70252.9581661319
43867203,83381.29241528832
45144602,52328.62218443193
48738002,46279.19873820256
41228003,32898.1113129399
48322402,44436.962782877155
45634803,53356.63079942631
47541600,59448.1999614283
46886802,28021.94408756978
47780202,60327.13632159179
47709401,48274.0888250935
46169801,27437.604006356738
45793803,42534.43954054843
45647801,80267.62030659798
45205801,25397.759974109773
45424001,62470.645048824204
42797002,43100.70244261855
44372201,53135.31761263372
46728402,47569.06522497984
43490403,68014.04741545567
43183800,68204.88322710406
44349400,36777.95823683636
49444401,41550.78701335054
41671203,64913.20070396044
42240403,83411.28412883589
43414200,58702.00627059269
48435202,58894.70553246617
46080001,64817.96966677959
43451802,30280.205916568673
45380803,30692.163111888218
44188400,40159.66202647934
44310000,76207.97784262264
47831601,64460.83182441633
42425400,91386.40002256473
41815003,149323.0003748678
43218800,61903.774822006526
42720203,58301.564489371194
41862203,21525.871063546692
41093800,77516.73699461883
49074200,55018.19981130981
46368401,43772.46114161447
45828402,45232.945675602154
44240202,60806.028220042965
41021400,53344.92179940883
47557401,99493.46240533856
43565000,117242.51243709786
44194800,44948.34169403816
44055801,91697.16268303247
48539600,42189.354343111394
49816402,32445.892856093167
45328601,79081.35176525978
45976202,54062.47077436474
44338001,36324.519477369904
44488001,38168.34724222532
47981401,91044.11490142281
41499203,77617.75664622698
46900801,47876.39425737531
41834002,98862.29322459198
48962401,71181.04679697074
42145403,71023.32344929878
47715002,65208.39721022834
45337603,48954.95867965035
47018800,45450.12894318277
46193600,50799.19364197425
46988402,44806.61409553975
46770602,125946.08099003845
41599003,56298.960147382524
44523400,60158.83878167686
45350200,75035.82750596564
40835400,112992.75822815759
43413202,89564.62042994627
43670400,70889.47299170357
49193600,74194.5183439948
49426400,71897.67930568267
48753200,26932.85773909722
44208402,31352.816164875454
46759401,114565.68129760277
46194001,22452.9066244658
41015602,34132.40369754151
45258801,52144.71934150927
46847200,41598.8956587919
46641801,52418.07823082753
45590802,56628.87640873836
48222800,57563.48810905532
49097802,49525.088079646055
43107200,34701.421006224045
43929203,71113.44455213053
49685800,97016.86171262998
49207601,62711.052000954274
46980601,58712.1989409588
40914800,34079.875013494195
48994602,75740.10183397912
49968001,31715.295102306412
45712601,35226.04152430232
45835202,51508.96272525543
46637000,21962.746615980464
43853603,40635.593559335284
45559403,37191.91409187988
46939801,45087.44302138752
41826203,71724.048178845
41257000,24782.749942013197
45602003,123030.17817377046
49537801,69180.75249535013
44175401,72156.5203236941
45570002,40683.98265536976
46788200,20705.276039466342
44399800,81056.6702094282
42577403,73169.2149572607
46732200,103758.83266557236
43975803,126511.18389292115
40869200,65479.175068588
49616400,72413.76208524685
41572600,37137.89351586156
44486203,51895.81550873804
44866800,101145.81253323708
42536003,43632.819811590925
41741803,39367.089661749706
47383600,133545.59378542652
41849203,24033.182711835376
44564801,82371.27838284196
47568000,63677.65576207353
47370401,54065.89415325785
43239203,30980.988642091048
42390800,74989.88694822327
44604202,50002.2321337345
42329402,61118.72678498292
42006803,80079.8116620878
46250600,58962.42414550033
45178400,81669.75791871134
42116000,23134.492162682054
40989203,119958.53988588914
46279802,55657.41906794414
45538803,63889.04809875024
47938602,72005.67324900207
43658603,118589.9007562376
43022200,40734.2883524422
49353801,66655.42770180268
45128201,74889.74859721537
43975201,93099.42432584209
42488003,26693.0403602191
46559601,73509.78919640358
46554600,61417.723931914625
44051800,106784.5120273744
48197200,78463.33042757101
41467800,50798.85288627508
44073601,56583.2762636708
42481603,52393.07777932253
47145401,57304.12156991552
41736400,117429.26198907745
46400202,32362.369447746813
41378402,32292.355476548877
45484603,44800.627990716
44248001,29811.82305453533
44888601,41727.96046619531
49326601,24987.53505213672
48406002,41843.651239622464
49747202,49459.81077883933
47233202,98332.70285431083
48750200,118339.2643978799
44085801,87548.14089006445
44497802,31653.667284197447
44593803,67493.187968135
45171200,48604.629303171525
44608401,54907.335660585384
45988802,29781.579286354186
46875400,40701.510566597266
44383603,54529.9858853366
43745802,61869.584005815625
40811602,112655.94740911647
48434801,49475.28461372116
47203201,65347.32734604148
41459803,95243.57672539278
44087001,108713.90674353065
44549602,85320.46108333062
44995402,45443.82079197304
48885002,79880.13427514021
48443001,51812.306082236995
45462801,68868.38259016958
45598803,530.4532723478354
49057600,53539.084736544544
44506202,54366.93104129348
42883202,79244.38332505131
48435602,127312.87454889568
46436000,57093.012042586204
44116803,69077.42231274753
43145202,55671.66380557886
44746600,49377.40937946318
46239801,43997.333104980455
46305800,91068.85858059788
48316602,41693.30804445269
45511203,34868.29383748277
42472803,72177.14030141493
45472403,33655.25378651713
43062400,70187.43444958921
48471200,85575.4728101093
41098002,55246.15830287778
47516800,42086.58298021563
41274203,22638.872672879337
49772202,58836.9279897388
42536402,74106.88256534553
48845801,66546.65852885191
43646402,47046.721653644294
41264600,15250.574610162012
48889402,49808.30453964739
41728800,57659.804302619785
46672200,102974.04184281518
43465803,22629.871743958094
44004202,34923.334997597805
45091401,31430.81232649084
45244400,80347.24389391883
43493202,83944.68317877372
46916601,99205.55499189273
45100802,81088.06352161361
42339402,28049.31918899294
44651200,62239.265955775925
44951003,79189.03903172581
40881402,93521.54848216593
47816002,79259.57644564973
43146003,27086.57532422913
47957401,45038.75690628909
48177200,75623.97032898429
47360400,62733.61395641234
43923003,73843.03086797123
44702802,25323.15797268727
48045600,63710.82706851579
45438402,102337.36628937046
42667203,22344.841506149405
47350800,65216.35299308594
44276002,70220.3305499823
41080202,104281.43668116818
48076001,65132.74458483364
45519003,40515.85122671367
46706601,33111.257932332344
49827002,31685.354891428793
42755203,57109.08389223281
45827601,78788.5256601495
41174403,81263.2354980132
44894002,72053.50297622733
43602802,114975.92628196966
43655403,68794.84518370441
43325000,56451.7950091518
45387603,142783.1629733472
43064400,56934.145650576575
44098201,79258.58655867547
45690600,77823.02657409718
49931202,49257.94000946077
41382603,18283.942252035562
45822401,71404.96165136625
45710601,80918.86306668578
43490202,57607.22336175795
41690203,50983.177747643414
46764601,26935.814287542467
49725201,91327.13720075476
46388802,118781.3672581439
48494201,21382.93534215662
42154800,29291.370391567663
47140601,48346.12619497537
46770400,47290.740474857674
44248800,44154.5571944155
44257203,43685.94421017471
47576602,37784.34250692149
46564800,58816.74075415451
42826802,53454.1499221744
45513801,43417.72261092906
44024801,70530.54387984089
41739000,114353.90921952855
47293002,58658.159563159206
41474000,106591.66861837641
44780202,67525.91511561161
45732603,55890.050677355925
45090203,55284.80387655656
44559802,52230.74535075976
46963401,120997.38579460523
47760002,79075.90836456514
49662002,49958.66547241741
44433003,57673.88459057483
48715202,54699.266818115495
41338800,29392.037046411097
42235002,69467.14870146975
45596602,93364.52119006886
47425201,52156.182138391014
42653202,100766.37686384776
44063200,40207.18239093301
45161802,47821.789753101235
41696603,49763.91130212794
45224601,42272.4554185598
46968601,100436.11640305334
47941601,86717.96477808173
49508800,57028.72145745327
41504803,53217.18160668364
41824203,32778.86440032273
46847601,44114.6530818382
46771802,66861.66945495571
44454602,53311.503828646244
47546000,93823.77050754684
43679402,50679.08369718601
40864603,15801.286370869126
44311001,65031.704508611445
45227000,62840.19379275157
47151400,41381.64015781255
45256202,45931.09390014396
41273402,26757.83088515779
44091203,42307.49358955426
49458600,60431.40929058256
41236603,16280.19538916379
49849601,60692.7432462262
42939600,39558.03741637653
44817003,32713.576460900822
47668000,66233.48358642095
42699000,109884.27411061579
48006202,58159.65013650988
44409800,94051.18595504187
49103402,112133.79094155334
48306800,55393.01789049262
45648603,39896.78262197708
49285201,63466.85944859432
45416802,88114.41166515078
47553402,61797.13212683782
43374802,48646.536019953
42913003,40980.97890526728
45715401,70964.37327825926
43081400,79591.96116777748
44843202,81426.94492970972
46316801,82193.39033405838
44547802,35060.892686415675
42970802,46209.91123262142
41901600,84318.41814974791
43927803,35584.294658841914
49735600,63052.343991011316
48650401,107076.30081974236
48995400,38104.586510872585
49385001,116924.17470477414
41282803,17721.72538695886
41007603,58455.82575714681
43884203,56888.621121441334
47281600,63168.25698920563
45902402,33863.549578344915
43431600,53711.638597613884
42691402,55191.19961100324
43242600,78073.09763127654
41665403,32778.86440032273
49275801,67429.66106696341
41453002,57043.024426430646
48071802,34674.54828612763
45786801,51169.57288054293
49798201,61149.48954591535
42155602,128028.91723584775
48230601,69432.28459850236
46331402,36152.79656080781
44553203,51095.308737376065
41323402,44841.46089752507
43634402,146072.02786218858
45694401,78817.06475682712
43035003,59271.38061435935
41336400,38831.21074071377
47116002,32240.703435926942
49008000,69396.01262684929
46413600,24560.87442266004
43624003,52630.93530241529
44985603,30731.01603810176
42291803,44658.23331877856
46235401,54126.16229480055
44412402,46447.28277279056
48476202,35281.507881408725
44461403,86609.87789497811
41680802,54024.78767627038
47224200,35418.40607606845
42562202,105284.57054469305
48683201,58598.204154910294
47453601,115950.03741536847
43356600,119646.38112152324
47571400,48122.35947166003
42849200,51077.56643464045
43533402,61139.85739033815
41939402,94278.91956648715
47763200,123687.63807660372
41958400,27366.384455017404
41682803,44844.14659118474
48545600,54420.34114789132
41887603,82740.74587685209
44040403,88925.11125120848
49050001,57018.51638222858
48116600,30454.852679783708
44753201,67833.18188948018
45242400,91446.6913982793
49487202,36548.271329844014
43812603,21134.547877623238
48361200,74513.35993295981
45649400,103439.69447586422
46291400,29203.09486102003
41169600,45612.25540655634
49819801,36271.498886215486
42034400,67940.45419882242
49657002,55044.89716765187
43879600,38637.85658717969
44879803,59517.779801726436
41191402,61757.532802277725
45416801,82583.8931517858
48026402,99660.57919219119
47190602,94259.35305238883
48943201,124799.6576524379
43497402,73080.25853520216
44301002,151048.50423318695
42075603,36725.87091654791
44683003,67936.69379666034
48231200,124998.08505509747
49788800,38343.14589677673
47208200,57045.61377973727
48917802,49440.82021805514
44555200,74841.69831662806
41159200,67400.89953673437
49479600,77549.3148492365
47831800,64257.3207164413
43877400,64770.18329176057
44067401,101004.2551863282
41617402,32778.86440032273
48996400,62498.02337250622
47005201,53099.062432417995
48993601,75337.57073041376
47599200,33234.11191880712
46476800,46020.804866891274
48245602,115716.29078856981
41281402,20644.423525811097
44137400,112625.94712154628
42528002,55435.520491591706
41983002,52314.89777309282
47488801,111367.2023411343
45252203,42217.879005901996
42572402,23072.21257519594
42312002,64508.206882572675
42527400,39023.03986170934
44424202,55283.6180370907
49427201,69449.363015182
42401802,24328.28162192535
49220200,90907.68753960368
44114200,109765.25963835124
45240600,26462.566177124503
46229001,65008.05842759842
45073400,70654.55410347847
43680800,49224.59552353642
42911800,62568.32231403216
47692401,47305.80622467018
48868402,54687.727118335664
47876202,58148.44365127934
48225802,78625.84147677962
48286601,25743.055520731898
46064201,113305.25341883338
41749002,131457.3363832083
42191003,89266.13357044222
44908603,153984.40486969645
41246802,35729.852766279
47489202,42242.45589834266
48451601,73359.82020471885
46154402,55524.37053006927
45140002,42113.52951746718
43787000,59376.34744383035
44349801,57946.188040415116
44336202,87519.13708937888
46014600,56951.62342427996
48868802,70467.0055577025
46500801,75381.7507430185
45948001,50898.039769102055
44410800,68626.99313168859
49487001,41800.8759612778
46238201,75067.0662017796
47075002,44994.762648180884
48061800,29489.204444839324
42044600,38336.86590676446
45170000,60217.92165317873
43501802,43312.33422844833
41319600,25574.276458724267
44965202,59139.749112051635
46023800,5632.367291083423
41874003,32591.379209762963
45231400,45803.01109366879
46833602,56586.89251380374
44373202,102071.15409795335
46660202,34801.42936484022
41308202,29021.347073952697
45478400,115640.85352360198
49407402,43950.34796007405
45266403,91094.97511874829
48132800,49011.17691980634
44113602,87849.7185412435
44367602,76743.97103518409
45265202,71534.62076849116
48435000,110528.3437278727
46210802,68672.78517633144
49739802,60549.63423016021
49282402,66342.29801281485
41559003,58670.863877561496
41084200,123536.78000373577
48172801,30692.166868597764
42639403,45242.65183714131
44146003,56303.4609859549
41100403,59972.85001292263
47961602,90657.51848034837
44125203,50138.409190554834
45157401,71964.15408292373
47341801,56762.820621475636
46249202,50463.438816912174
40896802,36121.78436496448
41904600,81397.97610212909
48139802,81433.52657152407
44938001,67412.4450057439
45593000,102879.15506133075
44640602,62191.05067674958
44344202,120839.29825987978
43126403,105771.54224591478
42755403,58285.29951041765
43414802,53470.36086607032
45469603,60851.040949316004
49171400,52714.19690962632
41033200,23400.990673180997
47874401,139098.710445573
44269603,83681.3215408882
44887002,45648.048161818835
41684403,56810.15076389438
44791203,76496.2479582914
48314800,41891.1041098962
47456201,61004.883977754165
41243002,32902.09482153187
46700601,72936.64524757897
46363402,47746.87875818823
47989000,37045.77018667618
47384802,44817.06695613533
47636201,50879.06783128425
44094403,66854.68685774638
44359800,58014.89101812535
44026001,55287.21819010753
41695203,29033.073300504795
41083803,67148.68154349207
48790001,74909.75319675247
49029002,35214.86290637009
49837200,57332.004698373144
42122602,48501.39783270306
48202401,43854.43744314187
41695600,37327.80040760668
41956802,69672.0221908262
40846203,63455.852868333066
43229202,87794.10776860845
48134202,23577.596432145026
44738003,97890.03741467807
42993003,66067.26133571749
49820801,33482.878895024674
47836001,64932.27642943824
41251802,32883.82845522788
47054802,32717.447811241465
41600402,112927.4558671035
42320600,55786.1448184848
47142200,42499.542604346694
45668602,72167.5196811532
48090401,33609.649733857186
48572600,28382.97917953453
46824000,86901.87192455861
41004003,88244.82714578704
49624602,74159.75956698737
46227802,44407.9737903828
48041201,93476.17761753501
43774603,34115.56382202666
46722201,65654.13023468056
44478002,59354.15212560972
48016401,38390.22861222059
43465000,50963.21953050426
45866400,27084.222840994327
45624000,46713.032021633335
47824000,27791.27397725948
41113803,84046.5801945029
43856001,103850.35356423781
40875803,62361.19074734625
49309001,72068.71874711882
44273001,55356.17064160878
49252601,29459.761710845447
42924403,84893.77914896944
45646003,78792.45435617305
42219803,94672.51185689808
46513800,87470.99312037572
48984002,39838.813149070695
44422002,95985.1946923202
41706803,59507.95296790699
41722200,28444.174399991338
44356602,57094.29769791537
45317203,34215.08266875714
48398601,34970.74426385208
49448401,50945.720901836496
45813002,59656.16443680938
47824401,48289.026158090484
43048600,69416.60414578933
44324201,42487.88864273348
40902800,17526.579113707765
47286000,69377.85421848719
45866802,30928.92533757594
48975802,54959.722738046854
44847403,55759.217870921864
47880202,98379.65257532285
43988600,41044.63616589596
48910000,79032.4213355343
49460202,26370.17101997847
43868603,39183.2061508793
48083402,94933.55118862442
43366600,66784.5435090392
41345202,30633.52165875407
46887200,46205.059418769284
48804801,57577.36497355877
41720602,88709.82464774605
46137001,85412.67927100892
44711801,46618.5700771126
46870801,72012.82086366985
44011003,67534.21652342741
48817602,50107.46216221883
45221000,48797.53619613432
43302203,58641.88002138127
45917600,27565.041565236577
45140201,56656.939098848976
49970802,69617.22366325549
45795201,26342.147579316068
45944202,80023.9666620936
42777402,57340.32499849617
41581603,40949.72899328374
44333002,95873.3453244257
41903003,59621.97904765606
43062000,59907.73550364782
43273600,62875.28471899738
46296600,63710.82706851579
49112402,54582.81854824112
41645600,40164.52825575114
47772401,45342.37228163498
46007202,42137.78479957182
46888402,52230.25711750168
44366803,62383.54005381564
45304201,76767.51711637332
47416400,85475.36381333039
47335601,63067.42342982638
47302802,104047.41010015312
42623200,23573.445391153273
49150202,30009.99231614535
43405802,68259.79612491587
49827602,80650.32361489524
46904401,59571.18251727019
45201600,43856.30786317753
48395601,49055.57023682988
43742402,34308.17567853678
49547801,51073.04020651094
42731803,41087.27433755211
44753800,74123.48085498912
48450001,125626.31566723206
43102202,110614.64023235557
44965602,52405.27196184165
49464202,34837.25999547459
48681201,93895.79930610281
41212203,21161.86100500444
46745001,72122.19899627859
41788800,50430.81056648965
46757600,104037.21162462968
43943201,30196.402486194238
45288203,46566.53314417809
45994401,24994.92275584776
46510401,62710.509207023526
47124402,61090.15956492279
47228602,86199.40152597253
46568200,114588.28104123395
42487000,65109.95985968833
42395203,32076.71850001867
46899402,73188.98805392285
43672202,38100.12222021729
49204200,59540.62810911379
49904002,69660.94732171686
40896203,57029.23674969232
48642802,88636.44813200038
45595201,70201.43081527698
46476400,57517.057429534805
44892601,63096.28694675561
48397802,96061.40249309041
45207400,28064.658893018903
46758000,103691.40656778845
45775802,78996.88140949745
43734000,50796.03614828976
47778202,70521.91959845684
48780801,42517.504266549644
42715603,117835.9752455373
41166002,56865.462132985325
43172602,69728.09486014787
43513802,32260.298792901816
44522201,92442.8658411624
47914402,42114.15890928211
41314803,28527.27942770204
44209603,106227.65975587079
44840803,85043.78569264786
49313200,43043.02177375276
47461002,50735.109235281394
45320601,86765.86666120737
42661602,23971.42630040607
47981802,82372.02146386848
43119402,58184.93213381773
45374202,50974.32526429967
44202203,75719.98407316334
43507403,45782.379144416445
48611600,64209.66931172494
44078203,41024.10165980058
44597800,64024.32004763773
40913803,37506.59329018287
45890602,61061.76400316459
44578402,57236.512109698335
49846001,58583.76193017036
46856600,49473.44606488187
48062002,57074.872573473585
40927803,80510.43950469993
49164802,76765.40561715332
48310800,51266.43940872574
42547000,66411.19208035612
47180801,63649.88678249999
44763200,79608.71863845715
42386200,115014.42015525926
42004800,39270.26043879258
48995000,58788.030217043575
45161603,38257.57139365196
43552002,51718.6578697371
46762002,63646.845004013645
42961202,93214.89666863409
47960601,115529.59692274703
44431002,40387.219247077184
46818800,51309.76697446344
41716403,48948.54052146733
49568600,64925.260157175806
41842800,37314.15924480283
48932400,85649.68323231605
43273800,76160.63945090241
46659002,82952.47625269438
48593802,83296.62546779898
45086203,50149.45616261615
45151201,68131.81926932778
49862800,40524.736656436675
45489600,78858.02415958128
43164402,51801.00023189826
46299001,74137.77835304968
47899800,17822.973306440494
49935201,87732.74951053628
44882803,71871.60950301729
43980401,40090.988981404116
43903802,30721.926637098382
45873001,98979.55171417708
40969802,54691.77148617669
49050400,40208.78375491995
44900203,84764.87901793761
46409402,58290.54508810961
45438600,33151.879605987335
45105803,58075.4423400326
42897603,39075.330936642225
47660001,74817.03355451029
41959200,31984.564101782405
47417202,45615.92500617251
48645001,70395.21170959382
46215800,77237.10091374643
41883403,29046.187707892364
44837000,71351.73570983832
49214401,57402.98280658756
46566202,99018.0887385361
47482002,65681.20011086822
41142603,128781.08364045808
46488601,86224.71078961887
41914203,14543.696580155081
44330401,42076.640195177846
44089603,53182.24840444989
43485003,51558.15627996989
46339402,52947.83305816859
48109602,75432.10395393799
46489802,81763.79726598311
44667400,46688.20890050446
45819003,53327.62574268089
43780403,68782.74802164652
44474203,59369.602544764384
49036202,56019.56240467213
49548401,44152.17335458322
40909802,59353.44646397917
48934200,62060.86031323225
43206802,86660.66833260456
41263402,38594.46123777719
45849001,57729.03972307151
41967802,16938.34590186576
41332203,21299.78566972389
41906602,29463.578160451474
41829403,21299.78566972389
44331402,81893.91091263323
41863000,37327.80040760668
43632203,102166.18626790693
46728400,88912.35449346688
47941202,82956.21799460782
44759600,74515.70869711606
46811001,33956.93726039366
44731603,61089.24260272866
44312600,37995.49612499631
49216001,69877.2834292851
41888602,86444.6274741251
41336203,31718.4451234007
42466202,33539.28509266621
47160201,49139.27017844716
45265400,69157.07540147744
48668001,66084.78290243627
42822600,60454.45293919274
48918401,84691.55079241897
49960802,28295.647945259945
46254202,50592.780689478845
49615000,53086.29491832876
48868201,69505.93944947416
42894403,75759.345379774
46212602,145505.789343492
41960602,71659.150309449
42728602,55488.54951181715
42571403,48722.953646673755
41061200,60811.17469300288
44085001,28435.20277692888
44333800,38068.535667054304
46312800,44568.28915826078
46872200,83014.318680625
46744602,29449.30296329425
48361800,58361.38465076005
42480803,32309.841505653498
44417003,72325.96922959678
49843601,77029.29438906146
45379401,50909.0811814206
47814201,76010.8337190952
43951002,36852.37719982683
41212803,32778.86440032273
46258001,36435.03852129888
44845402,42485.1199497115
45147601,104822.7942875802
49585000,49799.60813722649
41229600,15316.840214125097
43458202,96981.04894148039
46679002,49669.90676179401
43792403,30089.99324616165
44597801,87528.30561808603
45351401,80042.49932031865
46567001,64889.33727472313
44003202,90221.82178583954
41617003,32902.09482153187
44101200,63569.09589247321
46895401,43518.63084454676
44316200,98956.59249116541
45732003,58015.106001837885
48540602,66126.57986601723
49746001,52263.00510038369
47523001,71619.75695526092
44626602,60335.822172623455
44440800,40215.341580546796
49569001,102714.03708261915
44645600,94311.87521383201
44355601,40204.54931702521
47677001,60103.466374781536
46737400,41028.6480005735
46800600,97209.23888976124
42749400,68393.33136987156
43692000,70113.5372655567
47817000,29441.98495672917
41861803,28865.52152876351
44697402,98628.83423735331
46386802,53179.7727839715
42704003,38601.321008975785
48787200,83931.66112574389
44527602,71537.16943764628
46860601,131168.69446442166
43063803,61165.13759191714
45305603,40681.110848240154
42477203,44680.99344037556
45532800,38367.19166691262
49771201,64960.38931684996
47188002,49476.73694116659
45771603,30573.654259427476
45389200,46194.09346344322
41239603,21299.78566972389
47011202,58213.42875425949
48199600,53240.49083082093
48988401,51082.855280533855
47467401,78317.57369409657
42555602,117721.16939557203
49881800,48024.3467235586
46457400,56008.23681473013
46529802,31865.179434599566
47578401,27505.699413012695
43679602,54607.11577054673
40892403,67738.26411081616
45412000,71812.69359671848
48434402,71914.65947872079
44924400,38077.742709020065
44070800,116447.95767571383
44496402,51705.63368830317
47795400,49531.47845486756
42326402,99078.53404818049
41484403,66665.11870925744
41685802,95319.04676952092
42220403,26061.732678558332
43514802,47154.079426929784
47492401,65156.06389880979
44882801,77901.92850269451
43983003,35183.83493609335
41154200,42331.37004548586
41018403,23926.629370657753
44721000,39986.730152781725
43877003,124999.84830361175
48658802,58595.211263652185
47057200,32058.391023130058
41554803,42130.06362032128
48212801,47082.62982535964
47194402,50556.438866640965
43887803,61350.3910189921
43758002,47710.612957486934
40901402,29049.893855365597
47109402,87354.986885881
44856400,28960.27099542667
45490001,44449.58035040741
44088800,84351.76443645962
48572200,60116.31166788185
49439601,62083.523045748574
48788200,93235.53042517144
44052601,48984.958425740595
44845403,59837.1309187242
46003402,44605.069817538344
42597803,67049.95491002756
45365001,48317.86282601416
46956802,59830.277753879614
48299602,84052.4736554643
41483000,27399.95981407561
41284203,24893.2174003654
41096002,72151.43282764923
45782003,30447.960275693476
44144600,39135.86760661685
46029801,52658.8212856862
45677002,59582.16007521481
42114603,47123.49876961656
42283800,100015.19486066376
48164600,33157.791416489184
41485202,129679.01817364004
44326401,48444.07354888378
41638203,56266.133325395735
44784400,61954.51975742754
45335403,78013.24092065087
48566400,113566.44136734234
45859001,90430.04367117502
44884600,82736.9292393421
48372800,68999.94043004235
41051203,62741.88536676129
44959200,55986.136755067026
41201203,31662.317250618693
49987002,94538.83441903983
43378803,69252.15734606853
46775400,30123.696799495163
48558201,45458.613777624574
41872802,79211.91870927146
43205003,38038.713679032364
45992000,117451.55328908948
43374600,60224.83982003397
46488801,57303.17710721046
46770401,57394.49805527588
48413600,91429.28338204653
41676803,93020.28194043298
44027403,49024.67428106305
48798800,47531.277559642265
43422003,56019.60142450248
45300800,99647.10328481498
48528800,75501.26303739441
45907202,104514.1695738315
45588402,61388.10154675033
47643001,48576.571479986924
41347802,31599.198210783557
46310801,70667.26871015732
41222603,28527.27942770204
45413600,29179.332054569226
42575802,72179.56215576241
48321201,65859.84163594103
41360800,25178.208804519854
41023403,96322.22403392904
48452602,101122.65837040878
48202001,49527.60845873311
45396402,54805.29938719297
45078800,50036.47610948419
41494802,62702.54219820417
45098402,44662.654516753326
42883602,67337.40806380034
42173600,78334.12704373855
42816202,39703.65656092638
44591002,70841.86990692263
48786201,128079.62085301224
41974003,27718.05682068208
42387602,65048.4022029599
40836803,34136.87051222544
47970800,62704.094232914314
42102800,40665.39583717888
41873403,38779.46759417919
41511200,43033.65951740029
44018001,87698.67887180873
46594401,60738.984196685546
43047202,72443.2669945395
42639802,70830.01220865334
46192402,69024.80632892737
45590203,24559.754112664385
46597601,55202.187254334305
44504000,67395.65399708482
43232000,127833.24773838627
43428003,46607.37446483541
42739400,31574.013075742463
45694402,93337.51993645303
41147802,145013.5089294198
45076400,82694.00476294417
43453802,71637.48760499142
41637003,80388.07227448265
41102603,58974.24095923707
41484000,112952.86437136387
47455602,38705.47918156247
48242401,33080.64712766148
45042402,54965.365502572575
43832600,73363.09496567163
49426401,69625.13347431956
45762800,60466.180264941184
44116601,66863.47112160121
48436800,57506.21927833877
46638600,95085.75956445374
42006202,40148.8380846695
45338003,85446.58944688947
42040002,93520.35327499277
47307600,77228.9451193101
45347202,66684.8160671453
47632202,56037.49503768813
45418402,72460.90015891372
46816800,132325.12043967476
41735600,80881.44383946464
45344600,95407.5263076082
44212403,105322.64493589496
43074603,71025.76949816348
45515003,25221.78104093658
42662800,55495.58491358413
47053800,35485.51439462073
48560602,28799.525464380924
46300200,67180.61365382769
46683400,22382.086320449296
47121000,94355.9374467602
44059803,26463.05418586383
46863402,62894.31077239031
45499602,82563.45724269067
49242601,53428.37229880248
46218200,56254.97997079935
47606202,44120.217935514374
44334600,91719.50315527046
45848003,51794.96710327015
44823201,44090.72176010336
41027002,62863.12122645285
44035403,32944.62368552918
41726402,78987.42640008034
41753200,61908.83403124164
41853600,80490.09949414009
44833601,43326.20428884711
46667600,49564.57783533209
45243001,35669.150494202084
49226801,41270.16621711114
45307602,40855.27562874781
43163800,99347.36607299744
48056400,89522.98617297359
43622400,87296.74161144852
43237802,71397.64057587045
47563000,36798.17025251522
45918802,39277.51989698926
45712603,59703.15647575913
45505603,61611.79951004219
45285803,74159.75956698737
47040200,59064.6284285332
48001600,62671.04599662738
48230001,56811.14020172646
43187800,73291.79047884037
47101201,70564.78306499598
41261003,23301.93436905217
48371600,54681.219923257675
42276002,75168.70987487696
47749002,50259.19819278603
41611002,59960.378903905796
49314401,42352.65352180935
47684800,55234.78195304301
42875603,73004.30181386601
47781000,45584.01452480683
45774200,33987.409537348074
42371202,70729.21499396794
43885001,115668.63526313429
45430003,86262.19447458153
43402200,31401.221118464287
44631402,74129.25897194144
44881000,67481.01163989159
43900801,96976.15473565295
46449401,91942.30930813309
43187602,55064.30689128489
44585802,55049.95757632751
42194800,68354.82322128296
42628603,62302.33769632828
49241002,59974.87123202091
44649402,89674.96427351616
45758203,36001.987502943484
44502001,67597.86712780016
46609001,52043.93814020415
42381602,50136.85630815904
47663002,41612.50793263193
42720003,53254.38676076033
43820400,90531.04144172804
49518600,56337.13741327875
47234602,79500.3891893587
48102802,67981.74971216278
49144000,112629.33157313918
48551601,103804.23485100557
46415801,49676.6616597226
41339600,18354.151374664812
48801400,76848.5174157331
41454400,38660.22869695638
49537602,62853.50469820875
41266802,16882.23985884286
41453202,86754.16807936516
48989401,56512.19617938873
43453600,102252.04224789405
48986602,76172.30165619047
44215601,48956.28667731403
46311402,42923.97799345607
41998200,27903.91134826774
44596802,81057.62282875388
45610601,60234.87315548104
46436600,16556.235816076423
44180603,59920.32739468408
47543601,65656.70087214495
42223200,27285.502142326146
42834203,34328.38296721644
41616802,32903.74291845669
45059202,103059.28917830145
45732201,58652.489344681126
42540203,38269.78732126196
41998400,65100.84968025899
43779003,108820.4494308267
44333402,75502.7619185683
43790402,56000.5381200324
42401002,46012.69284936613
44581001,72020.28297607423
48055002,51714.215745713096
48743802,82715.06410274655
48080600,106702.15492208907
46264002,88874.55177793001
42136002,46772.68460110321
46431201,73734.4839583876
49734802,46215.43283171761
49336402,67732.92317590654
44371203,45487.23364489598
47281202,76522.27546936029
47195200,42167.872172125106
46992601,71774.68702129913
48233002,42708.25017687764
43302003,50546.44959361718
46164802,74130.3022256669
47962602,79264.10215078216
47677201,81721.5812828636
42454602,131809.07825694123
42756803,41633.8258027063
41907002,32794.57413546683
49283001,63179.46855924993
47328000,110113.65595265741
48019202,27174.694115107402
44514400,107237.83099687519
46852801,43719.702082850294
40967403,67002.12440807681
47739800,66949.43061595902
41750003,66235.55779984606
43207402,66963.05202896269
43696203,37225.33171573876
44289401,23455.505232352567
45076201,75712.03664245977
45655002,73361.90682985279
45234600,69002.90288097376
45337801,78489.9299617617
44930200,35744.24618055956
44494003,63302.85920793852
40986800,35187.3710259388
44455602,49045.75622999779
43989800,93094.66951911367
46976001,104960.72317513831
48387600,27327.79083264588
44008600,63006.92593282063
43457600,56919.06007078457
46631002,45300.177114194186
48129201,48638.65976856932
41274600,31968.85436663829
42149200,51868.576010046396
47718800,88593.98232134483
41644603,61110.457639308835
47920602,50615.424775824154
45409000,34802.652748923254
45645201,95212.91226726836
42877802,59039.91150637481
43448002,68079.50482350518
49195801,119418.78736473856
49662800,31742.615707546287
48329202,81404.41060452463
48907402,58398.92815862526
43530603,97502.83287577181
42849803,59141.72014541493
45865403,32277.43018508522
48864802,37129.98129385049
48085802,52136.439211534314
49753401,90445.9780127953
41251000,33754.653048579625
44038400,28157.729138970193
46076400,76893.28224828416
44329800,72419.14353553852
43373402,30935.17384485987
41497602,49876.11443437005
48660600,44420.49248182097
42280802,81254.11116488298
48384602,74365.31560186348
49500200,29299.471213156838
41683602,61456.04080948516
41556403,26500.83118939905
45442801,25979.64315581412
47616602,34457.49134183622
42523800,91792.07280341745
44905003,69297.04222647753
46840400,75972.01288731596
46258600,117698.51200312843
44327600,106387.50050629684
44895801,84415.5178061892
47720002,112173.03756931418
47735802,68673.9233312241
47665001,38169.35389920476
46240402,64638.8775146167
46273601,69686.92753424801
47305001,55949.58638852167
47949201,33358.35789206223
42239402,34926.57078593064
43323403,38887.49719300925
42165802,82577.06634589612
47335802,58892.9375280183
47845600,32123.800404232075
45753001,59574.95934346437
41288602,28913.826387887653
44761602,52949.39488156808
42177400,71930.62661456324
48265601,57863.350251605414
48518600,26688.326026504703
47657401,101581.4767852241
41613003,74452.86197753887
44135802,38289.80814695955
41121002,39766.91356352439
41207003,33594.12740294803
44254602,88243.72954730813
47851201,47388.06840872456
48572400,127089.63783219934
44590200,49740.799361221354
47473600,51132.837159275936
47770002,74671.27033292144
44542000,70672.38423160443
43354802,48074.653378357274
45673002,104266.89243042073
47371601,26345.335311530715
46770000,51021.16112910279
41849400,28055.511495078994
48594800,100918.25058515376
46174801,41393.60364282529
44926403,38731.30569454442
44660003,49333.02587277605
47367800,89009.47614491987
46018202,66862.12190439446
41469000,37705.30676025103
47001802,63357.483997927346
40812803,68430.67813790534
47894000,83268.78158936539
41499002,65346.036955736236
41102800,51849.82839623369
41371402,37695.02488572618
41838800,31968.85436663829
49284200,69235.75956971699
49351202,42030.02848039633
42689203,30537.108728866424
43544202,100881.42902437023
48085400,92617.36936664216
46776200,21855.165237233286
44585001,50023.093384497835
43178603,40333.39071599862
46455000,14652.703887052518
45098403,102870.47745608629
42012800,107648.38279206252
43885000,30616.56606727258
49215401,63655.96548440091
42689402,30537.108728866424
41572802,75876.66939254184
47365200,68784.00766208542
44613000,27276.369598095855
47397400,141648.11425783884
46181601,39618.98378656111
46053200,58111.72969212396
48021401,43855.49916042803
44848603,70416.59592786673
45923800,69080.87746348661
48591001,58015.59674833297
49029001,45014.581524910755
47461400,102700.04161373572
44948202,75561.20412821951
47132401,85670.68082499766
43900203,43368.16108158054
42386002,92043.81420158812
48247602,44352.650821395284
48753002,42142.70037119628
43602203,103639.54170789683
43836400,59552.382024238825
45462400,84218.84248817009
44554200,31039.653091752443
47991602,116131.14587381703
41767200,42801.72719685769
46037402,36625.26654374383
41624800,46244.75440793374
46381002,29718.180958355988
42933403,67870.05849096402
49825201,68089.30263765252
47742402,46953.313481669145
43292603,53476.18332437206
41547400,37522.579691952495
41242403,17435.4126890198
48624000,92029.07285241575
49787802,59194.32102697609
44562600,77406.87695787783
42911403,56795.01649606153
43931000,110283.50816865594
45241201,79849.00676262559
49935202,80969.05749130908
45588600,52424.23206958247
45217002,47326.067281187476
41263202,25313.83119432111
43967000,57159.78168103624
49707002,72036.91776499941
45999402,76120.26778339453
43901401,51341.066238239706
43312003,78095.98995373401
49367801,70458.83830208416
47231401,73420.9729807768
41779800,40382.87141617865
49715801,41188.38470345397
46454800,32740.447024618257
44506003,37072.16193096569
49097000,38264.30634670502
46137600,67062.84921011321
44685402,47797.89795562224
49331601,71359.90997578565
49747201,41387.660817383636
41458000,112611.27338762443
43958401,69927.58117057724
48397001,86992.3739123751
45653000,62957.16612784088
44747603,64347.382890787536
46485601,44940.98964806854
46678802,129077.92742811554
47218800,56086.54978760973
43650802,69717.06704331217
44150601,49808.51762579777
44903000,146657.5550022041
48849000,35945.312752881146
46818401,108540.30615482134
45383400,56699.66036700001
47270200,54239.41596081983
47811202,43232.0495002984
41180400,60412.85396776069
45621203,47198.73511444839
48281600,33034.71310212833
43918801,71173.19913053872
49287200,50096.468594391314
43782600,31075.41959526624
42579202,48612.0289022256
47297601,90812.03618181981
43473002,63689.7432767325
49945202,40304.251984830764
49606001,51611.865379739436
41965003,120165.36013094909
42081203,65672.19998124409
47715000,35929.67978328752
44076803,77484.37986320879
45628801,78315.13780046886
49547001,58578.91270287356
49668001,30163.2447578828
46187401,85331.15498379315
44401800,76291.87691709092
44413401,38090.51675793202
41781200,54158.378605053476
43089400,47613.00816735284
49073401,83137.39954084052
49063600,106046.78853947132
42595202,57101.28963496819
44192403,64968.88618790627
47705601,88954.62707815648
42747200,46284.29281858387
42220202,29033.41087686399
41070203,84007.45459422717
44227400,63983.91026121136
47091802,66956.29854476395
44173402,44104.30907494009
42742403,54277.405665006976
46401802,109635.67971123848
42829803,88575.90421657963
48811600,40090.11339807844
40908400,84549.95715129877
44071002,62734.89493223687
41886202,84016.88510786662
44456201,100915.49924690272
43114600,40147.067772114744
42446200,49003.938434461284
41355803,18139.75265222056
41234602,26757.83088515779
41388202,38085.265493237726
44280000,46916.94885349041
45408600,35441.69051489252
48455201,71729.35078439732
40816002,96615.4779316353
46291202,65607.68367679269
46976801,74245.48948450632
42395600,61847.80283805319
46440600,63955.01588415998
49917200,34139.39951691606
45961402,86012.58895523373
41661802,30083.406915354844
46427400,51172.785119490945
41050603,91980.66680793298
41996002,68463.66103927324
43850800,56290.66917265226
47712401,79829.53130896397
41817802,64063.029997204896
45882600,53220.50419620128
44991403,16253.924807575697
45236001,42377.46221889158
41339000,17500.233584352092
47577800,54470.60509575817
43764000,66115.16610962347
42317800,73622.9997921554
48981802,80265.80328036696
40913602,87186.45016833315
41602002,29463.578160451474
43631200,105112.71987745399
47279601,51543.78392354554
44970000,51472.06374085866
44096402,45560.35764353667
49496801,35580.71431347735
45913602,35290.007063096265
48144200,64310.67879386231
46435802,59362.80511562416
45758802,34968.20742602483
48019000,94053.39844582512
45318802,84681.680588201
47825000,56456.39721741445
47531602,73455.00233220014
46186000,58014.89101812535
47233400,64468.85657216652
43325002,52560.37682923269
41023603,75235.2198594762
42665002,28373.256809735423
41001003,80608.80864227797
49212801,29857.014283346984
46243401,49521.74126317453
48362000,59940.97534372963
48795202,61617.988826457215
41216402,16202.688574283633
44862600,87590.79922081967
43448803,59616.02256512291
49024401,27652.873481234208
46467601,86832.76926069388
46564801,53067.815507244806
47558200,90436.75590853245
42057600,52849.50887863528
49216201,59489.27466295015
44569402,82844.59672518034
48495002,50238.40234810306
46508200,31950.277310485722
45534200,53814.317665248345
43370003,49546.67032375263
42202400,90464.33781115674
46555802,71178.75364588195
44816001,38712.705612348094
47524400,35169.956384937315
46787201,103248.0493934822
44416400,40937.7963140983
49978200,61638.39397370508
41580803,28862.065284691653
46981401,64007.01213187991
41661003,30003.125807592467
45765003,24881.023290508136
42813200,87506.27943475488
42026602,65615.10428742973
42900803,86292.83765972851
48192202,74946.10443406085
41819603,46594.58946405278
43722803,50283.81753934877
48833600,105205.14563466092
46038002,64237.7008205364
45296603,43156.503789555725
44716001,89423.54706036737
44771603,38487.03745607219
41528203,46208.55890060586
46500400,79443.38028531037
42847600,52564.11234852155
44134600,81473.18741556165
41101400,54214.218448621024
41908002,62642.97704163167
40914400,42174.86219233287
47294800,63685.40809346704
47435802,35476.38236450475
47713201,30732.687232942913
46890602,58838.44752273385
42148002,74124.72647013911
45290600,38929.865744860705
43112000,77759.5177804167
41233403,39964.24155237242
48461202,72031.57087653186
49107202,32873.81517556652
44523201,59478.68067743447
44654801,56795.01649606153
45846200,48639.5076705803
45127001,60487.29776582866
47752002,79023.9064737936
45478201,59616.02256512291
44877602,76539.94376131598
44624003,56547.17583774049
46288600,56934.29248922008
41489000,81314.5466831924
49943600,46140.346814000935
45486603,45912.727640380035
49843402,46678.07025999574
48317202,57704.05101404541
48114600,33084.31430944247
41541002,101351.26705872567
43972803,66591.07911652085
43712000,70142.64233811156
44111201,60460.853672239275
42887003,68473.07650597778
48539401,63742.37184564023
44345603,52470.94046348469
49222600,81531.57697100862
46313201,60139.504946151654
42431202,52976.72978834324
48023602,70952.70363790827
48432402,85914.04325183072
46269002,31064.17264806162
41037402,68562.69730037167
43818603,17205.98928085813
42367003,103806.11468674717
42887202,77223.21223353692
46746401,61198.29130786693
49519200,103692.23747660703
41888803,41689.77290084292
42966602,40198.38549850847
40931603,115686.16128708069
46546002,64713.42028781189
40894400,28400.535387505766
44347400,47724.302542287136
44395800,30309.427343254865
44008402,70519.24275313443
43934002,38038.713679032364
46078602,34008.11156181573
41220002,45308.41272998981
41061602,45100.45624231032
45177403,53370.506907736
46963001,95075.12553752647
49635600,31341.715962674945
47059402,123831.62856877415
48525801,62880.919213725414
47398001,99621.22817495094
43959802,125031.80251387283
45757201,91081.63358902461
47600401,72217.68031349475
46987602,39836.49870428693
41292000,21823.691423146167
45217201,43268.70157871236
41930000,32092.08478784745
44323001,41936.71830630923
45078203,38913.669503552555
41849600,66359.22891861426
45918600,48239.09648268936
46837400,85041.50680608956
49441200,82455.73703107615
49809600,64713.723790178956
42459803,82171.91257664491
44856000,33771.81878161047
41247803,14918.468671924253
42576002,44772.19785333644
44660601,38416.64682304807
42860202,97896.0332943088
48441000,59867.82861057281
48438201,73274.96133383171
48336802,108473.19652585703
49080000,34338.10924708319
49652002,64419.452027207866
43301403,59529.47228923711
41622002,43761.93194766652
48176201,45002.990427085744
44200403,54834.682228618236
47362001,61952.00631652181
45288200,68419.18083071405
47495000,66994.15341318691
41223402,20870.5089196339
48992802,67386.10981658832
48381602,72122.5095726901
44249601,33959.82038999279
44170401,92312.60594305687
45684403,71850.34632834661
49016600,52117.03832278244
45333201,43957.41294208067
48882000,68886.5195271768
47376402,103831.98765255821
41467600,55007.36406503182
48940002,34414.83609260704
43934001,40498.98703724342
43380202,20408.230979097774
41653402,79236.10561776138
45078803,72530.99674173715
46668201,57774.50078075813
46206800,86699.77319563097
41949803,33517.00523315345
41461802,59116.545596102114
46503000,73862.7396369993
47432002,72143.21612123055
48443801,73217.21950453201
46152402,41466.77649062118
46641001,76654.6353002702
45321800,59056.954453941056
42657400,17418.06228953396
44762002,50348.73452310985
44047001,49018.58153320614
44452800,121214.09900621117
49674601,59993.402225077996
49169001,43530.393677014494
49978801,89506.8510631213
49744200,60101.468715846786
41461402,59349.92541460703
45068803,61601.79826928977
41882200,70998.45575262197
47173201,36923.90792973379
46548802,56991.56810082661
46574602,90998.50553299622
42622602,74199.39423870634
48227601,58700.6238212291
44292801,26250.271854647206
42617400,60209.453406645356
42877803,74050.36403256786
47707602,53921.86985915157
44969802,58257.6861222359
49738801,56761.2351918744
42088802,53946.43798445877
44275002,70910.97403992833
42531402,38198.361772484335
49457600,50194.68536189485
46765201,65486.489018383705
43811002,43290.979869450806
48217802,70543.20220864184
41868800,30162.58887838555
42710002,88596.60761380494
49561401,27482.980115092025
46158800,114305.91463596055
44609200,54439.15965394952
49624200,48923.72382850474
44746800,63847.07165858275
44189402,30342.256961506988
49214202,30588.037547531352
42597002,68896.29164586998
41342803,30058.649842796567
49845601,105818.54959667972
44644400,44126.859283995494
42502400,36465.74117966975
47947600,54097.99464442479
49324800,94137.5022274957
46814000,53744.278250585165
47082200,60887.939923643375
49892001,66703.96140164945
47010800,77191.8762832637
40961802,20170.826496575446
43806802,91754.47330367677
44040202,98404.24628311259
41266403,24346.035449667488
46048602,33493.51089699362
46874400,51940.54364973491
48547400,110959.69964512326
45934201,46448.4669141934
49304402,49234.4753687735
41708003,29038.704906021594
42664600,120303.12528558352
41164803,82260.5888530901
46936002,68479.59851661896
42204403,73031.49653262702
45599203,25257.71241798473
41640002,46107.2655678858
46847802,28978.33679868982
41942402,72478.92060370138
45096000,68288.66977264882
43687603,49901.392394860086
46617600,36310.15439611674
44857200,62148.59435954844
42962600,32021.60871228993
47954402,59265.370680966545
49336602,64730.743090471224
48331802,35912.429170630596
41043000,93706.62768694237
42422003,34081.99537727939
47794002,74372.40600058978
42781203,52547.65971150193
45372603,120292.18918288917
48888200,65287.40036252925
44477402,68684.83470950845
48269202,61860.64484942495
47888802,57575.55804603108
45800601,23517.954765982082
47191001,50811.85889527118
47789802,35472.148005907744
48601600,76961.7659718465
47273601,37380.575372083746
47107402,59090.3732183639
43712602,99494.17909310933
41284403,20644.423525811097
41291203,32948.808963486954
47031601,69819.67187162604
48372401,54011.19679180858
46640601,66520.44889164541
42980200,56678.93402959141
46074800,88451.77405510469
40951402,31269.336140462638
49571200,34649.69959232752
48201201,122312.37941303775
44553402,46430.551106295825
43511200,119288.82038087488
44496400,80897.87127854559
46241600,85218.58416890944
44471802,31760.22160647385
44744800,97288.68655029657
47058802,105539.40770430621
41903000,53052.72120975396
44009200,26966.253116888875
48361202,50119.06133721884
43851601,24289.825441132944
42775403,99882.43921886932
48534600,68471.78334154759
42202802,62278.48632585513
44333400,44382.914353789645
41628802,96230.32265745998
44476602,47876.305560556866
47499401,75618.78457579402
44393402,92569.59691562377
44745601,21059.658904303233
47723402,61511.41483643818
47466401,47251.53192091673
49651001,53230.637031467246
45459202,80913.75615134537
42420803,104405.0300697124
46188800,41998.57806565114
44626203,89824.33446390934
49059200,30672.303117714466
47345800,57612.16763897077
47984202,51908.23900089555
47941000,31119.218831455993
46887002,68352.88494836951
45736003,50777.20373794682
42789803,29348.856835519953
48970802,87009.82402776144
48371401,51726.10141464612
49043401,53719.957339892084
47271601,105255.94170480249
42738603,70573.21161955557
41630202,23638.673997132795
48787601,57311.1515589894
44558001,44410.35555613928
44950201,130993.61078240184
43851602,67541.98018878872
41679003,35639.20053624295
41235800,24235.567991315285
48547002,47711.66896866423
41224000,28228.694872337077
44808201,54832.14775295264
47304200,99626.47888714552
48914801,66173.88292453003
46005801,101366.04556748814
41208602,32903.74291845669
44266202,53150.51101831493
45148801,58238.12479026651
48080200,62668.37833265691
49248802,120328.42224113701
42187003,38917.5921751281
47339802,57589.00008867696
45475200,54254.27840602294
44420602,70080.37018970285
49808601,56192.65185308023
47669200,52401.196376021195
43261400,81605.50768924398
43265800,28319.03505371649
48120800,72621.65424145745
43485202,64649.41133522188
46145600,51788.051889805676
46918402,52513.65949803074
45907402,41328.63029764446
43375600,41952.27459668895
48964600,52997.59171799338
45369801,30180.38121143062
42989203,103169.8249517212
42283803,20418.61298014358
48776402,52516.63077401255
45703601,52314.5336816022
45646803,27788.48508622748
44006000,78289.62361408352
48596001,43749.52435896016
41498602,40246.466051638934
44702801,26629.63078784152
48838800,95192.48029631676
46472801,67602.68553853896
44010201,55710.45730138856
44558203,35322.65222394301
45879001,59794.49911129255
49207000,50464.4070273375
47094600,43386.80595436537
41392402,53402.27270037402
43532003,88563.68629880376
45089202,77276.00872689002
45171001,71963.09036342194
46573201,32425.378800749957
47576800,58643.58745858135
41214000,15316.840214125097
47745201,58833.77005712749
45380800,97969.15935940955
42128402,36101.498842551395
48709801,61548.40000993578
42810000,61715.20471877961
45181603,39598.448584238715
43984403,48255.08771448612
43349200,94455.01843387837
42802400,55331.67462442334
43690802,65189.463065467215
44827001,59012.3642174305
46414601,58866.60098816519
46454202,66716.09794991411
42618802,58242.50983060306
42448200,54787.03649986966
41265403,24346.035449667488
43540202,79590.15272559375
45906402,46661.381130391
42225800,27410.408054951007
44347201,59290.3441488861
42453600,103127.7965512746
43367600,71301.95495105769
47770600,61312.53802203264
47591602,33745.631501163974
47932402,80923.10537102155
45787801,58918.82749530367
49447400,66149.49354906984
45417401,79612.75083696398
49966400,57310.24997454002
42485203,90184.7212775888
46803200,53900.224510178625
45938400,66934.11012975794
43640803,76696.42095129877
47119200,48875.68773512636
44714200,81972.47966167753
49719602,55272.06682679634
41173602,83339.74878975187
47614601,45709.46696798352
47488202,68420.01604301474
49524601,44378.930961782324
43725802,30501.92921236399
45120001,97680.08816927913
47733800,31207.94743939988
41409202,47029.5318343978
42694600,77423.13023234803
42502603,60833.9859653572
44296403,62882.36177916392
43883202,74730.52000638818
45604403,51442.768622748095
42829400,56883.794066171875
44455400,95276.89303250097
43470003,57831.53345986141
42807603,59485.883179262084
45209803,85731.57104277151
43783203,63721.36043201609
44093402,54479.18368778231
49407600,50027.86529270063
49851601,63096.13132628648
42227600,46520.15037526348
48186202,94780.70283806202
42171402,20750.095482530916
48484800,30543.10572519139
46170402,80704.92749695295
43375402,66708.20790630128
41146602,109226.71157363856
48643202,31837.90237915948
47887000,27995.171149746337
43175803,69329.77843185292
49366002,38060.470243020056
47447601,106419.45635693033
46193001,34258.35330132846
42333400,32558.668268465386
41347603,18139.75265222056
48799602,29446.730467540012
44369603,63807.991588712066
44793002,45987.14158215823
44324001,67898.23017660837
49710201,69869.3099613914
46263402,60540.6369790784
41446003,74211.71638088697
46807201,47553.632229871226
46335400,75690.55799616141
46712402,55645.45119843799
44772602,76403.48858871711
46693601,24409.083648740772
45567801,81473.25632162437
48839801,81246.15666118627
47511201,58579.916842049024
43451403,47409.753817384415
48095602,92615.48562324895
49665201,66826.74980716081
48152401,68359.18688366901
48198602,21818.29394910438
48239001,91249.48281351596
44773800,59373.552957457716
47269401,45025.81055549815
45446402,30209.32301827735
46741002,69586.11392462908
42543202,112533.40310542511
47557402,38158.70935805988
47992601,50371.73581967873
41382002,30434.100043127553
42958802,46961.856929648435
49598801,52368.69460338898
42400603,72779.21322540814
44425401,31006.027918034997
44899403,102058.72685706578
41812402,105092.48177872402
47773600,110123.79674431166
45150603,37443.17281846773
48107000,73961.80908355181
47060202,17360.313911924422
44323800,23837.11331868755
46361002,71632.78924036359
46522000,49345.22050315516
49197400,51392.06453925571
43960800,22350.783458659644
47075202,60325.447450566986
44595203,27646.801992650915
41462000,33002.2816132345
46974400,125408.92969731952
48280600,93855.06358740655
44745800,75708.67580824076
49164202,23179.736667747427
43771600,67976.16516502225
48478401,47818.41127675455
47959802,79081.4029151951
47568002,51424.204739001674
43329202,27353.375678602875
46383400,68087.04635661455
46529001,93433.71942559838
43485000,81869.03379205272
49576001,62049.73561908772
48420602,42411.73159721833
41336202,31718.4451234007
42420800,94923.86442714736
45204803,49943.882829653885
44641200,40199.48085270856
49011601,28330.22306691413
49262202,40253.97651709276
45023403,31643.262383269917
49734001,51432.172235962906
42334602,101673.28043200848
46804401,61912.92201518158
43924603,70978.44654740886
48458802,69763.48755602232
43046403,124309.49793734304
49457400,65859.32228068112
41882002,64179.245469755624
48454201,89651.82667095581
49882200,71853.22505187188
49644201,42910.4545503066
45734402,93223.94166059674
46547601,72928.07473716084
47647200,87943.27710836114
41129600,83138.61695920984
42497602,28502.491932344117
44386202,72101.014668632
49823601,23003.728051576654
48956200,63184.1324168494
41031203,10956.979047862138
45500203,94390.5744971386
42002203,37331.26279921634
47174002,70049.49180155451
42145003,52092.72218096559
44202402,119036.40847624275
41555200,111573.47186709526
41961803,102893.2645666884
47783001,31389.67901721172
44230801,29619.1598396631
48809200,72345.5492846512
41467200,121445.90852010655
48023002,118795.00907856601
44764400,43858.02808257465
49517802,61110.258306203876
45902600,31036.43215735036
43798000,87100.39848995791
42897803,35669.93532758168
44164001,58524.675224593884
48980800,60831.1608916755
41287000,26662.396848932836
46767201,70440.20082946794
42542403,109184.98006386329
43956203,66982.4670188461
49967000,72051.81335949013
48807600,54846.32390310498
44581601,125096.91073583621
42053202,86915.2318300633
45112402,56389.10921665298
47145002,76988.97023969065
43884602,95537.82338634908
48211800,85230.33756407314
42102202,84440.29522841565
48226600,59100.100735785236
46570602,49853.63388381022
49321801,15500.778638895381
42059003,26214.310568990324
46072601,90926.35796291986
42351602,120338.67870979391
43448003,26657.85307597264
44504203,36894.04870520071
41003800,95083.45057283068
49430200,25833.8612449542
41052000,87612.74603767804
42414403,62417.69846675291
49447600,45360.257764733506
49689800,69442.71330799787
44013602,64515.75596983067
41010800,57698.67302944153
49635202,45836.565619036104
43878401,39252.72116117014
49753200,84462.96951429077
48456602,68580.20051773162
44158201,76010.8337190952
45427002,96597.07745137803
47641402,53647.59689787549
48753400,73845.86650826051
41876003,76688.30721910366
42919603,93439.81251927036
41480000,19849.871270042986
48595800,45328.8605360321
42808403,87182.18170257268
45482603,67383.55803751851
43869003,101729.55018305655
49046400,101291.50454441835
41855803,21381.68146373169
48197400,52463.62425018715
44534400,37864.21293348818
48734200,23837.994227374355
49107401,25397.759974109773
48159001,30828.566313617037
41994403,17348.037177664934
42736203,38544.22839268997
44046003,33556.988382262716
46288801,56815.87999510713
48291800,85577.67837731168
46591801,74732.45165500938
43154200,60308.03182367387
48401801,41755.145096309476
45701600,80601.56889473075
44040803,66800.23292732882
42016400,73070.31413837457
49399601,56538.022039506934
43432600,68200.52746886564
45620003,26754.610792120682
49882402,43998.03620862682
42665202,41315.617743335155
48259002,56929.55428879063
45656800,39110.65707480281
42514202,88877.94084215793
42146403,50057.22892338439
49117800,86186.83178434995
48563002,47731.56820131575
43049203,63643.256591642785
46201000,23072.736540537622
42887600,23416.986150159686
45199202,100395.14805992907
45864802,69490.03751630793
48474400,42909.35079210432
48624400,84068.32389260641
46583002,84602.48329732732
47813802,15919.898373556802
46226201,28653.54682854237
46295402,45111.789445701295
45449600,50140.87867488658
44150200,93792.29971074352
41628803,58918.1903893051
43925003,96035.51410518264
43853200,29728.8911749867
49714600,69665.02448901262
47118802,129173.05557174633
44008002,36410.212206429875
48503802,60716.559955905905
45781602,68562.29560132437
41374603,28178.13498025672
41420603,71915.89920272263
43260000,35798.311266206765
49983002,67544.64185522129
45448603,56328.91867987118
43015202,61467.23749213769
49000600,14606.692337421619
49292002,96401.86218815454
44572203,96725.16026998984
45321200,71495.21680911546
44608000,84901.78071507618
42503003,53534.60527635094
46467602,67343.99116357452
41688000,69671.87361000881
47907801,60573.52626660034
43983202,94558.54991586332
47587602,72423.62939720863
42945600,95014.47202006743
44182402,75128.6093869417
42297202,49763.124260920806
42931400,70436.72376895012
41297402,17513.336684871716
44378003,23571.59066438977
43422402,82611.48440149773
48350602,53673.766671444035
49816200,21979.717800053208
48729002,73793.75784289338
40885203,82315.65867921525
44359203,58641.88002138127
44012002,67384.567512906
49669202,55592.18012061959
48387202,47277.84395831022
45491200,87195.02477651076
44644200,57418.24101305371
41864402,32886.38508638777
46948800,42885.46701462459
48191402,69481.32019012088
48691802,59616.02256512291
45243802,35192.23000245861
45728800,28519.444179957776
49510602,51459.55472273179
46057400,48555.18720578806
45744402,67030.7316362438
44982603,85208.13707945363
47832601,35099.026665708225
47591400,72326.59168725686
49824801,61796.353518939504
49401201,90477.5439221748
48214800,37865.50687029245
42667002,39317.31361597537
41698002,94575.48365840927
47075800,51403.98293528975
49513202,51872.582524850535
44765200,87908.35607387044
43799802,73185.77043537667
41743802,72705.30463617264
42303800,33317.16072997757
48405001,42698.77841482011
49212400,60600.01308821445
42993802,33944.09494300043
41996403,68805.33682985726
42201803,28182.116861232622
44551202,105405.04461148997
46358802,52373.68006519363
43389403,66485.0957718418
48939002,91982.75848255352
45804802,52670.42072315114
46551202,73111.07410483113
41797800,58575.80771963906
46762600,78674.97509343103
44233803,68734.7115605856
49122000,49179.68706904431
47767800,35857.80249959378
44379002,83920.32480021872
43481602,88479.73014975945
45031802,94484.8953552485
47586602,66953.68751437057
48189400,59909.23685152341
45139602,37657.25121303591
45685600,30437.76464308073
42709400,77784.41341478303
49860600,53458.10037441314
47272200,19940.098823461904
48971000,19592.445844879097
41687803,92429.7156236975
48961201,40360.94090992671
45185003,83085.48059694908
41548000,18339.49568472899
43141802,93018.89055414186
46502402,65044.5411420133
45718401,29901.47960847373
48945802,75987.73395258393
42492203,51967.334233553236
44403601,71640.86381270069
46523601,66794.03286289744
44581401,67416.7228072104
44529400,50228.95513777778
44659802,68962.3331110888
44595400,59124.67643525284
48513601,42403.452700159556
45744801,44770.01692736615
41752000,93310.98425581862
46718200,39955.435136068816
41314602,28527.27942770204
46504400,69124.41078268846
49655201,47566.28562510386
41130800,54092.601591770355
43872403,56245.82480481944
48254800,65657.79053283528
45142802,54033.70375801445
48557201,39231.31169838598
45134800,79816.0939769515
44823801,51260.16887619581
42266603,90270.34758638244
41412200,24221.988528396538
45782001,72809.22185490183
46791800,126505.94117339126
45600800,44806.29040364187
48033402,57932.374159550025
46136200,55775.82205462046
43525802,104298.81615363565
47836800,20641.66015519374
41931800,42386.27909810348
45424801,62364.53699015652
47503800,124881.68268175455
43813802,83637.29997777645
45351801,20828.8619507973
43861602,70237.74699995009
45684401,62686.46676653212
46035401,54964.69578599135
43367402,48416.61471068202
41592403,69108.21737590946
46110402,124842.43786825748
42804603,46373.737791699394
48546402,67521.0364676371
43955000,36290.818050706264
41749603,60993.95265214046
46080601,55749.79602060843
41577803,41397.453383416265
49148601,80755.9143891104
43246202,56950.194938028675
42258400,55173.870798749296
45208801,61232.43816345342
44913400,92900.22894356782
47532602,105141.7491876603
46749002,82801.19117598073
46237001,71555.06740768449
44570003,83680.01900694467
47203001,73281.1263645891
43877203,52523.41614121577
41337603,19384.236180256823
43266000,40532.88397167341
48000802,44557.80777169771
48139202,47557.65838237935
44264600,74823.02292758497
45164201,78034.26849182029
42389600,68357.65579065148
45863800,67420.02858375001
44885402,51907.554083951196
44125800,60039.07749610294
41349402,26039.31863515562
42641802,60356.42436757354
49563402,36290.201271297374
46800402,93253.81742942127
49074002,101171.60196071104
43149002,50609.993043221766
42985603,62959.463114010134
44022003,74205.46459590818
43108202,40718.60755612517
47440602,37954.89377381885
45829200,28973.584099734162
43810400,50402.88744142625
43850603,112650.39327389926
48325201,47676.40111671788
41737000,48755.34895659764
43657800,56489.19150474082
44693402,27946.491115631634
46251801,51592.859295122726
41667200,62843.61744474623
44866402,69405.40014668168
41254602,20784.758507429928
44644800,31390.86562270064
49306401,34378.92769809019
44859202,46081.682436854
43076000,50059.519932709474
48041002,73383.60265388993
41740400,100776.0689745296
44359603,42198.101024355215
41252003,104527.0470180752
44128603,87149.07246807497
43013603,68180.79814270453
41529203,37393.214432613895
46899001,73215.47840768276
45227402,54026.00164560368
45942601,59406.80336606763
42121203,28806.790115823547
42737603,21352.242269267168
45097801,72244.74493002133
47637602,74439.59427528751
48444801,117865.28545969442
48368800,51985.360552006154
41977400,92784.89208031153
44243002,81518.01488678629
45954600,77726.77294879052
43212402,94073.08197269893
46111200,74518.69300109473
42637400,66237.54506664297
49122402,98068.50126811866
45383403,36894.809857417524
49510800,43753.470702925544
45960800,49583.564981066054
45531800,47334.31765996687
42741800,49849.24344655857
46360000,57771.868061719615
46088001,96227.31121365876
43626200,73620.99549096273
41804603,48937.66490603617
42850802,89340.12160138729
44201400,34174.57544442636
46830602,71339.02708764309
42742602,40077.59434995598
43687000,53204.73125117529
41845203,20644.423525811097
45470000,95213.51881958831
44976400,63304.47368511313
42768800,59471.302578119044
44625202,35790.52694549397
49062401,79815.2317690352
41789003,52397.26114107746
46933402,105515.84783416147
46841200,50509.31456021139
44919400,135306.504771994
44673800,61857.42285408261
42016603,34538.04571122795
41770202,61340.551640076745
45355800,85590.69466492355
42942802,66312.08456759789
49495402,76398.73424534935
45658401,29873.68774333342
48719601,42601.61449586003
44749001,61877.23055402095
44712400,44891.2005580176
44162003,45837.25036141592
41344803,22145.362714915293
41389202,30309.221524993613
47668200,52320.30014187031
49243601,60479.16025427404
44204802,39208.91574247778
40839202,94187.65557747905
45764801,49521.666620698954
46088200,94474.96791012041
47966801,87888.92075950629
47172600,113202.44044735919
49105401,41123.6291744015
45933200,54475.72513150316
44763600,53873.32397080797
45116003,60419.541967318124
49647402,63428.33241516936
42052803,110835.36490937552
48138001,81796.27203456713
45549403,45581.5934208093
46421602,97750.32431221566
42453200,59215.298134832614
48040402,95957.83679969238
41319400,32093.732884772242
44606802,65757.2263630547
41168403,36008.058582541176
41214802,25288.676262872057
49470200,67892.89542270359
44031203,41033.21131557777
44733203,23473.97967708401
43689602,62631.4712022277
48870802,29670.299435634213
41568000,21599.463303117234
46782201,54413.42359016271
45521802,29679.337144649428
49064802,67928.94473160944
41472200,56405.78947423799
46559801,47936.55410429402
46525202,46981.20662899467
43493603,89859.86569985168
42446003,29082.090453541812
48389602,57452.762056301784
45506002,75323.66701984062
43576602,155393.8635686245
47309201,50321.3635167697
49174201,73470.0109035407
48523202,94027.94378177862
46837801,43261.64877422799
47219002,59616.40235599451
49122801,67574.49407692967
44857001,58641.88002138127
44650201,48621.28164840419
41267600,28228.694872337077
42146202,41318.93143237517
47333002,97937.59846256873
48514201,28218.275754459148
42514802,111627.11402501175
41422402,28909.587913931886
43236003,71221.84911513545
42182403,53181.64798628839
45649800,42832.05502138107
47228802,44668.505580275145
41379400,18678.45150842527
41948203,20870.5089196339
49908401,33490.23197357719
49054802,80946.98940955599
46435600,63144.26009692771
42414600,44070.07247413076
46554601,28713.31434754571
44664402,80855.38080297649
49833001,96666.81314681526
46796402,83988.38678129867
47096802,76176.96397540382
47888400,66992.64732689367
41909603,56356.026343298
49182000,65727.28908701711
42765200,63735.177717051294
44183600,76226.34843352929
41476203,39643.74735889659
41747603,48214.756550358485
44268202,99994.59525900369
43883802,68778.76851302422
44252802,87896.23503950848
47519602,58010.99359353922
43444200,52562.8197687373
41026000,50974.949810621205
41580402,56974.61665402551
43145403,91131.29359398608
46788001,58050.22691183585
45747003,65650.67146789657
47222801,34256.08005164223
49363200,35252.59343936881
48397402,64468.3633854933
42299600,78433.65126057227
48576402,89923.79156432053
40964603,74191.8110474553
44277402,56567.43032891857
44591201,57885.29644138788
41434002,47639.63499353207
43282402,60073.27948852762
44350401,64283.87778057647
43709402,54488.98533903602
45355601,70599.65021192351
43329602,51490.483916901205
42040200,101603.23115180626
41410802,67469.53524363914
46737800,53945.74796516631
45741400,58775.31979128638
47357600,52262.37664135132
44689800,66558.68506630966
49457001,56575.92193565858
43911600,80227.60331686349
44680603,104609.23074689502
48479002,97027.12146485444
46612002,58799.57628717231
46582602,108916.0868623212
41503200,52221.752866242445
48086402,98567.21529398394
48966000,32997.04239588756
45541602,49966.224933438076
48618602,42734.03418022208
47315401,61219.64657627021
45191401,79372.21572100242
45344402,88851.55163167621
42814603,124803.2352160736
43223400,160300.2135937306
41819800,64873.61604613203
46586800,94785.48771142882
43942202,35971.5176187603
41836400,65864.43166520708
41394803,57625.83894458279
41803602,89832.6928707575
43660600,64034.31259647372
47917200,119998.23391031341
44864400,64125.61147550733
46463400,51714.22106934643
46638201,27777.76083717733
41038203,95051.76025577504
41024003,16948.639074311388
41342003,54973.74291195838
46420200,58583.59127673032
45779000,64362.572908881666
41656602,53390.0144214871
47688800,39378.436479500335
45326200,82414.56228583891
43662403,71830.3617067894
47545802,55723.49705495521
44702000,30772.335930339108
42421802,53840.78363266141
48217800,35395.664669216036
49286602,27587.15958126126
43726403,77858.58254468511
43937003,52555.33553585243
41577003,75302.79921533297
44418402,65387.86650885544
44818401,43422.32604188423
47058200,42879.65411743323
49574000,46667.994661175384
47437402,26617.19441861947
43776803,27873.705674978293
43864801,55419.88680677675
48894602,95321.25522848168
46986802,52789.8257014027
47941402,22805.9061042318
45712802,29826.552710879478
41930003,32902.09482153187
47827402,18089.594234567692
41358202,30752.768571371213
41211000,25178.208804519854
44742001,52159.874916094595
46933202,46039.503265995285
48777001,59846.730927664874
43760003,49077.33019839138
47777001,47825.166752899684
45847603,34583.78665240925
43978603,42020.46671759447
42138402,39599.263796795734
48056000,64883.26901977263
49747002,104497.85584285362
47639601,26316.51255101606
44549401,75617.10367869529
44085402,46183.02861290979
42417402,47743.12300541539
42287802,40253.89806819544
48623402,31392.134060757682
48541201,36223.44540941312
45367202,69961.25806620723
45099200,93412.10525137318
48291200,62076.04818117299
43477003,47018.379889430296
45060200,100875.8877063717
46858600,45682.54827844272
41427403,88620.21127831172
41301603,29120.77579346129
40852400,44549.48653720974
46302002,63069.67923329964
46617401,26723.51186245689
44652802,72791.64153061146
44205203,55753.8357746947
45452403,46101.92463459372
42764403,24255.40614043282
49420401,48017.87369390421
44862002,52727.93892373234
45552000,138472.52764675472
49763000,85185.24872077774
48489802,110136.34675690885
48996401,73365.20501545287
44850600,68851.16629281604
45419601,73456.03582222186
46877201,59845.73486617279
45642603,51757.84046699597
49838001,91927.58435452764
41981400,85568.91666612437
42980203,51967.85254273905
42132200,87249.66665404984
44634401,112264.01009578342
44702403,64331.68205221918
49326401,44047.76945932083
44274802,43689.24261804672
42059200,69887.02655741155
48951402,52587.42242926693
43885202,107357.84764383185
45893802,73203.40275398041
43632402,96421.8516872116
41509003,68792.70970474476
43889603,84711.80501427244
41298402,17435.4126890198
49193002,85620.72841179464
43319000,58266.52619336145
43653803,54598.88342580287
48259601,84609.51491388379
42902200,84028.0520763526
44282602,26492.355790461133
49704802,83020.51361609872
46098202,47880.763283496446
46149402,76901.88597147833
48929600,69300.27861623133
46943800,75939.81378033168
47538802,59912.015717153576
44748601,33980.04016217675
41708802,32898.1113129399
46068802,41699.196512686016
43619003,32562.654287563688
42309803,67800.93449119003
43218803,112677.58864014829
49579600,91292.9844291262
48908402,57433.47708903906
42921400,84971.71794756819
42750200,59938.55044290142
42698602,68168.72748283105
41501203,45273.731290242766
47992202,115256.12643207407
41126002,56000.40532080117
47468602,65890.28643952777
44718201,32572.32359017846
41405002,56123.44632065026
41184000,85420.7746077447
41682603,71502.32135821544
46592601,30553.18585286078
45683203,70790.12663347267
46072200,44432.64044575164
45595200,48210.19363255119
44362203,47383.00910719533
43747600,82482.36343441301
42986003,34542.646361135216
48905802,64969.03187509387
43320403,36918.08836656523
46719202,35507.79309199778
48002001,75927.57155445877
49052600,157518.982405923
42095400,54445.47531388974
41569602,42711.38283012493
46255802,61016.65572723779
45670202,107611.40779981638
44217402,72497.94914594486
43507603,64509.30161891633
48915401,89077.10452769842
40974203,90351.11931074741
46596400,49550.629548628785
47778600,79410.34466751681
41737602,65092.495363337126
44301202,66180.94149679519
42846803,30929.80887697126
43634803,59484.50300189144
45602002,77030.3573570798
47104802,55366.071405981565
48857401,69204.9040298368
44267001,79118.39540073632
47693601,47750.84362288537
49236201,46595.17811441708
45589801,147954.94362175677
48316002,47123.93343095498
42699200,125799.9315082543
44488003,31378.55029950878
43678003,84047.2599794657
42642802,50302.87854478909
47832002,67164.11143572832
44856001,83298.71155066522
41976200,41786.06337925655
45008400,53083.29817962745
41252000,34821.120891448576
45356402,90697.79989319545
43868600,36649.75400603962
46170001,83557.40964923229
43332803,69560.35134361322
44468202,39835.094158731714
47832602,35099.026665708225
48324001,80545.01992364698
41200202,66805.54449664819
45992800,46775.22452324813
49704800,83643.96644594563
48145402,98341.30277948148
48219402,51394.00686883154
45466203,38335.59169074238
48869801,106379.85059714394
43257603,54984.029570760715
45287001,38636.23511525268
43798002,53499.951553462226
41704202,53062.701895979655
43907401,48214.10111376513
49144400,34992.01744599445
47632002,66392.72276181543
47812200,34641.59449324668
45603203,76381.81189577671
47725400,54848.105690476084
41075802,68031.72914371996
46784801,52516.63077401255
46202800,49651.59920708479
45172202,63073.2798549653
41788200,27538.8802872304
44904401,68448.51344270956
47495800,49009.58938419283
45815002,87031.12038409086
41161802,51032.41127705714
41208803,16882.23985884286
41329603,31599.198210783557
47054202,44730.48861281682
43826601,80424.71502276056
41758000,72016.98807601973
44014003,113845.43488673764
42853400,116815.05577242421
48932602,46079.09307114404
46928002,18519.661982305795
46427800,114004.85636495591
46150201,86593.7443362104
49170000,28816.58893277067
46831202,58443.57376606407
45901802,68000.77103456449
42752202,22694.505088506008
44663000,74037.1385864056
49395202,69003.40509796144
41364403,26492.729359422014
42419800,76074.85328197925
45960402,52495.42871888481
44500803,58102.7632941749
42344803,37335.913676483695
47403802,46119.42291245092
44605800,60059.36798540042
43075000,87547.91379151569
42113202,45013.413168499035
46031802,91210.35888906302
44250401,108436.1406008559
45928001,108197.72314749139
44247001,30374.81479036903
48533201,49857.41637682116
42251403,29773.799091029665
45967002,65186.24784118703
43141203,74318.0335187608
49941600,41954.06616908785
42232002,31387.867291136576
47795600,42119.04459342719
44803603,89916.10835866231
49155201,103670.6231999971
48171600,68622.3391230628
45917402,42248.04251007989
43800600,44950.01518497256
49006401,54983.73667463244
41329802,30058.649842796567
43708803,92037.58267830375
44118401,49593.00984573044
47154601,19585.777391460586
45692400,36765.69274333467
48289002,90789.09865440476
41413203,23644.618363323807
43792003,78843.25812640175
46157801,76737.42131792993
46551802,63500.76951654187
45112602,65015.90940409275
49035401,35917.74029628041
46320601,39932.83419589067
47992802,62231.03264704574
45809400,52453.715446190996
49820001,50531.48563716063
48993602,38291.394629803945
47390601,95732.18253993637
43929601,96062.38069832319
46036400,52890.220645631074
48235002,25344.464694626782
48227600,80222.85660251544
48771801,48874.915838547284
45976800,112162.32590013195
43229402,55418.657993084984
49630800,68268.04320719758
47054402,29068.598793168123
45812403,66592.2279283156
43751602,31616.5429774782
40961603,66471.12813406988
49359802,84386.2468430087
48435801,53844.99365576188
46852000,14178.268920532397
46563602,29143.69100913061
41090400,45242.47754274155
48879002,45094.31416360767
44888401,52389.14562715224
42143402,37235.84940369493
48163401,28579.933441325138
42900400,40287.3980409496
47834002,43450.52073879727
49324200,59828.821081630296
49791602,105418.40208464002
42335002,26245.890317536207
46318001,99056.81714458048
41089203,48257.92174993365
42106403,77980.51067773333
47246000,74701.12831042697
45802000,88056.57416846656
46412200,58901.73795362129
41452802,106226.8249862946
46710402,33830.71504476304
41538603,81958.43022903262
48997600,67458.70857311996
46761200,31968.88942308976
44121202,94719.41947056282
43848803,63165.289712632686
48134401,81424.35328487527
47786801,33000.61963803699
49489001,58930.922721218034
43803200,86187.03860450994
47922800,82003.04235567753
42858603,58174.51757496648
45065403,58992.69490483651
45704802,90071.38845650957
41582602,65098.58098372827
48375200,42767.03581411898
42024602,81754.07426616673
48813802,76499.30199194506
49873800,29745.297006910143
49638400,39852.77552719109
42436800,33582.26637233629
49354000,24449.057104635198
42789202,45608.52553092348
49022202,38748.04360761103
41506603,21530.649757260868
43609602,39515.19183341759
42391002,64412.15923159676
43496600,107086.57254511268
49239401,57174.68966217845
46531602,35624.508432647046
47753002,73347.29268544512
44497002,49279.766206051485
47080601,34271.23983752753
45094002,34525.12547572096
49897802,83815.41920575747
47335600,47957.72238064923
41330603,30382.949976557025
47823402,25840.574828640394
44139200,30207.35313735613
48482602,68458.16378112891
43318603,58560.67443989899
46419800,57513.9626440916
48691002,49754.15671758659
42371400,49414.61273889278
41734602,88012.39368725372
47130402,48960.80100407687
45104603,58156.493061441135
47437001,59176.792164530234
43710400,74311.27846891235
43181602,69247.03160355843
44805803,107706.84387456543
44570802,77836.7502705719
49096600,29582.555896185684
44903401,29281.67037835179
46297400,50141.61394165973
44439800,80683.6277260764
44613203,35769.309608003154
43620002,94480.72084896141
41208203,17513.336684871716
47519601,57808.72078384786
42310203,46954.251232914896
43109800,64341.88625746781
42769803,100989.20256928173
42301402,58043.41594536629
42175800,72114.71360145879
42502802,66090.21965041186
45705002,44134.24387055846
45597401,54178.4197732596
45178601,61283.951962455336
48690602,51451.68053317054
46112401,68213.3668593079
49001202,80512.96993298446
47402601,37586.52025621901
49079400,40675.849667191
43678002,98959.59514050846
42159202,53297.966479095
42435803,105718.75050653778
45266402,32882.66846384678
49625402,37551.73253158769
48861000,93659.15579678252
48862801,61071.68735040012
45138202,44367.38029012197
46756002,94150.26441415491
42994200,109067.52204024242
44061000,63046.0068127731
47180600,24891.211007620404
46122401,70534.24962233589
46018002,58419.23007228614
49185600,64299.956955031725
42888002,58026.84944531244
48039802,61598.47019122239
45158601,33117.3728495528
48389201,55204.64031773521
46886600,50540.07188892494
46506601,46906.30937732751
47697201,82814.61022587928
41234203,24893.2174003654
45596402,52886.43492762093
47744001,100094.90345325129
48160800,60734.655639173674
48456001,49654.57979505602
48557802,86992.21004301184
47826800,63354.63698438384
44071202,61454.27199786089
44521203,87677.86412767392
48462001,36533.4365101376
41607002,80323.81820685013
45391002,44839.67889630497
48634201,51582.986542907114
42478400,26028.398714375428
44035600,88065.97935816982
49028200,65597.06865348024
49257200,72220.06375393842
41381403,47009.32082302074
48908200,38482.88424573621
44431201,73203.40275398041
41682602,76492.3293143092
44225200,47673.00396468452
45100200,45719.7605043123
43563003,50611.9294078254
46708201,113879.45692024437
40994600,59360.31107647375
42518002,110205.4310532654
45871002,81937.78155654013
47370001,52168.92754413779
43220403,65949.79698656366
44771802,58693.44897607617
44232801,61782.747053672894
41960603,67301.83905077941
41200200,45226.36450931223
43960202,46036.00966715308
42440402,73517.74331775171
44426002,61919.53144982615
42134200,103919.31419920962
45888200,69041.26460740564
44218801,85963.32395982885
44770002,52282.215644859796
41242003,29033.073300504795
48756600,61581.149015667215
46857600,66643.13298819902
45278801,56988.383114109034
45491603,58640.3311541364
45104401,78591.07805863598
49275402,47205.32809209865
47211602,44514.44086042926
49159401,53225.171738895035
47758801,47268.99263830466
41912600,55096.561754261085
41845402,48213.167181492456
46365802,74413.31500080085
49869600,68317.29072258912
46404600,83047.37889392418
42367802,39182.190015311564
44088201,62219.147743708534
41297803,13344.610824062971
46028602,101257.55118667151
45442400,110719.97801431171
49230801,40289.89187779815
45395403,30733.913436556817
47788800,74943.1798184043
43702600,50533.41156091251
41092402,60000.396003654154
47322202,107189.05895898603
49934002,57490.731445122874
43256203,43394.431710560915
48215600,46337.95026615782
44696602,82573.50873633307
44554403,64472.04106650921
44880402,57380.31754645736
44827402,82038.93678113121
44912003,36832.50516261302
44659601,60516.05850760996
43829200,45198.889347934
41439200,62054.06488092772
46323001,32431.43132959702
45310002,69834.54611029258
47855200,61148.68834707406
49603600,90986.1208972502
48807602,46420.55446938826
41609200,68882.21505391353
48298402,46165.53838373041
42934603,69536.88860791858
49671600,56311.934082364205
46220000,97853.83650835774
45127403,26947.021589155636
41054200,84986.92512193418
43836403,42428.7088928607
44850403,69769.81030220696
44517603,78346.61940434405
46705801,58393.99205659345
42278002,49397.868904769486
48002602,124694.68669715466
44302403,61406.2018079415
41444200,73523.80630344553
44122802,35569.72836001509
47553200,76487.3362823966
45489603,78007.15797010539
48694601,64657.105191835544
42418002,60006.67856686457
46026202,79052.37462663822
41037003,24342.118688058938
47959800,61793.661616586214
45722803,36751.207748123146
47566002,85304.20863657432
44474001,50273.184695992706
48196602,92825.2404326436
47741600,100301.47184209214
41314802,28527.27942770204
49397201,74191.53402194941
44135002,58520.947196924804
41631402,28941.30780477566
44718600,93609.9757167966
47230802,61967.04308278768
45327002,98927.46210445648
48419202,29506.45822763229
48799002,75392.56735100785
47053400,57607.80500014345
48792800,72506.08476405925
45747400,58622.83706713267
48168401,60126.77648501685
47419002,46073.532165837874
47406200,74460.67720097305
46788000,63410.85970694967
47647402,41552.540578318374
45225403,82260.5888530901
45417200,86486.00674086277
47349202,51813.154511681954
42091602,110284.56949792002
45083403,50931.4800986141
43982201,57015.20434350978
48249000,52272.34938581151
43879003,67010.70603189804
45737402,110322.1266530575
47313200,50344.327267068176
48540002,67063.26086492334
44807603,95387.64127497144
45852800,62528.22174919495
48508401,53842.95664012174
47710001,57100.85639302493
46385602,58928.105497170705
48569201,40086.67680024354
48891601,47129.61945754903
40801202,58223.661768273596
46263400,24579.32252770897
47886802,106929.28934044609
42682203,77000.67180934847
47327000,88937.50367032539
47560001,83147.60294827711
47131202,46520.97823552389
45020801,33141.57874875236
43997803,71565.82905646958
43648003,29985.581518355742
47563802,30587.797029660553
47531002,101232.8937304414
49857401,69602.94778434417
41307802,18139.75265222056
48156200,43831.54985270111
43783200,77956.79026709894
42789403,73294.57434832613
49410400,87838.58962526174
45739201,27775.443377663247
44026201,49839.866332472906
44345801,20237.0109359664
46433402,81843.19034642243
45686200,62198.35910390039
41282003,28178.13498025672
49744400,56527.08927307525
43162000,53449.784057205754
48289400,70813.5785961133
48140202,60488.221489240794
43339400,52866.34398632975
43411000,128540.3683659839
46703600,41590.27622719268
46071202,56049.19403822012
46062401,50029.04606808329
49212002,82903.50014548974
45304202,70808.92298908396
49844202,48482.55709003395
41544200,102837.20034960666
45803602,46749.10754870677
45124601,59296.78913062173
47388802,54775.02781844898
47122600,46421.65586581128
45413800,53439.67500093536
42476200,106737.0843191983
45481401,56520.96780956082
40956203,35439.55783976602
45301601,81472.04713709505
43671200,62799.50062964815
44584000,62196.70179040202
43962201,90355.62429776796
47699600,66926.27095669226
46985200,44942.48726565407
43747602,18019.729600025126
47238602,51506.4480371479
44075800,154244.89992677086
41462803,64801.75573541701
42241403,138049.48642953092
44110202,59670.819542794765
40911000,40840.561667028924
42634002,110757.76053386625
47176201,111392.65816497496
45846201,49062.43580616214
48457800,35068.76753618146
46941202,111536.79090833715
46154800,58402.24717310502
48538000,71668.07292356486
44956402,78866.63873407168
45340203,59081.7907713635
44633000,60709.20709937568
42478803,46923.522768964096
48781001,33900.00673051986
42454202,70264.07692427741
42435402,38005.363015953786
43751402,80611.7641352116
41126400,31742.25734000025
43900002,110686.4756883606
40834200,66568.15014572284
41523600,89452.02615114962
49864600,45959.114209220505
48966001,33044.354097445874
41493202,46037.262380943874
49379602,54403.92292360828
43815202,69449.519819797
46742000,85788.78074964033
43430803,62187.62821246644
48323802,34132.09898889501
42293603,51969.383137985016
49778800,42086.40548108572
49359200,43464.662793382595
43424003,61367.826450620894
41373002,23948.978690201315
40813600,87194.57088250983
48201401,19055.193554942183
41630403,76276.719170764
44746403,55411.49753926435
44695803,71351.46380128768
41332400,29658.318463752257
45221602,62978.37362450216
43606800,71190.59645812602
44181801,69066.90488993263
45105603,54511.138934408635
44839401,34969.413075425735
46167800,41303.944359543864
42846603,47629.84329540209
46914201,46581.49263073533
41854000,61018.51908296294
49816401,57171.0257600494
46697800,80911.11485282885
45523401,56731.41501752537
44642000,49358.79999207468
49403800,40718.82480388123
45711203,49568.01437366682
45394602,130466.87845378339
49902001,87334.69014632837
44055202,47865.11419026355
49840202,70656.54823604283
42948400,34287.66301386341
49292801,54275.15001379993
41820003,40459.15502145711
46536000,34335.62663308444
46615200,61101.077616088536
45111603,68191.69450385844
45382800,23061.44284997062
43858002,52681.79055307342
41590603,51556.922558612605
48954400,47751.938123014515
41263400,37327.80040760668
49096601,72302.42943869988
42744202,35440.470296654916
49025201,69995.39807001853
46264801,77032.64442186896
48768802,79625.31206545126
48676800,63933.37771278611
46282602,63149.26608570684
44708203,81736.92050969848
46178400,43884.34452191631
40817802,90402.47273760672
44308001,32390.279245477013
45072400,49686.66225923432
45648200,83153.7965347765
43279800,59072.18650100948
47036402,54960.933051566
42952803,30550.789576502164
44974601,62132.02899559503
48749600,58612.77288605329
41144202,68656.0182517613
43278200,113221.73143407959
44320002,99784.97775048783
44022803,49157.665370635965
47084402,48851.37117986289
43158602,36589.31790946667
44923003,28776.738946882422
48373002,85534.82161132763
48100200,38497.62224521303
41545002,68429.64124227603
45075601,40224.05005227335
46442802,56165.28770694682
48492002,41765.379688377725
48339402,48209.98474659143
46280402,56135.57258833389
49119402,40759.82364943637
41733203,76769.4611586965
44852000,55618.71306966862
44005002,38466.850541477164
43252003,53192.03506377638
45849800,45155.46652942722
41504403,42109.60057873682
44132000,124637.52433011284
44912802,28968.42387452006
41275402,32806.34581721073
41564000,82915.84279757156
42798000,44591.412356526096
47384401,93400.57134556978
47118001,77875.25676238215
45404600,31446.185982749743
47692600,38063.35820431361
45227603,114065.5413390222
48438602,78577.54905420559
41875203,54100.82129817835
46184000,33520.377697616634
48406400,32406.571353331427
45345803,80365.22467062525
45761802,101389.42185879227
48936201,89535.57975706595
46257200,46257.94090599458
49008400,109260.48837505635
48466402,91462.69809011636
47798601,64622.817777828626
45845202,91233.19637945073
41511803,50211.72359821017
41317603,40682.91594550295
