id,salary_mean_net
46224201,99470.50984497687
42119402,62141.06815212356
45716401,25005.179384491465
43716203,19133.44204383516
47109602,37272.96275855533
45507200,28911.61498640579
41123802,61986.943917970624
49155602,44955.506197533265
41169603,41109.56138779905
48041400,102656.61326099909
44627400,82754.03961978533
41904800,53243.68181796171
49037402,62519.64925849851
46778401,39020.36921908723
49970601,30930.768083811185
46875401,55127.12464923996
43416200,21832.29987142326
41717000,45573.515607616995
47784201,48263.683142818365
48823400,41378.59289606882
46711002,46589.05986380471
45307201,17209.148535370332
44298402,39434.59042590051
46487402,53814.370081865
47184800,129162.33565164258
44145003,75822.5610464653
49904402,73685.16586568578
44032600,55721.14813187054
44374402,20580.98798965861
44402003,49702.88991629698
42970002,79664.2273255577
43892802,51386.89089455281
49155400,34946.42613683894
48131602,67287.89296755129
47830601,43588.48823884814
40956402,74504.04350219965
41839203,124357.75965142023
43643803,28937.783362459366
48574401,34672.28379204941
45808400,30779.937614453407
45119403,91483.73553013548
44271402,35063.3018766931
44880601,44958.89774046978
42208202,63948.80797287537
44322800,61743.91616506843
42892600,19481.09875766013
46480801,38448.147945337696
49197202,42814.648922400535
46631001,78958.62334369685
41294803,22345.82503034018
48400801,68600.61676016543
49960000,42029.94100770583
44190402,91335.3307421098
47235200,33697.06812054845
49190402,48107.679546209845
48081202,94406.38253162701
45428802,21359.3633281485
49733402,38604.492252290394
47551801,24269.291168049138
49141202,30350.198196711925
46583000,56194.159820839646
44898201,54126.49969517998
44255802,36342.18092043844
44659000,16046.825547652923
40826602,57646.793306583466
41268203,13507.031180700083
45078001,25109.243450727798
41368002,17252.781229331573
46702600,15463.883316807482
48921201,82382.01623613959
42480800,40392.265184596115
41982003,69945.46257589356
49052200,65503.19970141305
47522802,44197.8495802073
45581000,39911.13150163345
45919600,66792.96604501452
44522603,70685.68262097717
41337402,18736.95706527814
45155202,15574.540671691902
41238800,13735.678883141343
45261402,26807.10123941567
44986003,23546.083392319943
42474603,61418.396763367746
41699802,71680.49236981069
45672802,49330.56870248708
49818601,36106.03766876917
47142202,25336.052285436155
46217400,47215.64766265801
44279201,37818.86348642408
49418400,40391.34290209832
42452603,83735.8321103075
46243002,31251.658271304063
43363403,62163.10117548352
44945201,65604.20963073641
43750202,52686.36864254132
48944200,42338.82361163383
41822202,73781.2678830814
43997600,27157.45776076149
48834200,71114.43301654528
47010601,41994.78437078773
45556602,83547.8946730174
49398201,32025.23091454862
41385400,18422.90253523908
45586802,34479.313340906054
45942801,72893.72095006498
44666203,65410.03190038552
45663201,94379.30570366782
44327002,40557.43434878129
44225603,76655.45582264087
41747002,57138.506178775984
42447202,45318.325311061955
41094202,48360.719587819694
46445202,69823.78641332705
43980600,69763.10263662062
47902401,35314.37834687663
42464202,19172.733798011515
44950601,76924.77300395169
48139402,105044.36491206905
45203603,116864.66334837969
46815002,27163.515382047623
42797000,76612.21502468495
42130800,66079.00424698275
43836402,16367.582668986546
42298200,48529.98212675605
42293203,25723.31953526513
44361002,67303.82166592753
44638600,65535.135337697895
49456000,59052.90498872378
44419601,49504.96252347377
43997601,38646.052155082856
40927202,47020.91205028017
41503802,44800.11928316387
47476801,53509.892811909776
45488203,84828.00276014488
44266801,55495.42318722178
48837000,57121.56670889587
43807800,34355.66042583646
47106802,20037.052366774446
41391802,40860.54987609717
44343000,47839.698221470586
42489602,52231.58345570297
47035800,43525.171992899035
46356201,61022.732987476404
49235401,40913.09638789066
43106603,84615.3768773294
48584002,49803.043898138596
45466402,44768.84706516591
42252403,49274.47186411352
47639000,42454.950607027924
45906001,71511.51277746043
49722200,19778.49223777589
41518003,68842.60393642141
42385403,45010.98357171453
45510201,63303.44170289462
49860200,45343.1226705429
47748201,42621.94100501795
43503002,71397.91028593875
49121201,45357.324660186234
41278802,33088.3696049574
46488201,34847.48904725044
44357601,34685.8675014184
45329003,56543.08241288992
46121201,98158.27167623924
44534403,30098.12660774063
47439200,18589.152948086758
41439802,84945.66068767538
43174802,91882.07587158462
46571201,21120.063217443774
44396601,46026.80663466513
42916803,93550.93588046511
46556402,45915.07250778737
49299802,51640.66575633182
46320401,43221.61502922221
41349003,19697.882362011813
44385800,27713.271056082787
46565000,68299.32203853916
49856402,50116.41118921717
47026802,77641.55149211586
47281400,33738.39719376598
43571000,62076.99563373846
47264400,82301.68573681248
49762201,61539.53575510447
49539601,45181.97600489248
47023001,82798.29985239304
47805400,35153.79580287756
42503802,18085.658486257365
44903800,71115.84244299485
45184201,46132.944995438396
46244802,59446.54887123582
44987603,62503.56511145466
48334202,49927.209129585724
46710602,39050.88356935395
46103000,38314.17200788026
49332202,41090.373632754374
49018201,85967.87871366233
46759001,44269.28997139931
43486802,30872.217888982206
47335801,92897.99607656142
45229202,54047.86944659377
42649803,61546.75309584614
49143000,30682.90963615728
48893000,32565.397939318005
46859202,80740.17779998733
42136803,38104.05504117381
41181002,47885.33691422204
44475001,75782.75567417275
44348603,47149.27613629199
47003402,69016.25467583073
43618002,67078.71740521614
48296600,56492.233305037116
47038401,36332.85362359267
49145602,63528.3154764539
45244600,73113.65135065232
47963001,49083.85443002431
49631202,67324.20946582318
42867802,70803.88858683468
46826401,28141.2512130382
49336801,28889.321488862548
41301202,28145.599223884594
45697401,64845.45960713403
46021400,51713.39290106488
44352203,23621.936873806735
43840000,35520.33105989433
41874200,80483.87252330536
45129202,31977.249483445135
43415203,38931.714080925696
45648801,88041.60621739228
43103800,62949.72593841325
46788401,69191.84819994983
42085403,48880.93410785511
45373603,27646.727238237276
43082003,49418.18468392629
46171601,50415.82756542058
42831203,76547.62494018883
46689201,71734.71824718513
44785201,57483.69019621961
46367001,68339.76696007735
44117600,39265.182386125634
45338002,34704.32456642216
47507602,88761.86542905921
43644400,87532.60402212972
41405403,53037.25272061458
45093403,45856.19640022146
45870402,83319.63267109409
49833800,70984.25230817075
48925600,16974.618109163745
42474402,54264.085577474165
45784603,53343.07674075802
49955802,60196.857060852766
42199400,38973.6539146947
49847402,63424.924856085876
45968402,103042.81921096891
42683200,22185.90307024245
47870200,97203.78739173026
44719001,81102.72052158613
45330402,61866.112789649065
47201802,26019.739363034118
49925802,52739.14465963142
40996602,52169.39371835887
49929802,31933.177596906673
47711002,91062.76198214531
46575200,74966.78496544901
41815802,49585.81011320613
45048400,78096.35193229558
47075802,21964.18493410253
46943401,52828.95774930417
47565000,54042.20550452711
45462803,61195.88409471152
49623200,84744.7389726779
45962201,60467.79664930717
45931001,47454.911986626445
43517803,41531.947292923374
43553400,32241.380610263273
48184802,57042.84494822858
46683802,43296.034291741234
44930800,47217.85782236939
44074202,60306.27559966064
48191602,11417.024296829673
45958800,36808.277296877255
48842400,62437.62890947745
45414801,105287.56463593419
45767602,67824.4313535553
41082600,51986.45047229304
49807800,46789.254713412156
42515600,120981.18698628241
47980600,68911.32307768648
48467400,29245.360923516204
44733603,47006.46578885124
49775800,74735.11611675986
45906601,52055.018828957414
48172401,48663.11932666942
46388400,51358.20641558876
48566601,53816.413828426645
43549203,25339.8413539158
47680001,60301.819401405446
49464600,47645.03498586023
46357200,81819.21166787611
41941600,28918.70389986864
47069602,60231.3563995932
48789002,50595.84925033583
42849403,101788.25552802702
42421000,64066.645524550986
45538402,71971.66240462815
47932802,45164.666727628195
46972800,34321.871994995505
42018803,44154.89564985301
44280401,106705.26566519597
47428400,58547.141868708364
46006402,131177.51162227706
46784202,46293.60957970764
48568000,54051.08496632874
44073803,74256.24901764226
43262800,32455.00532730102
49901800,92941.07636025731
45261202,62907.568551574834
49168400,39494.82442286497
49770601,41490.30027393881
45477602,37352.04732266124
47297802,82157.97333581849
46899401,107121.77180996796
45612003,71578.86013339448
48756602,75117.80819172518
42776803,37648.69318679221
49858600,43998.33135372071
49174401,40230.573024052326
42772402,36616.5756053577
43129802,27225.251851708454
49519001,36669.57166873329
43622800,80087.05385592546
49482602,76209.54969590183
49972202,92409.39360701389
42459600,64222.37434515018
43603602,50773.18993921796
41775400,85126.10903827846
42630203,78945.67896084682
45166601,65268.806030161606
43040403,39451.42914911702
43630403,81099.02853884114
44806001,70514.67146109673
44696202,30938.629697837154
43512202,37575.0535982421
41634202,28811.236009425753
42960803,71568.35518172821
46327600,45475.360939741644
45595800,50522.403919966215
46498200,63258.92196084943
42406803,53422.10060871781
41110200,47661.923051367696
45393001,37772.60139002994
42895403,34955.86503770416
49837601,25601.092186161637
40857003,54231.585484132986
42935402,70794.87612690042
41923002,36045.69796361236
42208402,51848.71452403677
46974201,34272.62686159461
43269800,65028.582137990205
40997000,105616.30397066745
46979200,45105.77604527083
47270400,64921.69296536911
45927400,21092.319804830502
48557001,121369.70161208883
44972200,59258.07142250502
41119602,30117.06167732133
47353000,42057.774654032735
46813602,31885.978292275053
47997201,39252.979727028986
46946601,97120.0135197955
46387800,27222.110993748574
48712201,49098.67782776057
48221002,31977.927451086933
41053403,58267.387184131934
42243003,46691.67782855575
44636400,28254.44541148124
49100802,49661.23236041984
47920600,37916.0175608955
48827002,39949.18569950589
45698201,33575.46606068216
45879600,49173.42436418085
43425000,40967.68104133495
47525202,46880.59006652006
41924200,56881.96550497743
48105401,68482.73603442404
41100603,55807.612420000376
46949600,50403.06524671822
41726802,64905.37198072463
49039600,26178.5857282317
49592600,12457.995655916231
45134402,29535.563021961927
41508200,16535.85817834237
49893200,31095.54141367058
45114200,46775.1683048853
44794003,65481.99450183729
44670402,24121.6360128794
48034601,53846.78057471668
43512000,46775.46990576523
44770200,25404.73029677749
43404200,55380.038728134736
49891801,77828.7397611957
46197002,18782.842682825674
48430400,34377.523577036525
45153002,17129.42843068252
49878400,39687.63508842423
41876403,49649.74864924491
41257200,29621.524036305556
41403402,43763.57608432765
43593803,41118.86740743293
49852200,41369.06339227793
48647001,62078.28729329117
42543003,45615.73762956273
45240801,27689.69637158607
41310003,11605.114460066296
42596000,49728.77502662185
45554201,50878.98566853471
46384401,47263.95754330643
42649602,62436.30482161818
49974000,51739.70381328384
47498802,20262.928904618886
41617200,38559.00667862687
44663201,49759.72557519026
46568402,49565.168514585144
43820000,63126.67486440825
47515200,60002.35888420639
48349800,24808.158959054137
47560400,45627.82504407126
46774201,32690.672574572993
48445000,53256.176450295105
47955400,80380.59318869782
45667002,69462.89445996747
44907201,44413.84092081544
47835802,33407.40884243192
41844603,28496.042902776928
48019001,28317.89932713638
42241200,108180.52177924413
46798201,38789.41246507518
46867800,44379.98465698091
49782401,40295.319994350444
41250603,36994.57884730657
48238801,92187.98763309456
49831001,34940.74354386145
44175601,71710.59206007229
46667601,47864.18949498222
46697000,48464.98475935594
41899403,33773.30178838648
47280002,73470.36412492233
45433000,103884.3750260541
44357202,15266.921217391671
44313203,22577.093639765604
43894800,49154.484014500784
47863202,61538.574764183635
43935203,37772.017095337775
43069600,45256.480367552635
42568202,29788.116293842795
49973400,87827.72676857866
44006200,28511.17787758595
46531201,54004.98070275638
43988802,58451.114506256905
44991003,82103.41341706895
46315801,53573.213354611325
45611401,54855.55129297542
45983200,62492.84220969156
49894800,75689.47429042301
41254600,25698.97107082414
45797803,51695.50537232999
43599603,99439.57203734474
42079800,31229.23050170645
45481000,36474.06935818865
46734201,33793.04859886634
43726402,57249.15789054727
49077401,36827.13460057737
43064200,100117.68145026761
46705400,62739.10490713699
44253800,13746.183188027557
46599200,25222.345504907265
45723401,60716.24704360317
48338000,55467.115325811305
41681203,53001.589309459894
42197600,51571.257198126485
41713202,38712.227125811725
44136801,32720.822642001418
40885603,17326.279295051318
43643600,40590.51670346974
44897401,101919.19737281991
45800002,39213.49418263189
46858601,92745.02433328744
44228800,43224.76991203627
47747800,88891.60796400614
49766802,15274.632275071828
48276802,58988.51093336742
44972602,20582.122408359195
46142800,45298.44086289031
41561803,51418.746904061016
45886602,135801.74382511925
49359602,67655.49898486547
45062002,40154.15747288604
47485402,34500.04236672693
48614002,30751.50185890725
45887000,75689.42565699725
46830001,47762.44855729372
47032201,39529.14782399361
44652002,107436.62610062186
48781000,23321.240714170723
46265800,16667.15069826383
41408802,82512.96679945309
46269400,36448.923462646235
49027002,32478.900140792386
48777802,103656.09807464015
49095402,92838.05589274749
42455803,75112.34137949122
45099203,36209.70622157197
44972801,57206.344260158
46798601,83503.58484400621
49685401,64076.157392820416
45298401,52622.65818979939
44207203,56190.7088526989
44020803,15680.187920660672
43347800,85927.97260036122
48842001,67311.8344797973
47034201,64972.24372279561
41771403,58631.716725892235
42797803,64435.58068263053
45625802,49187.7849542137
41526600,53515.056968050834
45397003,62731.73267438005
42679802,52931.504825899305
44974800,40993.80035755476
49884200,70472.96245448619
45406802,61909.20712061171
41286203,97797.8260707552
49211002,50873.61351636425
47718402,76130.4399494155
45161402,44125.1358430783
46942800,92055.35294907441
46194800,39163.73559613648
41640803,68813.72210431524
48859602,54786.59899316648
44882401,45268.34659655963
42448603,36924.89302030447
46715200,51841.13534613671
44656800,25694.06128349038
49129600,25412.44745569046
48133602,46494.27250584223
45639803,19595.572130781766
44116200,19074.086392785393
40980802,30540.42572305727
46394000,24126.686514904522
45708002,24471.355657122873
45033403,66716.38597680222
42260200,52544.37451500482
49251202,62680.94979996797
45283001,67510.70863380845
47012400,67823.55767137789
42827203,130999.2875419776
49633602,75262.09168167
46699402,29141.156960941826
47166402,67572.68824145259
45770403,19331.471650697178
48768202,69040.74561965544
49316200,38797.256072396136
45117002,13061.183562227852
47899001,35154.23897150177
40923600,98475.76462581687
44942403,59376.80923617253
44572003,49802.91034662144
49758801,93805.99382812632
46076200,67853.76621337581
43220003,48262.93029535194
42229003,72433.87261294329
43815402,46180.59078851893
46833201,96368.5038241189
41043802,76624.3110286904
40862200,75251.97647782377
43330800,50439.52916734986
44864200,43732.449028910974
45662600,46196.769082978826
46196000,47373.18311672102
42740200,45844.89936974895
46670600,82947.53577739125
48132400,29515.782346823366
48445002,56832.656610633494
46667202,60098.163241246424
42547800,42765.89892374375
45013402,45681.267795414155
41186003,28597.957028549987
44603601,53629.11391918035
44326001,17636.55006398882
41390603,31491.28939814726
42696002,61163.8625785958
40863000,61277.084598512054
48898401,50248.71401606758
44251200,22794.149803325407
49927000,38408.630348112034
47307601,102259.2073748957
46382402,20928.412281221543
47713800,67509.96455891816
41177803,15149.032722784075
46083802,61755.522797904516
45404003,70295.03601174087
49572201,43702.465842328165
45703203,63200.7567680425
48645600,58229.82016587833
42866602,49903.29690241128
42968402,74780.42106546473
48734400,37320.254312380974
47279602,46764.83809681019
45585603,47079.66374592234
44665001,44070.26892327804
46262802,74993.64601199092
46574401,21436.159720793326
48900801,75127.8158940968
47072400,96919.61968867853
41145003,62700.935402093965
45486001,23375.84793873161
45427402,63016.29018633455
42317200,49700.007571139766
45294403,40664.32031362374
49324402,70456.46372312971
43509003,30624.121862666805
45988400,67517.34602338952
46888201,22378.709320413574
42311403,69184.42700823267
48167402,26027.128549962974
46678001,39201.0459717765
46414201,46778.695382129794
42248602,31073.42714101445
43523202,36039.67450635485
47160200,46217.53249236914
45732600,23307.78375865663
47102400,38114.39952932673
43377402,72894.42431943024
41163800,37855.68540004374
46040002,30453.302354483163
46022800,72526.47787716653
46607202,29620.167832878935
41000402,81291.29345726031
41253003,25774.477823323163
45796002,43989.914491212694
45144003,20044.39604123148
47704600,26488.03689384334
47753201,120993.24887887217
45664802,42472.44411831295
40929602,27813.690696333873
44968403,40646.052223019484
43822403,64186.181478156934
46825200,43350.9760438252
45883801,44532.98903276644
45137002,26657.12137044833
45167601,26260.879537382025
46581401,84888.73001899608
44931202,45961.65092012155
48246402,64979.3806386505
49285602,95804.84846005659
45497600,92153.43136182033
47760402,17587.85590218629
42606403,20314.599079880012
49527000,56107.776022264334
48161600,16215.96390014777
46903200,115032.04930549319
49915001,38214.29538170213
43992003,31076.479736620484
46250401,97977.46746930738
46418600,42588.41384093933
41710203,81474.50692632137
42495803,43274.20290713523
46955201,84275.5703769261
48209600,21279.125458757917
45196801,54001.39389006125
43508002,56482.38435690477
43489603,62635.95956851618
45733203,25104.894922225743
44572801,47322.928644621716
44925000,86109.08575660652
44506802,34418.110029860174
42947402,51072.58464914436
43970800,47153.28239534866
44176600,83353.71312440513
41178600,20516.324613266384
42627202,51927.15248868494
42629600,49656.3233109898
48501802,89524.27713444085
49517002,43960.76992721178
41589200,22939.137849010716
41725602,30451.474075422288
49675201,35926.42258968527
47546201,36814.46340450672
49823000,26048.84318079421
48242602,86552.42060700065
42241203,41432.69586378438
42259203,28225.241961575302
42445600,42352.69470012555
41267603,31492.925619180045
47808400,24021.838646777538
46390800,62388.38549288559
43826401,42107.618901363334
41837803,32591.780880991064
42959402,53067.19091330506
47284402,58004.11068368623
45448401,67377.08364795754
44605803,56935.49317087372
48264401,52190.79398900993
41130003,51090.91728949558
49036601,58214.50993315563
42499403,60439.51461423415
49741400,45351.185270886424
45539403,52139.5702541023
41424203,63328.456904515486
41046202,70986.05088837139
49188001,44484.7269491937
40890003,24731.594723758837
43129200,39235.122888266196
48212800,36441.25497683256
42644002,49248.52712519634
44136603,42382.863275826494
45628802,30976.23994752698
45919400,48697.163204923425
45300603,57401.59289662839
46883401,38080.51727156629
48569002,30137.503647070556
42019003,99196.83202918372
47617600,94534.80546263562
45497403,60610.78961708698
42698402,99809.75473736675
49192601,31369.023225510267
47320000,81102.71223284077
47534400,118411.90465493835
49945000,53454.15146393038
49997402,61407.19498786262
47616400,51192.07435441408
44827600,55757.019134556474
46955800,89924.39479260775
43684802,22432.17035290951
45120802,64233.160510185146
43338402,67291.95689446763
44974203,71612.53178411236
47147400,48845.03917868477
45644201,89863.147230611
45864801,32084.709092793244
48713200,51378.83326380923
44391201,68631.95744272883
48501201,27348.216449766936
46869601,93662.40328271063
49709200,94808.59991968112
47687402,60801.990338470365
47090200,101086.47434108466
46103401,86041.46797344359
44782400,61249.615398518145
43758003,22988.4474774493
45005601,24725.015325670924
48629602,44628.06047472007
41904400,51654.37700195562
41209800,28859.54362928558
44292000,74259.43426282058
44936601,60036.71961156257
49657201,60067.93611149066
48127401,47075.98918315041
46344800,33226.77966930645
47757001,29016.968967829227
44046802,49054.76458767559
44134002,52586.401306531145
48867401,43017.36020227869
44100003,42578.695174381864
45627801,67447.69228145649
41580600,77826.65457926078
46415601,39745.26720494743
45308600,58581.78145884112
44188003,31906.359151050856
45173202,75593.46628703423
45138203,44747.81950797169
41549802,19982.334729319926
40912403,52447.130425790805
45220203,35958.36225968123
42392403,67283.55272478875
44730003,39503.155214135026
47550400,88586.6803051105
48794402,34660.92835261123
41738803,29000.229699418556
42416203,34051.430033774865
43123202,27409.570188461672
44532402,34545.32567707071
47891202,59326.78679687474
41353003,28784.44499401815
47081801,39615.52572419925
46793800,81731.66943643632
42794202,81062.53351159522
49430202,20541.459582166794
45806000,87136.86371920203
43474003,107811.58094603411
48226401,81181.6861617624
46697802,109862.85373111098
47896400,40216.088832318586
43648203,53133.27704920676
46820401,92901.7969040997
44588000,50248.76569294177
45542400,77464.46551418793
41302003,30983.86620229135
48323402,71295.5096790995
41221403,32075.24658044483
48795601,56600.02064499805
40816803,38685.75259163295
44353403,37817.524245173954
45492203,38081.96742075012
43145003,58941.184930995725
41285400,15517.52708953614
44522003,29031.053362686045
44636800,84408.45974455944
43719002,28959.428012883374
47288000,33874.52878464693
43879603,14760.406571681211
44743201,12105.29809367199
45438801,26783.539803280437
45360400,38390.5074147805
49265600,33483.61638174391
49484402,24129.57344045154
47297402,99055.13928973427
42513603,50534.966862060195
46776002,61069.18412110411
44142602,34896.65324250958
45136603,79784.82526008706
43355802,34456.516932908584
45052601,41128.28363086569
46098400,60050.52410130823
49290401,48834.30417331841
42104400,74991.99459963662
45067801,85185.25136540283
45695401,49690.94743759413
45815402,48217.81706758746
47391200,41985.67642271271
48750602,65673.5994067295
45406801,37999.195193507636
45140600,84596.14701622249
46732001,31211.576742509773
42286203,34537.98300553417
46713401,95851.60147930986
44132602,43814.034653713854
49411600,30523.367089101124
47822400,18610.21090499895
45203803,49878.861033808425
41958800,57423.786699365686
42942803,37124.356859188694
49453400,36755.1321356476
40949402,42317.84897640967
41343802,14571.611267279302
44935801,60578.886239287924
41436400,31174.217188737348
44545801,84031.7100121043
47184402,38538.383924869544
48363800,23878.694328920297
42736802,59218.7091947521
45455002,60952.268734984544
41260002,26769.780676812137
43306800,25417.860226585362
49524001,88936.42768687772
49257202,84935.75661019859
45850401,37231.868719992526
47278202,27536.062715837066
46545800,31374.169868203895
49629000,39525.436422595245
47588000,68584.77524950384
49859200,99191.07354074897
44058001,47390.05088111271
48181602,40837.32192364127
46620402,65716.00937121239
48764400,55637.2704256491
44786603,33171.57081401412
48293201,44875.905871262075
42609003,63854.404737740944
47758601,58984.46677272073
44581201,44704.542529943814
48861202,45036.26682222751
42629402,46524.79707387317
43781202,51612.1046706571
48263602,57698.52946945754
44236802,26047.838694307575
45311002,40076.40735865941
46323800,102824.99067970307
43843000,48984.741009896046
47123002,39515.9171777545
44839603,56704.08128336337
46551200,46231.70489367407
42659202,100056.4801221322
42903003,86966.45642827085
46286001,71208.83535412113
47406802,107684.50580191858
49747200,57123.01244953009
48512001,39046.57147388263
49915802,78886.72515373552
44305602,37953.15602905202
41192400,71520.50768088223
49971402,89787.16727530732
47676800,25937.076475675654
44261600,36658.11406098958
46523800,48107.60925809443
42539002,84522.66455373092
45673401,88045.93101848516
41587402,36543.54307443654
41135600,85284.42782064789
49868000,52801.070957839045
41634203,28811.236009425753
46978801,78733.53294588265
41659803,19062.119392974186
44954603,88719.17707939268
44439001,37377.143566543105
42804602,85133.70430331511
45692002,54546.24646475571
44091200,38711.80131731868
49860402,60529.24851089802
49359002,95812.50044127842
44632603,55575.801541562425
41738600,57810.578654254285
47476000,30739.985011959172
44176801,13202.41255256057
42801403,46056.17729553888
47077802,21260.213139590414
46097002,34354.42062366847
41651800,33372.81583097606
42165203,66331.87634805782
47272202,54775.12915428149
49814200,59259.94678052227
42521403,54446.15979423838
45303600,57682.693779924586
42265000,76525.08926558259
41938402,25298.948179368672
49604400,51901.28141103265
43055000,116061.07915892091
45209203,47724.30683366241
43341603,37875.30814122994
48083601,24800.51463735032
47216000,47878.83217360996
41192603,57034.088155312566
48447601,64424.612524122786
46755402,71367.52020346335
43656403,37810.32776898536
43609600,54026.3758644708
47011000,31373.570832119593
40966400,108078.95953262597
45806803,32624.780716789664
49394202,43159.034484244126
44796801,73798.16920789459
41722000,29993.591063261036
49311602,58589.12214163075
48840600,57289.705411200644
44083001,9891.843445068494
41299003,45653.76618511157
45519600,34036.47211542746
47868400,89257.04336233705
43960802,22161.870018234426
41426800,67077.5414660333
44648600,66189.78124917041
48433000,73479.91196342654
46100002,39625.36628322836
47094602,41467.3372339625
42811203,15331.908883322572
49834600,50332.326213427325
48392400,44219.32604354115
43720002,28192.481209702302
46525600,34344.57532132768
44558201,47961.34530061886
48369402,37170.22108513623
44450603,38682.657498984794
47441000,44697.19160360464
42151600,56275.738115029824
45652801,39596.948356420646
49834202,108525.27552817298
45543400,57149.75358014168
42621003,93587.18559847711
43296202,110792.08226710343
42313803,34064.72663625202
49888200,32985.613605163366
41082003,41116.394981298574
44379603,56403.18294719416
46671200,31170.972333031306
42666802,23733.036748440874
42185002,28680.8660939362
48317602,87539.58805796014
41288600,32829.24587585097
48605200,114418.2382616486
47986200,46016.725864426546
44869602,46290.21796182182
46924400,20111.369617732915
46461401,25430.772929872554
41007200,45519.332239467054
47041002,21765.293609395507
41257600,21023.21967771255
47690401,66479.025592811
43915401,14033.601328191595
43058000,55497.471829185975
42151000,52773.859946234654
46215801,42637.579431965554
45145802,45318.13382824804
47817400,36538.874878592105
48035801,27941.86489246597
45351200,51983.92474812788
44244202,79555.43117392845
44296602,34954.44259493988
46474802,94113.36000742635
45086802,34611.35099279496
42443402,67379.9331147568
41371800,49634.1386704488
42999403,41937.315124470544
45403802,84539.04155073859
45805403,100820.24541227685
41585602,25952.906616917575
49161002,22329.239664322464
49780200,44103.88939372885
49707602,14963.802176680023
44141203,100757.67886944945
42437600,58139.90734202723
44621002,41759.181601414435
45091600,28133.509935023554
48147002,78797.49277245742
42484200,40424.10060158129
48081001,48491.994657518044
49552200,41600.793343900965
43887000,30812.721262563762
45885601,67818.24036112025
46352800,75822.62215365941
48846200,58758.46953164676
42476000,33488.13227381714
45538800,54162.20564441826
47471600,35578.67896027985
44948600,24541.127476779686
46787802,35315.96785178682
44071001,54853.02039577151
45837002,64028.42668175974
47187401,62971.10333185905
49802200,51570.33574599833
44084202,65652.44600726146
45631602,30701.88974395905
46323802,12389.419919317545
45582002,44701.598137580666
49771801,52272.326604058646
44842400,34971.38445243506
47196800,24937.14281929613
48404401,93665.33256596487
46258400,48785.225972690154
41781400,47169.656232353154
43798202,49682.86533512164
46289201,9589.148598913991
45811802,31103.633100329364
42029600,34966.21004644998
42161803,40212.505922606346
43686803,54485.644291650984
47435001,42896.169278039684
42821202,55987.04832990532
44460402,25306.753799486614
44378201,40928.51485329279
41088003,33512.78140284231
46041201,33638.84518605044
41939802,27346.99819218972
45515602,21228.601917481694
48263800,25332.050446970163
49884400,64451.21465928106
42690803,55326.199145566825
42437802,26147.14081466238
43186600,29685.853597340418
49528200,85610.36743385019
45637601,27864.530650604065
41769000,64497.45012037089
41043002,37362.41378808713
49619600,33375.13105279703
47736801,45884.27043843843
48920802,42123.01325294841
46738001,48804.702147701646
41973003,90965.90110461254
46663601,59019.13551237127
48690802,61653.543698303474
49120401,67402.70110950571
47028202,75090.09607248801
49897001,40701.082789699605
48527800,70540.85374044403
48058202,37918.80359575847
41107402,83499.1869822005
41478203,76946.20735944613
48448602,83354.0119467436
45528800,61370.28157381162
48765002,89193.3889598236
47360602,70412.20169211384
42985403,59182.48720172294
48613402,28393.153350207584
41403400,59305.89113697805
42380000,51308.95026896601
40962803,40046.31633265454
43676603,81622.12166383021
45718802,51515.95968187256
42941400,87150.07396912621
41956800,43208.43320965021
43834603,62269.808599173135
42806000,39381.4579156803
42500800,66655.10459111466
48240800,47127.306825222324
43132200,35673.525113043506
48911202,29912.80475327384
41394802,68310.74336008978
47927202,22971.319197222398
44614802,56281.33545368466
45363403,75018.75158865444
43284200,29627.26822343075
49863202,25139.982817400636
45478402,122417.41969017847
43462003,73649.68203636032
42714200,60661.36894678096
41723203,61254.899158628934
49447402,69683.35101953709
40970202,78358.77885684573
47445200,23922.140124365018
49946401,83443.32004561505
43524403,29954.734276247305
47511800,88100.43702883454
44564202,34205.46241547673
42545200,27860.747294151148
43090402,67713.55101256454
40957403,59214.42636775858
41046000,49599.820767544195
47478400,39265.43016864448
49897200,41248.77817996933
46425401,88797.28564992681
47759202,61590.272567648
44208202,26691.792749677224
49207600,56164.52795187804
42943200,34922.77497602707
47425800,49667.34600116463
48028802,29072.302912538195
46154202,47449.05088996421
46294602,56461.20138496175
49041200,99034.69830072409
49039000,33006.47177251493
46415402,40914.83880891816
47245802,61782.940707904636
43217000,84549.11863244543
47508601,52724.37154095402
49674001,59362.63518572082
47332802,53496.4758178325
43885402,60966.91914859589
44309603,79154.33499163919
48337402,66832.0461570907
46687602,50573.797774199025
47076202,25692.107897764898
46997000,95467.85620554729
43275803,68875.42484658214
41349600,36896.42670305499
41222400,28670.08020830866
42442400,56834.54872074163
49844801,42704.75010960759
42300400,97700.99662921531
41856400,32133.479804995543
49540400,89384.19052519574
42224200,23830.8250586061
47603801,26932.1800160591
43105400,31579.887747623055
49739202,63984.82052691856
43086803,95541.95851882247
44114400,41356.00933410048
48034401,103387.62015456322
42032400,44672.520385463904
48493002,33467.4125713148
43072400,26801.044211378583
44942001,53229.01580558319
44282202,32931.146514087864
47009402,86371.39299566366
45510603,24024.390329937418
45811401,46784.70640690405
46072402,20484.10294904294
43883003,44788.58351943824
47169600,77924.08533781063
45779001,28346.78623762451
45692201,92110.64057218304
43936800,60149.80726449817
45670402,101466.75985286754
44566800,49774.33289961373
43697600,87508.22097655165
47004001,87349.37283993175
46221000,29538.995771134953
47482000,63355.13501775034
42433200,59209.67375885972
41080602,33412.19224235961
43986802,72653.02620540642
42234602,32518.811345764603
44839802,47645.54375233767
48326200,75514.71368383637
48391402,47484.832829974155
44757200,28085.290280938687
47845401,80344.57638464568
48062802,52362.379140507255
47086002,20960.1883081668
45502203,25913.26866713364
46389602,38219.17898281713
42378002,54766.91620243096
45131203,48025.284676766256
46006802,36076.847053444115
44883801,86231.71574718496
43968202,38002.46504403798
44782200,98051.5895952138
41637603,35596.54195905125
44882203,55561.149901774625
43261803,49787.47852008272
48691602,52332.84876356452
46940801,47470.06867768215
49288200,74157.66360159536
41057603,49205.70127920843
46588600,41343.3314184305
42417003,42507.75671072892
45328402,64477.07722930107
49124402,29032.130724563907
44152003,48293.47813094065
44871002,44774.12000130782
46598801,91127.12337831862
43636403,60378.81933228782
43542800,46772.53445331452
41656403,82917.8491061072
47095000,34483.29963735112
45997800,45593.34391626541
45226802,22216.81168075671
43872002,129084.02280484323
45050803,45407.37859140985
46410602,48219.03523949791
47920000,47060.126305848804
41123003,62340.02605906731
45829803,55884.51682464014
44698400,77276.07217805095
43228202,68222.89099774633
46856800,25619.857587874212
44983402,50132.75267761642
44769400,45243.11214307804
42119203,92921.89358726131
48104402,74307.67582992441
45674800,26965.453393612876
42699802,33575.13686653977
42599400,57746.34455270602
48310802,37001.67830642265
42812400,61457.84408222608
44243600,40045.213714398866
41651803,33063.78282002453
41764800,65228.40944740953
47646802,55941.10107673195
45598000,58473.54570741687
45669403,35753.03610659552
46071000,60108.11679102626
43304202,93985.3978279767
45800800,55003.68925004799
44912403,35324.13919256424
45955601,31411.362932514254
48142600,44846.94581103637
45142002,110786.72966829984
41177000,72868.56233134167
43462200,56255.61809870032
49956402,78715.20820439726
47468800,34683.711672781355
42057800,13911.53836016282
46722601,64669.38166559919
46228201,24400.70940665391
46308402,54361.64338420765
45663202,19700.490823066408
47209402,19736.168119734222
48127201,55923.53900223312
44274000,51720.3551591851
45581803,41172.848532926604
42159002,76893.67209070886
49694601,46332.15779931897
45226202,50904.74523925845
42249202,26483.815317913242
49796000,117376.46611047388
49902401,46542.15598915065
44705603,54059.53748020789
45043403,44203.21828364478
44392403,78562.1074460507
43874602,39235.62416017853
45744800,35205.89152965259
42958002,49851.24982108701
46268201,101234.13331588681
44740401,64853.33785498296
41557203,51226.55111353997
47534600,58128.616779684526
44314802,53239.81210435101
47088401,17484.506360594878
46641002,100778.73459403319
40953203,75844.42615460041
44286202,68490.24813985123
47892601,16391.91633156869
47574400,25746.974120527106
46620802,90517.33775648486
48202601,27987.83165900408
43754003,61245.064932073146
41895203,35814.036515779546
43147203,31277.06859839202
42735002,76779.38104462695
48142402,53858.70379408701
42811002,60156.38835143845
41642803,41260.84092344664
44418602,38404.623428744555
44915802,73990.12334237716
47088002,45479.55746156832
46370601,38143.516810875946
44715600,41197.743363184956
46313001,40374.8201953703
46118400,19753.387900069898
49058001,57975.774577273594
48008002,50810.31045049678
49677400,27189.73162296624
46323202,41078.92841095966
45614402,51411.60249435993
42669402,18777.690082487108
48780400,56492.583553253746
49069801,29230.920831048083
45538603,14792.790073642238
41765600,58626.86260946494
49448200,74245.38128157488
46203802,27594.30514437305
46248602,40447.176213701896
45170801,31349.061287266773
41110003,64627.92552792368
48817001,55932.203592229605
42430002,102028.60813637287
45586202,37166.08494550132
42235602,58965.97285891183
45429203,82599.51568840252
45745200,54370.27219903645
44731403,61992.38887312295
43272400,72372.79633870447
47350402,28827.10773196221
45564400,38475.682132689355
49550201,32764.57642427375
49240602,106672.32925383079
47875400,31846.056279877994
44313002,146258.40451018003
43028002,43665.63384160008
49952602,120800.42917447546
45782602,53239.524224222725
49017600,19598.963993377176
47900602,42589.090200771425
45712200,51281.938566844445
44214801,90313.7778505845
46116602,70167.4351738336
46651601,17129.500261931815
42858003,60915.23319333153
42338403,33023.55923935223
45606401,27873.089643353025
46585400,74469.77236754235
49569002,37676.11176529298
48177600,23604.717929009814
46505000,57593.30860840962
44597802,29957.122014226836
47561600,27818.828909306656
49942802,59478.74481501633
42261400,56858.32995728319
42684200,57458.640117276904
44967802,38330.92928163884
41604803,73895.89966375125
44702401,65180.272569751
46404402,24604.955895445706
47145202,78657.27864687575
42966200,23872.72022138624
42364002,63557.06706611612
41571003,40815.940305971715
45100000,39546.114233546876
45500400,67861.49164334597
41711000,23044.419012803537
42384802,64397.51754852938
47203002,42097.86376634899
45829600,70177.21842401905
47791801,97843.07895897845
46624800,55394.98026857755
48183002,74112.63237313415
48831600,24078.266361361435
47360802,74480.87530143988
47856400,68350.14808025732
43925203,57601.34180041263
47227401,78388.78670632328
47931401,53373.05652062447
46158601,48636.94275563171
45468003,46834.31492183539
46121401,58442.95969482059
44352201,85768.36033317799
48212802,53700.71909735343
41759602,57075.80021689736
44158400,48609.221323056314
41563403,17499.87242192358
49208002,56019.278048758184
45470603,41361.91048155069
45697603,95674.43716309761
44908001,48025.983090296235
44813602,88240.96979915774
46787400,53471.52381990365
46240200,47901.023380389786
45146200,63459.14716457932
49715001,71722.81000549087
42746800,44544.37146979314
40948400,25736.812775338545
45281001,57814.548421660715
45049003,24049.95074628962
44858801,92413.59581536827
44487203,33843.28424583732
41157003,103340.69062772347
46591400,24861.42651490963
41836402,63589.53499241536
45223601,27256.237410442223
49539201,105883.72627950106
49954002,26027.095312482597
45292200,54944.2754621902
42930600,57920.1578794478
49171600,19754.623755429828
45970201,19783.808656714744
46897402,41719.45645096007
46350001,76104.17551548255
49835801,43073.03151779648
44517003,75657.11173110471
44597803,43987.97463547362
42884603,83838.187925437
47740002,41971.82974320911
47797802,106949.44571492633
44381203,62262.886208272335
47110002,79336.77130845415
45059801,53105.85371737616
45997801,47804.597982243526
46039400,79548.50566532116
43887203,58315.69741988376
43127400,85449.3056401526
46639001,93183.40808233414
42979803,25511.269404253493
44326002,18816.90094885684
43454403,71725.36900552544
42445802,65326.99202039278
46178801,88083.49227672088
42896802,13563.884061804616
44543200,54737.69710298838
46472602,40796.608138870564
44176601,58316.85867954509
48368801,80913.64966904272
48321402,46868.17099769276
49660002,50282.61232042404
42065003,23175.17937941375
48558800,122374.45587188457
42293000,26322.732465175923
49640000,56043.71402005732
43246602,82990.02709784781
47521600,47009.37020653492
42858203,57039.38411354102
49439801,69906.44949550559
43155400,70892.91753778045
42717800,70177.34998300785
44941401,13796.492940582924
46151200,22397.850647449144
44074000,60885.63584505563
45231202,24204.710094316048
41636002,23349.06061299405
44474801,72513.46643049728
44243402,39488.25097480451
48450400,58286.579697808826
49013800,20342.33809359789
42551800,42994.18108054349
43829602,31924.452153036415
46752801,26213.94970728608
45887202,59489.039101228744
41437803,70325.88393861351
40967002,35278.16124159597
49767002,23844.55765020284
41839603,46870.598763547074
42371200,47484.195692532696
45328000,50981.79974037302
49099802,20885.400862168037
49739800,44236.23619206362
42041603,63144.40988724401
47377800,44391.43340713958
49789200,52072.67470573406
43001800,89809.61258496501
46740200,77110.16995311293
45372203,45671.95935915677
48133200,124342.01349278982
43753802,77109.51596143458
48357400,105052.711963394
48835602,33987.60384923904
46754600,57794.410590806154
45587801,43099.60806318437
49957402,63014.92211937781
41341200,35491.06968546455
49678801,39312.90749605777
45050202,89413.87731908273
44673200,85735.35156607846
45602601,50832.416090449275
42657402,55715.57698403183
40839403,26273.66371592659
45089200,47181.48733488905
44009403,80994.3385482454
42954800,60189.58314660514
44037602,25702.07710231701
49592801,77230.317605402
48277802,31202.31350726682
47038000,26528.27808037666
43775003,54787.139503182174
40806002,37528.84618260446
47721602,30507.04344032479
49564601,48316.772326085185
48059002,51376.40727185017
45871601,48940.86011417174
46069800,35874.58538461213
44226602,47943.44938798882
42707802,44810.267347675035
45414802,71527.29059161797
44458601,64605.820363375664
41345602,31852.77014304856
40992202,82292.49098184062
42214002,98998.49230438634
45487401,72521.989743093
41134403,31802.73213332922
45215000,51253.34494333945
44906400,59128.89923131083
47257801,58235.181733516016
49189001,50170.1540968055
46535600,41548.551709085645
46795401,127836.77104755293
44626400,51787.083147114376
43524402,28949.367807064133
42605602,24647.400498094943
43833203,85138.52991338
40821802,73278.8493844827
44854402,49645.49827770703
43936600,13471.836439360392
44430802,32005.513956607232
48303200,93559.74430771513
49425802,61665.55929884309
42331400,27626.304782745217
41051800,67100.14545540698
41562402,56763.685618314965
44597000,71536.3308595806
48403000,41426.2790145254
46816200,32097.077620630374
46020801,82141.61716218227
42355002,33417.97521279671
48574802,25283.85118237503
42594600,37559.45876874346
41441600,38033.56806488338
41108000,69443.91291770617
41158202,31994.785647843702
49857801,31531.195999952895
42984200,40065.78686832341
41963602,35109.51437616935
42872602,34499.44909308374
49773202,64076.71249421864
45878802,53894.30267740958
45390203,23726.64824081811
41307400,18970.21940800202
43945603,61318.90948201207
43894000,45403.36886133719
44428002,16536.53915943471
42318803,46704.09753677083
44572601,63065.5430019268
47498202,33520.22114875976
48228600,79532.866340393
47004801,18632.654506306444
49550002,26189.694467615678
47102002,33182.84194112047
48333002,68346.78322464704
47292202,30069.914231123177
48603602,26715.0167816282
44334000,67309.20634344645
45589402,63298.23444732027
45575801,36377.17751719702
46786402,64916.67512108668
49522001,91390.56241611997
44028401,39063.99638541509
45770802,72637.38111351783
45356003,73375.85820587937
45170003,43842.756490913736
43569003,20008.47770859902
43865000,43302.69054826368
40951403,49793.009548448885
49959601,51346.19723972833
45331202,110906.28729978942
45206400,20333.289714080143
46758602,95045.54630640458
49206800,56042.62716557856
41370600,22805.50897835871
47612402,64973.713549346576
49555402,33000.81781507155
46266801,93554.90602386996
44084403,55022.59527551269
47429600,41848.25624101925
49363402,72375.70584229566
47530002,43800.63793107177
48417602,31343.890166712787
49049601,72367.55128426204
41857600,59477.12191244225
41966603,75553.88302013997
44058200,33658.090891068874
49761800,55113.675286630896
45123200,49292.239482258854
46112802,19765.57094237809
48247600,47317.4902504326
46774002,53022.595865015064
43426000,26467.198089510843
48092202,45013.57982154859
47020602,29456.27332854632
43186602,80636.29348995246
45696601,51881.570806647636
49123401,62230.463856262155
46764600,51149.20024927327
42750600,98113.82717454838
48568002,104924.67724096269
45487000,48152.18941249826
43141600,40090.98357581475
46477002,42451.124683175534
42074403,64770.46723588835
45969401,25149.269666154712
49278801,48661.17211955632
47238601,88730.68892876199
46171802,42455.539487107184
49678401,92732.0372564288
40966000,39156.497705001006
41067003,27675.87785276417
41295400,28501.113342610628
49081400,52559.928908053065
45505400,54645.36259150951
47435801,45145.66147437161
45449203,60169.31075278099
44869800,26451.44808742182
42764000,71251.41777402238
41898400,58943.517504164
48019800,55014.4969905619
46173001,80984.49947167168
45526001,48111.49185371758
41284003,29049.852717897797
44322600,30720.70347755334
44431802,28696.97596993592
48564201,36426.59306876203
47018002,57238.82736593615
46740602,55850.86282670306
48034802,23061.26914364423
47796602,45637.89127885762
49159202,67686.57935461879
42187002,42030.10193806708
45391600,31694.07456011226
46782601,67755.22408629459
48254401,103842.15021129174
44532003,55183.72198922519
49084800,51463.55556633185
46285000,96073.12920588223
44139203,42089.66815150721
45534203,81725.90441048471
43679603,82530.01505367708
41319603,25078.202180034397
43241002,26097.19349987356
44853803,49234.59914513239
49161802,62900.59119826468
41336000,22804.36652350684
43786403,24868.949128405377
46850400,25929.182385320106
43850203,55861.01136410564
49952200,61960.54035262301
45813402,73487.9991163333
48163001,34825.36848306365
45486802,67639.43539377152
47444602,42031.90733900323
43802600,43688.30135173291
41412602,35354.616073893136
43819403,60971.17476705953
41597402,34628.66733459376
49324802,84395.32050235293
43723803,43148.730015918656
41937000,15455.880415588166
43735200,49371.27607799937
42146602,26374.747801922604
47408401,62793.57318160298
49404802,44574.236606171056
49440202,65692.48043439153
44237603,45392.28907095084
49834601,43856.412406684154
42890403,29532.05796552421
48475602,29327.312375957757
42265403,32238.257847142886
42894203,31222.285085905136
41372003,39449.511705688856
44613001,27516.840531664988
49429400,23302.104315475983
49633400,69633.68928809311
48962801,62972.399726317555
42584003,57532.15787184815
46337201,33311.97805257684
47949202,65462.613946715996
45674601,43980.64869603665
49793000,19705.607399634708
48963802,42834.7703686841
41681603,63696.69949818503
41267800,35736.42058222319
42632003,67957.61954255102
41475000,52341.994107003135
43248800,57512.04098926693
44110201,86599.94090652304
49536001,37334.68126167151
44962402,9194.716531725448
41940203,82048.86561335919
42723200,67722.99569908802
49639600,83363.32634989468
41433802,51089.65667884469
48403201,39272.53530691364
47416200,64718.75882337097
47079602,61705.31524718398
46700200,128249.51641800988
45269201,72252.02423780138
44176400,28608.20305219851
46924600,53558.444254382644
41599800,81762.43000456571
45991601,42133.65549371339
41476002,53811.760097370796
42588403,34995.06876668583
42911400,62059.13811120042
47411600,88056.40410460046
48314602,36144.69105958509
43244802,93423.42192087829
44495601,24488.118836726935
48502600,31677.86702537439
45722200,100499.00276098937
49470400,46835.661524452196
46253802,68395.65935855765
44784002,21495.63099146857
49067602,67879.49920141953
43190603,28322.3967563153
41286400,83159.73946708754
47625402,61397.29430834872
47449002,54086.29115972163
44341402,43899.57091945567
48917600,48884.8087455067
41917403,34726.92347250486
47652401,16385.23812581589
47449801,32060.410227179935
48017202,28186.944459292605
46588800,62458.962416784634
44234203,26892.647383048457
45411203,34917.1338357636
45493800,79523.70515329385
45248600,46405.25895424737
44841203,31040.492706518187
46578202,63608.147883514524
43563200,94540.61704968315
46989202,45652.61862148279
45357002,43415.70432778354
46783200,23384.68540709947
45839802,33183.911772632775
48615001,69092.91177783368
41060803,61131.10998753917
44311600,100843.21181097138
46043600,27712.675104617043
43851403,34986.71652349926
41244603,14012.977691763743
48033001,66702.35164690664
41388402,29560.12935642027
48660602,49918.166801011255
45112603,80467.7428857271
41144602,61281.23455210878
45100401,62569.98835660796
47838200,64582.00363729098
47476001,36042.57572566025
49624601,72330.81220660823
44630401,26029.254301010733
45963002,41127.83695448969
45411002,65311.67766105985
45573603,44106.78276092495
47117201,29520.399428491404
44179003,25740.141550480563
43445803,75201.50886644432
49699401,1291.0711340404596
49841402,37711.161614532924
45318402,53058.78394078737
48500802,68850.89010088565
47146000,34976.96245303234
46852602,33020.203769395484
44657402,38565.563270531995
40988000,46112.029828673534
45557400,95136.8666938718
47250600,82387.87613134654
45776803,49630.86794166498
43911003,48764.7083932395
45650400,62263.81810773918
44363202,39443.90705719217
49066000,31820.046232399174
47335401,41908.02550195494
44982402,47104.49609944143
41599402,33999.24467310924
41109202,53401.83231360083
41984802,64577.937768479
47658600,20233.282931139263
45970401,87557.58030513361
42645402,91218.67055886246
49778000,54779.343357764265
49078402,20263.23568199697
47939402,47155.26860248441
47314402,52523.511603189494
49219400,47215.64766265801
41944002,21126.61523484459
42025803,77778.50788334204
45380801,22731.09872053004
48727602,78579.78165760997
41165203,45471.893073846
45877602,27234.251616033405
44886400,17727.403134627017
44075600,27046.12670677702
41897803,12426.60205952928
45467000,45977.525629792144
45992201,31665.8941352175
43027402,43008.87899632107
44508401,33341.05064790147
49030000,75801.50879247357
49290200,70397.40543350397
46998201,47543.92384058417
48176802,82510.23602108457
43486203,57114.82184836309
43265803,53960.94072632837
43117000,56981.142459868664
44221201,42248.694691924145
41376802,44525.95506565436
44247602,73264.6531973429
46652402,46354.412806177264
41171800,83120.87840399428
46548600,87283.61529357596
42970203,40896.25563036268
45838601,21228.148104966313
48747802,64336.395147702424
49231800,53981.06628046035
45823202,32658.5979991805
41229202,30015.45597027723
45267402,34279.50697136861
42795403,38825.67444264534
42543002,81843.27370396076
44109202,96492.58934068645
46290602,52033.74162973211
48545200,115775.81913165865
45735200,61203.74197284079
41644003,122474.63074892754
45846603,58779.95595909148
47809002,132877.49253508585
43957202,21652.564528089802
41570200,30313.736608696076
45854602,31794.405378429197
43741400,66529.41379361016
41788602,44047.491190556226
43983001,24175.01776238367
44822403,108951.91095603461
41530602,45757.003511759285
42379200,45393.428658052835
43121002,42069.78235651406
44983001,38567.47851542504
42582603,54981.772033555695
48283801,51230.60242398946
44146203,55249.88926024469
49695600,30293.7902410345
49151600,64860.85241703682
46360800,87615.8806470489
42638400,29398.488581214362
44077002,61737.00970324609
49650000,36937.71340239526
43612200,44605.910728232964
48624202,45025.83069040405
41626200,31353.33455874555
44098000,25576.029584494903
49190401,68914.36246794838
45073802,52235.861145769726
47277200,42889.57542858308
41082603,101509.04573069722
42762200,31472.04149881344
42248003,31560.821351414226
44101801,66270.93990327975
46757402,24399.935365931546
46448400,84357.94930000146
42001002,34109.18109926373
43841203,71752.38596762542
49749800,69346.95752120121
43211000,53595.16189303591
44525001,58710.71675152888
43611402,23166.30762673694
48751202,46188.71805443105
44355802,59340.22701616433
44287602,97357.68050895073
46898202,55642.83288359191
45369400,27208.91561086638
41321803,16494.412871569824
45785601,81174.46146035314
42898800,48110.83873006988
49574001,80769.06859536246
41146200,22822.988482981225
46484002,79865.33396044021
44587000,111252.95099961493
48395600,50338.176087319494
42893402,43265.942218575874
46109000,98973.90794825097
42323800,33856.47957423487
43165003,59314.767844519825
47036802,21676.92669184628
46043602,59000.90662546589
42500203,43834.33175981208
43166203,37788.099048601
46979402,20982.758824550536
44998400,30063.433033666824
44243401,39488.25097480451
45255602,68183.59586433155
45219603,59566.91274567684
48018802,53236.339284731876
48369600,32298.307830661248
43752600,32998.57312076971
44411402,20077.735186319595
42015402,79586.05184504138
48612402,51801.97828119165
48331001,68512.73083119086
41353002,28784.44499401815
43423202,36359.96820289419
40831200,53794.27506933969
48348001,94811.56194913026
41466600,43929.573056202105
47462001,65063.01139548061
47756402,109818.44765032173
49273400,21640.59644946101
47728402,100132.99057397206
47673801,43199.3672974253
47966200,29820.74004878877
40899803,63776.378302516314
45219402,44317.80461473882
47083200,58667.4581913827
42420002,56229.91034975077
44811003,62595.51152870401
44576202,43113.58850484708
44721402,47145.39918989759
49976802,60328.589094661926
48795401,42984.0976021658
48446201,33828.91367926642
43576403,113344.95808899222
42434602,46917.19816145389
48972000,80037.29220273333
47933001,27957.894219745358
43218802,88452.08024700245
49244202,38249.17844744196
43290802,36777.41328775722
42883003,54699.553016170816
42965400,47936.24132610204
41978403,37554.940631544116
46984601,25893.611151142497
43885003,97028.96067724172
45455200,94593.6780611063
44145400,44467.81267182511
45109203,44462.92679525802
49800800,56259.69566243862
47839202,61127.52139117536
41321800,16803.44588252135
46510600,22989.845856644366
45771001,39267.91934572095
44412601,96933.83627199024
44814403,63578.68097560783
41949202,42580.089980567165
49534402,26681.95916229535
48312402,58846.51436900125
44273000,71695.7273333206
45233201,66442.77954847962
43343403,78313.06840290778
48304200,51347.76035565395
48704200,40301.11739072463
49317602,23081.082193967522
48410400,66141.0872144599
49314800,56546.96235594391
46686801,37267.46610999769
42071400,52419.268028338105
42087002,46303.71367129382
46823602,48711.77571144648
41891000,75629.81231904877
45144401,38294.26934517005
47598401,40545.81433435435
42260000,41920.293727770266
43370200,43164.02278105661
42167802,73315.53648774346
40902403,96763.32706537022
46645202,68855.40899304672
49241201,72716.38307512896
46692001,61768.608534155595
44920203,30889.41404607676
49256000,34936.3949339004
45710002,46375.098236526705
48012202,66364.46181904178
49542001,41190.060851941
49278800,57686.19360736622
45792803,81663.78495266874
45772600,65993.874273839
44741600,37461.94657832394
47553601,37659.04212938687
42183803,37936.685122161405
46905602,72084.31833431392
41613000,31171.05852793796
41367603,44539.652697055775
45581201,38569.19066912506
40889400,44194.22018574945
49159402,42021.858298859515
41681400,20357.825215827248
43297400,47787.012785412415
43615002,53599.22936276294
41851402,58436.45000167815
45501200,69662.14303427053
42039003,35185.11018301487
44071000,77139.05640377922
45923200,107549.22463042682
44885401,64291.193362524464
48797400,75007.8507689861
41134803,21392.625793767227
42514003,77808.51886093838
44820201,90970.53383468938
41793202,13169.972786193277
45270600,38346.1144199058
46756201,86159.58861225256
44539002,68743.74551438534
43869203,49369.00789654597
45207200,28117.201829141013
42747002,37788.33300729525
42178603,65916.2294211421
42860000,73182.1270470374
41011800,99658.84234050823
43340203,40709.97233549867
42589400,99606.10038273715
41957802,41221.46909602401
44183803,64541.748900995866
43747400,30497.991515076785
48685202,35594.19088133304
45223001,14185.780361577556
43928000,32614.125290639793
46148600,54495.33766681691
45115603,58980.216068822374
45336603,53070.76102940189
46061202,27785.554365964086
41866400,15511.899016349416
48205602,20576.561169734705
44040000,23714.41596853161
48599600,35724.809721359656
40854800,34602.70861593674
44784602,72981.54424117187
42110200,84977.13902070661
49938002,17206.334922412785
42403602,24671.35957503399
40812602,27906.130259712958
47841402,30841.225797306146
43895001,73344.65777263709
49315400,53879.421490185814
42281202,89141.07635233313
45999201,38475.11476324365
47967400,44001.572447394916
44390200,24156.171007820652
47239402,39939.44632164739
45675000,58882.43287287965
42930002,19900.41394280947
41025000,28703.84935004075
45780603,44547.55269089498
44789801,26551.01301482677
49932201,84700.44462513889
41249202,13765.96741209495
45709801,28909.981387967204
42264802,27824.100424165903
44266200,78795.70315173874
44508801,101658.94845801863
44901602,26681.666432626433
41249802,17686.559465053324
43541200,35483.76442098534
43449000,36526.69525800259
41332002,18309.993248461877
46589802,77628.87730491695
44285801,72416.2007911307
47028001,59976.71670481073
47021402,45249.01175183544
41672803,31578.168603264596
45130200,29981.148691815462
48315000,37496.547062128346
47016200,43651.820745594465
43339003,47735.029874000546
48511002,28383.434504375917
49460801,56637.20244901804
48207201,52230.78952964938
48791601,78051.12527671635
49856201,34855.98134337019
41669403,62299.09647942907
45085601,68928.01932926662
46770802,30133.818194616677
43468600,47007.694693859325
45688800,40143.3085865328
44416401,33455.550956654784
40829000,35951.203811161904
43317803,47880.033743245775
49291202,27490.56924706999
48130401,36399.619153430256
42610600,37550.659102877355
46938800,59901.47204965252
48446401,11349.546148787405
43225200,15323.613134680461
42116800,53220.25676271892
45872202,45585.12511639732
46444800,30739.29121729604
48872201,57295.64180320137
45644403,50446.13528412772
49512401,66223.19124328511
48073800,37013.28980296116
47641201,85355.47645230094
46330200,61254.6428092515
45622001,26954.06870013666
49334601,115948.61433971493
42093000,97805.4934252689
42932800,65078.640960490375
44411603,28616.12352725858
44532403,48171.20020386387
41194200,38909.775810275874
45800001,59242.85810866324
41005600,38113.31964437629
49796201,52941.173289656705
45424201,89063.81786109356
44287001,72188.1481537334
44008403,75519.57605213948
43198603,41303.2330114954
45766202,79204.4186775515
45839602,85937.20041574027
49180402,69975.7584539598
44875203,65049.01275646458
41479003,61451.5470564491
47423601,45808.85832514568
44702003,75133.75054149084
44110801,24996.127149025087
49072801,35580.96900197353
48449001,40921.313177311764
48427802,36442.798426294525
43183600,77311.50752064989
41459003,82356.17195388957
48086400,94426.56794056541
41151602,81861.65571432072
43125600,87096.52513509241
42671600,45754.90542632523
45224201,42022.42165479655
47583601,77389.82013846355
44272001,39728.445478118156
49918601,43044.008696676225
46388401,70911.80438957826
48264800,68443.08613044134
41315600,31396.58341126115
40891002,38627.61697671659
41210202,14764.536200993338
49056002,40260.693935166295
41067802,86918.47117197514
43655400,30575.74351876432
45290400,60001.73945958721
41955000,38656.70893608272
48695200,29694.876133139318
48940601,48830.75323946443
46014202,26063.475514165573
43518600,77483.0404828118
48367402,76521.92145728588
45584400,37957.31304248881
48469001,37691.367303397106
49072401,69010.61601723367
46025202,29956.359907787548
41718800,29934.440539637577
42687602,39488.25097480451
41573600,28057.630008840544
44219401,29791.23163373652
45570201,111593.14439299094
41090200,30403.29498695189
42092800,59105.899304016755
47024801,68068.04763263563
41625203,44601.316156106004
49913000,56884.48776815412
41301002,23946.43836949118
45377202,88011.3255286515
49763001,65389.56885365724
46450601,54312.85792853267
45340403,31361.93634354782
47774400,39078.60645840666
49093801,15995.52641889454
42808203,42493.65102030502
43837202,67445.49636164599
44477403,68978.1296506265
47520802,30983.660992915247
41111403,13600.524474517733
41441400,24764.781808903426
43764603,98897.43655137291
46946402,56066.05349341028
44343400,51976.00137912932
42965802,54568.935786088514
42233800,80391.05663730021
42459802,27658.19385372536
49928201,80786.76412354113
45132203,72205.57628864264
44461601,95722.80811681997
45782200,61610.00601281575
46385201,52944.996394195005
43854602,33793.59155158912
46675002,11959.69509598532
44994203,33611.81003312244
48524401,14915.964544346803
41527203,49011.81297028504
46981802,29621.05890831155
43620402,62702.20786232978
44846400,26733.868271566662
43997003,38271.549064448365
49867400,33243.79445001732
44538601,38817.2694190124
41287203,31749.854962862133
48064001,56018.985883869485
46304401,71661.46570272025
40843002,35052.530674642185
46503800,42989.36336104105
45247401,10725.662851256377
48011801,19813.31556008481
48136801,37169.96931648912
45435801,35249.09972236147
46080200,58799.47565318095
45181602,30377.530015159187
49932002,77790.57741753897
43903800,36162.78401178916
42465003,73022.49391804691
41501003,31249.162524977408
48827001,89374.51033645312
41340402,28297.320108370855
44880803,51902.5328103998
42373602,51717.64612728733
42299603,60042.86931158474
41196400,38521.26719627807
48953202,57799.51066254058
41056000,70298.01081625064
48464801,32777.49558348713
42805003,49515.13400799305
41177002,34312.158129945354
46921001,35865.5793036839
43015203,41783.31397803875
49194802,19966.124542936763
42695403,21587.108663386163
42472402,114508.79391699386
43546002,52230.913321556094
45415201,56612.80155330882
49464000,77402.91045422456
47105002,37113.55988299419
47579201,79611.69363430997
44738800,106236.29148700874
41964803,37868.69609622299
43932402,53820.7020925167
42349203,120314.41005906666
45792402,40701.86765128822
41138202,80564.11033855431
42215000,56605.44998934161
48977002,33944.57340025494
46278002,63080.63219793093
49272602,33132.80232286402
44374801,36900.1518758096
46374802,46398.66421385758
41496003,46000.7688613162
45880200,29762.206917767024
49774602,47806.42859827424
47978600,86355.32225875856
48106202,25586.677280228952
49938600,90816.85660190886
49860000,44611.806138627886
48092600,26241.368835696616
45311603,111482.04241936139
47050000,38320.87281466459
44551402,32897.1282330378
46939000,129549.7893915805
45445802,35761.03497479581
42198802,101026.35901669122
46580400,31423.157771320297
47899801,27555.879173709895
42693000,47139.5769118699
49815001,40776.89958402278
44739600,61391.616421831204
41722202,28219.985293519312
47546600,74752.50445787846
47252400,62548.757771638004
42763802,50929.35156719562
43176003,42792.887370305034
45380202,26199.407356470092
42448800,54073.62466560354
48983801,104739.2831582316
41462400,45137.630842520986
41520800,42189.20672392316
48877202,32264.286853715166
41975203,58121.5335417921
48260600,63933.40302855383
45630402,85130.48684869224
48217201,114354.15001148844
43598403,27994.282851738906
42785400,95589.0492340673
49292200,23444.326367094374
44126800,58986.61667333092
45374600,29558.327124915606
44624400,50287.16214309701
49352600,82439.61807950116
42106802,50847.88323046826
45804601,91937.9661712482
46711001,46589.05986380471
47427800,42580.93396180865
46680401,39187.90838809775
48081002,49497.36112670122
49775401,34900.86009229371
43744200,43515.1781857974
49070601,53303.16908109569
40953002,59823.30568112714
46740202,50924.52708945305
46936401,66314.06360289635
49602000,51144.70226061228
46274402,99615.38750367102
42767602,12628.803130813387
46801600,80799.84070925342
42270203,54895.57194736501
44410000,80130.94074422872
49431400,94741.22390210774
47311400,37372.051370258356
44609203,38121.33348331559
41497003,37827.530533916535
48127002,21286.22033882397
42801002,95265.56913170085
49135200,60665.114348102135
48685201,60717.7563709672
46240801,82456.63390554796
43929202,64432.01750380089
48696401,29734.860744944002
43536600,45718.030621953316
48714401,49379.77456663155
44064002,63040.66366302383
41296803,39757.5493891114
48137400,72437.05472774741
44265202,26672.30577249988
49917400,62995.463049867576
48787600,61251.42804714157
49124200,45758.76097165925
44636801,18630.502779010014
47372802,43450.0145966578
44692603,29399.182395709227
47172602,70620.54586069784
41967403,57619.81395930131
49244402,42934.50563001339
46319402,36542.53757427495
48968201,63308.21902444391
48186400,40958.3629342941
45708000,15169.861577793112
49034802,48025.91863352056
42201403,56281.69303457826
43082400,34987.563281502065
45859400,108012.5749993847
47089802,61094.9543171573
40863002,17705.54769006436
47886200,64718.65441832256
42123802,35549.82437587629
42235603,87893.17477046978
47089400,54886.53349845489
41073403,55901.69736574031
47246202,57075.06609841636
48091200,43386.24769874238
45145803,55299.24847357898
49531600,38471.70250208231
47579002,71223.84200033045
42384403,74230.9827340235
44686203,68210.3203850122
41391202,45745.95029105794
47147802,103411.40496314017
44817000,55732.158673226884
46420600,47126.54380259076
41565200,16840.232355136974
40994002,33108.71180935084
45718000,66984.06658096093
47620401,40313.86773117337
47529600,41707.61013842112
47150202,42319.497389891636
41379202,17495.106233044055
42624802,11051.983102818842
48201602,32629.739918177045
47619801,101797.48636129758
41722203,28219.985293519312
43750200,63869.72438567741
44666200,29204.878445073013
47615000,34904.900360480795
41018202,16862.34351098461
45104003,76460.38812037715
49257002,55353.25066670014
44122400,61970.82107581416
42551602,49875.24844157562
44433002,38507.506971444665
43010002,38820.580405101384
45134403,25771.423707377504
47713401,39626.11660065151
41494602,50732.62736953491
43631600,43808.38087426992
47484000,65779.39990278706
43816800,39207.51244205362
41791800,56907.91137863638
46792202,48935.65658695578
43879000,26731.759338076386
46396800,94912.2816054218
45581603,70485.86152819553
48576001,63657.826045012516
49319800,53975.116903725415
44502601,41133.88289832218
43622803,37443.39515316543
46593800,45515.668999051384
49738000,33527.91613273415
44212800,47417.28261743655
46314202,58134.90462641291
44723603,101099.23786374678
44033401,104572.34559676191
44130000,18450.569238203487
45252401,44530.70211834034
42158200,66435.20708594972
45096003,24024.214570692988
49729802,53679.706701200535
42219602,51768.74688936987
42594803,63363.926936780554
44715402,65792.91719493257
47378801,31771.595008743978
42940802,28528.94482303635
45804203,40389.25823194346
48251402,73077.96969352126
42723600,32544.312699504117
45890600,62695.965321564356
46272000,68715.2774265435
48219601,50248.371352021306
42314603,43252.60699851201
45837203,93429.37335942997
49391800,65603.82769985602
47654001,25018.18716824326
40889603,13498.90991422168
46044200,40231.60779977501
42869802,69542.69855391186
45112800,43064.57876446481
48185800,67133.72005601581
45591801,28532.749865522164
42208200,63205.87287567962
42542802,109726.35437376963
41965403,42952.121981714634
49403400,18559.952097181827
44407802,65415.40762943253
47821202,73788.80501015505
44092403,90491.39840195136
44018203,71747.83819712535
43300000,48218.35729901298
43320203,71976.98740649446
49480800,41063.34105625936
48562802,82557.97657414086
48102800,49864.39850556621
47791800,24536.93141466096
41919202,61117.09738797408
48020400,19082.487017170053
46960000,37723.62945998114
46395200,40383.8092648836
45682801,45990.74212116292
45597003,28100.959652354682
47910000,36489.653383675584
46826001,53410.52493337892
45738600,79393.1657953363
47537002,46064.120208909
41865202,26905.446735082725
46162401,31891.81438943818
49219600,28758.742387229686
45491201,42584.9249893226
41912400,41287.9956151619
46497002,59019.39621807955
44836202,117396.5969560901
43673800,58283.66899961022
42899400,103002.52842650443
41075200,46600.33568880103
44857601,59131.502209472324
49535602,76609.4325866324
45441601,76081.78496564653
43277402,56257.49715885544
49052202,54313.45140406631
45760600,29120.854334717926
44328403,42635.21967265508
46849202,38771.84831922135
41491603,28374.740454049166
47784402,40109.612154389375
44711601,20549.87161563811
41351400,16341.822738143055
49950602,90515.17155685814
42670202,19121.873357143824
41746200,41615.02775598203
45832003,41256.13532354514
43662402,74231.28638200177
48706601,55584.137825062295
43795603,81266.67033045531
42709203,35820.24148206983
46082401,45648.13453272973
47781602,44216.01052261538
48463001,39666.06421788526
49460601,49712.40420422541
49268202,30425.884615470914
45433803,46212.84965315791
41678803,36115.0478581301
47385201,75007.0318528451
46353400,63025.6148620201
49485402,74390.09692339652
46042800,64267.59794976316
49950200,78345.85831440854
42664400,34189.71032291043
45692001,51191.048967281306
46078600,89811.22258490042
46240400,86153.85892681527
45330400,32261.299392944355
49786400,79442.54781447374
43832203,52030.9723071956
48324800,51787.59583710951
41955203,58148.41178324908
44112403,56193.35897452121
44208801,29311.626005246795
46796802,35647.2526520426
45154203,83099.25543418546
45166201,52955.62235233869
45120003,85544.79564868874
41479402,54957.28555891252
42001800,81397.60986442617
44235400,51111.25989926655
41987202,105581.74918566618
43179202,75996.6099095007
47564000,75285.08478463959
44369600,49931.48646179795
41769003,63154.88737913586
49081401,47126.472177433265
46982000,58746.72213704394
44953003,70966.02802454591
44844403,45698.58845239633
47951401,58689.24631725772
44833200,45091.510975127596
41227602,13670.846547696841
49185202,35531.64895409635
45569803,23901.43478696948
41598803,70412.19546379146
44450803,42451.92812431113
45227403,23778.32000873289
41295200,14896.899013787035
42071600,54789.16000567444
47644202,27789.21003066359
43722202,48720.99992899221
42151200,58778.906089713884
47632401,86118.43829544996
46120000,28042.29991163777
43386400,78984.13103010789
46757001,29489.85557674666
41702000,30576.365190622004
44794602,22825.468903693883
44287401,58342.66126512796
46139402,79428.15285729307
49468202,46084.24221963578
44893800,21384.45980039738
46911202,62261.68215110468
44074800,43244.22263087135
42392800,52158.78435983989
42201802,65547.84908171001
44135803,23164.124370619887
43722203,78775.49368239136
43413003,54090.192666782576
48285000,83948.79992417528
44118403,60467.7293116867
41325400,19191.35792361758
45431000,37083.815702623324
45109401,41975.256320958346
45497203,37308.76544957557
48470202,70158.08758212444
44342202,32174.07761751437
46757201,24204.75650967228
44068203,56696.73995459706
48547402,37888.40639398546
46384601,120229.65277602826
41088200,62961.149254492964
43528400,57355.04135088093
45500603,74169.53558471319
47160202,87317.68759357255
48836801,68641.92743702918
41100202,81950.88858246154
48151200,60955.49075883305
43683800,33541.3378739657
43714200,89890.93169069049
47681400,34635.80109649583
45292400,41599.94778915994
47270602,61779.911814596315
44994401,70433.33703350887
49684202,25005.57439273893
46011201,31837.265791883478
45340401,24338.91604086535
41876203,28816.328149823763
40966003,41128.01305649845
45430200,128139.67598062224
45402002,16066.170864172229
45250800,70635.40563193987
47648400,77759.71955670704
49562002,53335.80988593103
47095001,53708.78280071239
46998000,59991.767846102666
49402200,60866.947797212735
44879400,20847.69248481278
46159601,44485.07636458898
49091400,30530.752949135975
46558401,44440.252116970994
43304803,25453.466205374654
46634202,30807.1725720023
46635401,41549.07235323034
44344201,109143.93161784537
48600001,62152.67643022327
41927603,23765.587773314757
41829600,24863.397133487866
45920400,53713.70524010525
42053000,75347.4427320082
49016202,19348.125950326572
47493800,57768.31946385451
47528600,55457.35123659508
45658000,53760.90798929487
42619000,37078.54371391372
47080402,55161.35637664807
45837202,49688.10324808778
45560203,57634.79431688537
46892201,69143.55201113872
41895600,30767.771666501536
43890600,47260.72769206071
45347602,57266.73672155496
44540803,48080.73884271665
45951200,19144.23005308692
42942603,58436.1090338788
49033801,33106.896367690126
41963603,24683.599060685752
49877601,49737.80067566005
43583600,43811.98940265532
42427602,66858.0827046395
42085603,28144.423073253573
42450800,76596.3288038449
43107403,23347.3673220274
45727802,33536.59288711859
44124001,55436.259130885046
45365002,48803.43216719168
49268001,77616.00852979365
49832602,36705.988992067825
45112403,22067.591532122668
48540400,27553.536650703136
49420602,102398.7848807486
40841000,65721.72869632587
46785002,25315.420078393843
41420800,63293.22343461617
43865402,47346.20420690423
43016200,59921.36694747007
44550401,17746.641791892947
44599203,52884.15769711738
48304802,60557.78679591247
45805802,83860.22414415368
45995401,68823.4088814467
41083200,24735.841515549553
45337202,45395.736387517776
44127400,62814.51995464533
45748202,39051.33171593248
43070402,29093.096806414786
49199600,39014.91368797126
46345800,59596.476010302904
48743001,75660.29241480045
47955402,68440.33545784955
44264202,42104.163113775416
49582601,53567.882104045806
43259203,46991.86971246865
47470000,48234.103396499304
42353003,42284.11987275548
47475201,74603.59491854883
49725802,14609.014455729899
42619400,36440.400992345676
46386600,33271.45868545764
42900802,41260.28971633094
41041002,62766.29369570996
49983000,83066.4097691022
43455602,25394.547398686493
49623001,31982.200943282605
41660202,26387.954147400727
42003603,24343.161392746686
42773802,83724.32898778503
44172401,62555.27968041942
48305602,69108.19274958283
44913801,68652.94777906973
48250201,72355.65988425104
43881800,66992.8929749758
46143001,57189.9936218699
49065202,25485.298762608087
45600401,59498.954056510884
45189001,12630.075227541063
49752600,35821.04701192513
48875202,77928.3923617693
42691800,33767.518915674584
42038200,59001.878528112
48728602,51037.85425686822
45533600,47927.226761163634
47290000,24264.09730256832
45575403,92029.15450061107
47508600,18161.593066178102
48497000,28303.248711050353
44460400,74803.89189512121
49936202,52616.6898413033
42179203,74368.67185910311
41232802,21531.400163071557
44940803,59500.7412077481
49689400,56684.05077272959
49882801,19155.894152796507
44262803,28611.79014745804
47143002,25709.090872544915
47214802,83560.38986019735
42824602,49688.52371326583
41131603,42392.52759900834
44254002,102946.78083600057
40800803,76053.58849017556
45419203,60610.96521325293
44775402,57841.42621336162
48499401,53540.83180451123
49590201,48428.112356303274
45478202,24214.17319481638
42956802,22848.775160220157
42927200,33242.39959201853
43334202,63652.678038761595
43517602,64934.38596337137
47441401,63636.46400316611
43339403,58268.043974542714
46917802,98955.92805517378
44126003,41715.56097575736
43427202,81027.67628267092
44814200,21737.917151218273
44686801,64710.87429999127
48515802,26113.77021726838
40843200,20420.93427228838
40887003,51873.72028976685
42665003,14802.213146593065
44290002,73346.16482092167
46730802,38676.80386109227
45717403,68381.910186817
49204800,17710.032156361398
47981800,86919.63511058758
46224400,31716.951850659527
42820000,19795.114324887803
45771600,39682.255200992135
46444401,30465.344279780755
44739400,71913.66297347509
48752400,41362.95002238936
44929802,29465.599309634203
41228002,33089.6140778461
46579801,65364.160382277376
41867602,11955.149352392451
41531603,39060.44231617567
46516801,60546.02253565293
46985800,19483.896378200687
44072400,27097.56472500851
43870200,66213.05960271778
41277002,37970.10009873574
48336002,73441.38790991218
48854400,42677.31724886056
42402000,33385.04710148003
44005003,28200.361636393594
42542803,31140.93869134661
41074802,30523.637734049364
48483201,80461.8631377961
46952801,100836.9915235448
44509002,15200.607627583875
47802202,92152.4483006204
46821602,28593.239852329738
49048402,42734.329995479566
47781601,45656.42365744742
41342203,18539.002836431675
46168000,36618.23160023654
46018402,33550.87365482194
43178802,100456.48326076826
41493003,48540.854739638315
40998802,25619.424980601507
46174802,36313.88946905968
49094800,58738.622710206066
43383400,94950.14813851083
44831403,93424.170965131
42210002,5286.130892674031
48516602,30809.208865454508
45522801,82171.88318810376
44722201,37595.38017684044
49006200,47068.94976290973
43771403,52484.92462710107
48951201,53393.147560841964
47746401,68402.09555446342
44482003,63589.48943784851
45616603,44007.631561026894
47032401,83861.40767504874
45661603,32549.992949437918
48576601,19477.232244249266
45025001,29182.17324053788
45740601,69921.512925588
46247402,77324.91030620818
46096602,34472.343044296475
43523200,68062.56260605434
45050402,31897.475984345358
43180200,44499.94682168035
42544603,46280.39810254133
41805400,47427.93803656699
45817201,121331.14479491074
45459803,31153.87408712486
44847001,32895.31934622583
42732400,50517.18540159538
46410802,45788.91798298661
43865403,47346.20420690423
49890601,66633.28910458574
44225802,73968.9258360697
48343801,35838.75742578798
46013402,108370.34219432663
44067202,60341.99662787446
43269603,65889.27642357157
44665201,52001.72577695466
46982202,41828.515592632415
49530800,17224.206766982883
49639802,40061.73935121903
42176200,19320.599484321297
47043001,52312.08807490588
42342600,54729.4274650345
42306603,18417.691164731525
45391403,31745.327067394253
45148602,48928.83517618307
46371801,38399.33290357623
41993403,24629.57963430506
43502200,74532.85685043778
48844801,16070.274270092468
46634802,130712.20839943946
49063801,66599.76077519296
47338801,46279.196789932736
49145200,28851.749012240718
43789002,30857.86511331309
48576401,65008.557369936854
43935600,59483.97619328748
49254401,44710.13262667872
41202800,50566.28493340117
44275803,25061.583191699745
44661401,25762.22434358897
42680603,30491.704911466564
44521401,55943.39205929451
44075402,15720.930112192811
42918800,56077.319334363296
44731203,42989.12857552809
48893200,65096.62503349046
41386003,29119.448868769658
43884401,68372.65245137503
47687802,23390.235659191105
46857400,43072.41697112964
46671401,88341.24795871318
47205800,72957.64682198437
42304403,41943.45342358368
48181800,52117.00381793569
42301803,76807.15575355996
44095401,43074.211130911346
44551002,91474.34213113075
41254002,30525.244901068232
45157200,35072.864975284196
49028400,55125.77867301741
43779403,23054.20085680878
49620802,36578.12580564451
44322801,55357.0442942985
49750800,32812.7649940401
46962000,72981.99039654984
42911802,53132.76179161118
45584001,36794.28789655421
41329400,29214.681149659853
41591800,74262.40716916755
44839002,82450.30232242546
41017202,16009.362264490228
45698401,31239.53755294295
46605602,76777.60860560887
47147600,35993.386155135646
40875000,51652.51578333152
41903800,70660.54219932044
45566602,41801.13168672298
48100002,73482.19659806059
45035402,61860.4255715112
42473603,37911.88264632594
48448601,41137.171319464105
46788802,26427.109561040277
44897203,27151.52106736444
42032803,26402.940058264438
45236602,49313.08045387946
44215201,53233.47041739766
46371601,75020.21457898887
49147401,89561.93940525479
41344602,21962.16202453232
46485600,37337.342585740305
44659001,18791.90860607153
45957601,21018.98099041089
43573400,117494.63146682575
42014803,78429.0766447325
43857600,60809.369016145385
41579203,91190.08156261416
42898403,80981.83112644951
43651402,38597.24000748276
45887401,35892.82057610584
43983201,92731.66148222663
48656401,30824.873684292208
49918802,61763.78375608187
42333602,51416.5408243647
40805602,78606.65579246252
42423003,47553.9625647437
41325202,18882.324912666052
43344400,41488.14210389002
48174400,56616.68701755897
47743800,42229.76494288143
47100402,33915.89463210977
45486002,19709.381128137342
41499602,57272.577615474715
45859802,39374.44846860827
42875002,85171.65891815996
41680603,22314.28965079618
45773002,57247.764584331635
42608400,59371.377598399944
47454401,53306.01399209515
45580600,57084.07839145737
44711202,43842.21837520838
48507601,76984.04690408467
45138602,33383.50970178614
47042001,59423.55881833052
43832202,27448.271993918977
42869402,28588.752459346062
48990602,50959.403606226944
49109201,22276.920125441633
41208202,11304.97189481619
45148401,23595.958348145483
41059800,32901.40957383012
44202003,39212.191355953066
49507000,64589.58984825759
43853403,28694.418574823223
41427600,40554.568263640824
45674602,41240.430494578926
41815400,47746.9010452409
41619002,36738.922756511034
43372203,44673.62356258923
46505202,42189.92763841986
46795602,29755.933228516333
49868602,48890.948620761075
46565002,39058.61254685995
46648602,57822.44009863494
46423201,26809.986497037502
45984202,44353.8643931271
43998200,32846.073789394766
43810003,68335.53778642442
48171401,46780.93291681953
44313001,26087.854018424987
44142601,22755.42684495494
49793200,44175.94475211408
44745003,65091.429795887125
42599803,66405.41716163726
48194602,17063.06897423489
41239402,36019.58006676001
40813402,82184.42000662016
45301803,74941.1921221168
42731800,66681.39745097114
49095201,48079.14222398061
46974402,47047.99348604198
47600000,97593.43293232282
44292201,32111.573712714235
48968200,65375.09265639932
41462203,91892.10785215534
44550200,94573.19976671043
45761600,32480.081307106884
44167803,47458.813290130514
42259002,69504.28758602729
49962401,26497.696869890682
44253602,53845.09206155774
46588602,46779.10561243297
44740603,38318.14908065931
46169600,57827.10449631473
44288803,43030.57522007869
48194000,58981.288677940014
41488603,71588.0840250462
47923402,41407.305823566596
44987602,63402.99003176436
48006400,47095.969611722685
49705602,61689.90016147748
45087802,69341.38763618149
47983001,49399.67242005187
44520000,27617.4620066079
46731001,33845.59672742833
45403601,99258.77477365072
47064202,23226.709312841354
42474802,76298.59789973142
48867602,72860.76308673827
41209600,32110.59060923417
41880403,30719.160915199955
43996002,26285.240583143906
42328803,31878.41117886262
47862000,54201.41178430865
48062402,73545.253496884
49969801,43922.40346474851
41070602,36400.2858398494
41925003,40654.574233856765
49756402,62920.5942360593
46780601,44955.25074065796
45563000,17171.41741123899
48998200,37145.79375614904
44878800,40534.94472867594
46941602,28409.135533430494
48126202,44938.999423187204
47659402,81001.64781721309
44712403,54295.55037461815
47812801,28851.96018664617
45254800,55174.567818985255
48260601,79568.92667172289
44445803,37249.785660826004
45165802,59394.15047163797
44471803,58263.439920726414
41856602,37785.3338016634
49112801,49145.62145407978
41638602,21573.562868651905
45801801,98101.47154278035
44557400,22779.226024802607
43684603,74866.36765047874
46525000,44997.42039548289
44524202,59417.92279773058
46141400,74255.81840773157
49533000,57508.95856617395
42636603,39847.03930514252
43012402,43466.28897767289
47493801,85184.05300215256
49382801,48080.02311152022
43824203,49311.879229473496
42373203,50602.62552118363
48883200,64991.45603369968
44471600,25402.404701020918
41590600,87838.24457976673
47056002,64931.72222261883
42436002,50161.95660698622
48786200,114053.74581580903
49219800,32351.68419949707
44066203,102013.96056877397
43338202,32780.40792627875
49727802,28170.888695248846
45544803,19589.888013419015
44895401,82530.57249398949
47172201,40995.04354152546
44780001,51882.211692457175
42576203,43177.891617203975
48261600,63027.428398988624
46358200,35998.145251883754
46884002,93393.76554540699
43104603,47666.87636250749
48755402,88480.62118004877
44895601,15411.689227491286
49729400,49564.298476922275
41626600,78278.84261544902
45416003,74143.9715540511
49169602,103465.28591061724
49814201,43292.91224301405
45860003,36748.98695616802
44719000,61351.99139852482
47455400,33033.16350279053
44171001,46311.28968150146
44595600,61489.33640914818
49536401,55500.289548583954
47378000,33137.25777431603
49970001,101781.26494198205
49896600,38796.22392295296
44131400,61570.105259142525
44303403,25310.79581574904
45184800,67033.38553373398
43239402,55995.37043369299
49628602,46967.339086769105
48479401,21684.485981074737
44146200,64193.96512936921
48505201,17545.655253946356
44935600,51645.42475581661
45160002,79175.64794900498
48995602,27809.840004934646
42471002,41271.377045740956
49693600,77295.13430765804
41529600,59998.40469311318
46047800,46373.186209298394
45051200,82455.85506162823
42690400,56322.52986284674
42978403,47384.6743710961
45407000,95642.80717905505
47937202,69006.90873594495
44176803,55918.774571717644
43742200,35507.79608208733
45634601,79678.14577691421
44824201,62538.302366770884
45548400,61108.591605426416
46508001,91582.20040130563
45957402,40207.54188097234
41452603,18278.397568324155
47357400,27989.600689778417
45554203,43003.967463525434
41564603,40237.31147911475
49731601,62235.13003340446
44881603,46606.397464512134
44504600,59259.47490480254
41057400,33484.12904040681
46471802,75986.5454052215
46553600,48451.1988876531
44671600,24639.509793198104
42672402,58978.21256076811
46108202,44042.98898723545
43843003,48992.093223443306
49366802,57449.33980846075
45303800,28144.50468312434
46044600,21781.551062739014
47418401,33781.57192748834
40981202,29655.65914736862
46294200,67921.7391177455
45855402,34808.198121637746
46590802,66773.18455545811
46317001,35530.311735106814
43227403,60431.59476024793
45756400,24263.574705519306
47143800,38310.88036847079
45469000,36908.60620366134
41276202,27760.30064584103
41574402,18139.55472961908
48268000,39754.06604745165
44479403,30120.738519179293
45132601,44473.749141201784
48131400,21172.60590365888
46937202,24025.290564284496
43636800,79397.53420670677
42115803,36957.595639461084
48301400,63531.03443586274
42411003,56495.251138643
47332402,6852.777592470236
42689003,21897.15521506466
48076201,48963.58916296141
45613602,50025.215088033634
43241000,67881.57077116612
49863401,39756.12831273573
43865600,19184.12695478052
43784402,47041.15801528869
46099000,58208.63547147164
49117402,43578.570312127544
46188801,47789.74117972499
48847001,44228.52035406386
43418000,82209.5846250665
48419802,51959.558926435566
41470000,61602.40818215949
43218602,35959.63589778248
49987801,61306.32814445971
46007401,26782.536020332656
46261001,89889.8391614734
46467002,43653.75759973819
42348000,58499.266414594276
41873600,102326.39632465158
48322602,60536.629735894145
44121603,106853.48041136311
45519801,91284.87463625555
42269803,34388.30561506428
49404002,48811.071751654374
49804002,66647.35382602406
43005203,63835.9975031076
43172600,50498.005275417556
45579801,68805.80675130137
48090402,50297.87521300356
43538003,126370.50727591381
42904402,81544.09295259175
48145601,89572.94456519333
41616602,72264.44226131747
47845201,28368.337720105927
49196602,21293.050143590575
46145601,95525.22488311816
42345003,33108.05432387331
45154401,24996.127149025087
45351602,41839.91083480921
45565600,87421.58108865703
44717602,86296.7750649644
47794802,26624.65189581781
46599800,47117.545408796745
46188401,52915.29605048375
46867601,88962.5163819378
41403203,56042.69183648519
44688601,41254.42150969981
46954602,82158.61811154455
45479802,64044.13294660099
43377000,39147.61480123738
42193803,46679.37727568461
44919000,35246.803307136564
43330000,59092.82798120969
49618200,40913.691720800954
41053803,54523.19066305285
49629400,41517.34591348928
44264800,44652.95333599672
41349802,19697.882362011813
45154403,16544.44906884762
43836802,28636.69286079088
43083002,56294.4820131118
42621403,35592.27651358537
42737600,26032.033424329096
48708002,106555.27582848512
46447802,33032.378243209816
45756800,15875.500715848986
45298400,10854.889530569715
49259801,60483.21872147317
49456202,91895.09783491892
46571601,55672.18317982059
47157802,44835.87186888005
44746601,49478.870669578995
44681601,25745.94165884442
41841403,26997.852332103183
46042601,75944.4025327302
42186803,34956.9093495782
41000000,88813.41369492451
43078802,42557.39852530086
41836803,17054.620319825568
49053002,42492.67559014139
49337800,42441.02319549933
46053201,63681.97975438162
42911602,68015.16570008858
41304400,22296.431756129132
45444802,53112.325166036244
44773603,28168.048778802007
49639002,47383.31418361101
48578802,55532.66035214944
45595602,39187.15461089815
47903202,108162.61913640753
46300001,6739.414494660414
43870603,39463.43457556982
44647600,48126.17219608989
44665003,42168.88294488579
43336603,110905.43395714596
47838401,44467.29455071599
41572803,28020.986358684768
45774401,46604.41392793097
41194203,63764.08465513823
43380003,45330.92255723846
46538000,30637.73796999313
48825002,21262.932163326295
41808800,62416.18198128924
42305800,52697.4378829923
44868201,34989.865637491734
42010602,37313.58367682905
46673401,48351.66184080055
46384002,37038.58806079007
44860600,86542.63883523655
46234602,40831.06012811797
41224003,33448.04810648186
43360003,46005.24784830846
47046002,32001.73788063012
42003002,31212.537085367578
47236001,78432.88382132303
48648602,94282.656755073
46934602,32662.455801600372
47839600,17919.120996821548
41448800,7520.569105587238
45723001,51689.506045328075
45616803,58172.94144833338
45174602,73859.61762157187
41392802,51625.86268026986
47779202,69032.58650979702
42968000,55470.20936892192
46661800,43376.51858875733
46211600,17886.487401442908
43640802,43313.83586386226
49309202,40816.01016811587
48611001,41074.48831061891
47823400,53724.83555871413
45249800,23753.75608434766
44883602,90115.7070187068
41368003,17252.781229331573
42797400,70348.41858895287
47545800,68313.85723894967
49546600,78206.97066237277
41928403,32080.23288293604
43443802,72332.79519267002
46624801,24200.579667509737
48200601,16787.162641230025
49274602,32761.439596342814
46391400,35632.972989266666
49276802,83837.45967202878
44843600,70899.89021655438
45477800,72631.47044218119
44527401,48630.726903653056
47636602,34664.1583110231
46190201,39102.82175122954
48484400,104973.1885488177
45860400,82076.41338536199
42350203,54118.665091079696
48844600,40755.17040414407
46830201,58821.005900309225
45796003,64749.243746732274
44554003,43340.71392261557
49858001,35670.41573568781
41236803,26196.428493145868
46468200,32183.621488592915
49502002,21679.52869750119
44767603,36870.91637070257
48826601,56242.44068426663
43432602,36174.01519804647
46961801,21778.026525635865
43026603,63221.68243946548
43952003,58605.990563799016
48197401,31070.73377148182
40840802,68217.08688518076
41762800,79428.63785062399
42061000,52860.88303264394
42402603,60233.07594263739
49285800,74064.71849822001
42341600,105767.52421815506
48083802,66596.66054298595
49911202,76260.23679684525
41478200,46692.20173876441
45482001,108213.5141018091
48133401,32799.23150656463
49906801,57864.08555619484
42846200,43044.59617373045
46323200,60256.31917712415
43378200,61244.20721914609
46877400,116002.03366333409
44165802,42733.092373085135
43580002,39824.94762046528
46801001,32015.033358748347
45569401,7017.556075639528
44743801,77743.19824963892
46643801,54073.78602701097
45586200,30099.508402723885
49547802,27868.661671234495
47583402,27165.311976500994
41795002,61735.859791670504
42597402,50668.04254129651
42193400,63029.629352275246
45150801,61279.432240761365
46728601,84053.35799627876
40998002,35444.91917337032
43416202,94360.55251270783
41259602,20306.13117897026
47173801,60910.03192672411
45347200,42048.60369927909
46665800,86776.25708762615
44134001,33281.04946148065
41457003,70345.48158146598
44386802,57249.52731349673
47481201,48875.857932216
44562802,56997.6299721111
49725800,99536.73911145437
47508200,66202.25822412448
40915602,33069.26003267018
45768401,50431.18114090656
44928202,36996.03855432603
42555603,65851.6513528454
45859200,88134.31664079236
48764002,64126.52302397297
44666600,42382.69651027968
41972200,12512.317959352411
43124203,28214.297480577687
44891202,33824.11018543818
46817401,64387.02378804867
45891401,35786.02052357336
44951802,60253.87315748619
48101202,56064.0636792624
45722602,68542.44694031689
49252401,97732.23371340771
45051802,21029.48789283011
40955000,93218.29949786051
44298002,56709.12887500395
42664403,18563.235954488966
48635400,43318.13852373256
45897602,92543.91985719373
41863403,17938.665511319952
44589600,54701.97112097879
46972200,42323.70605148531
45789200,60829.90618153089
47123401,63638.73974108706
42675400,34619.68585564808
47903201,105961.23126829672
46115600,73698.66734667114
42368202,18588.78562682569
48476402,133988.51920792114
44406800,50831.82692216196
48074002,14983.529516610288
45428400,51098.56583174658
48925201,43315.34322971977
45802403,60561.78999149875
47142400,78749.58151123922
44726202,70213.51906212648
47422000,31481.59130448957
47588601,74934.71151319935
42668800,18274.56050410768
43922402,33823.392209879705
41218802,33166.198053679494
43593202,58229.39577171259
41293602,26786.598700664807
46695002,53003.34335640163
49951600,17715.492898561934
47856800,65448.36630756128
44693803,39418.29922320215
45302000,86330.45400241422
41841202,69320.34816494137
48685001,32310.97593113483
49025801,91103.45163264079
41695200,22973.54880215018
49656401,110362.00851530719
42726403,89651.36267318293
41918602,44218.53948970833
42989000,24053.474825874593
49688202,56979.47487937915
49294601,47988.19456264516
46747602,48657.804222476065
46787401,57930.36614379456
44995000,70119.3842242666
42403202,67190.67736377164
42043402,51179.85838026439
46086000,44128.23429052924
49611200,30090.728986239832
47517401,49938.92465819533
49150401,29892.87087102447
45187600,18703.351329701385
46092801,36744.53705609882
45323003,75046.77466994233
43654803,83694.668068322
47264402,45829.84426056056
44695003,65640.12768457182
48918801,22206.330406756057
48285801,19952.423548064125
48950001,76552.61969708913
46281001,61556.84504495328
45269803,45220.79856487051
45746200,57838.22292796979
46007600,49042.28269766325
47988602,39501.654394859026
40819802,55045.89242863493
41847402,36773.62641566484
41683600,61193.53115445082
47822202,35939.82661057003
47980801,77752.8934903534
48855200,49705.44108440086
49913800,48680.46345227397
40965403,42751.08726635291
49477801,67752.62664350779
45662001,23104.330970131858
43985600,90773.19620764189
43893201,93854.28039978698
44732201,52648.546047642085
44032202,34902.20593203682
40841003,33774.62325209554
43679200,23262.910817085947
44141401,72895.0460977277
46878202,73334.19469222697
45106600,27948.12830199907
42920603,88920.7295603214
42760802,40975.23130429613
42140002,69338.55881589476
42714202,36791.83305266946
41647200,66508.95005797764
41599000,60702.85278975566
47876800,73782.90500128703
49495202,67574.84893191425
49942602,71516.3331693317
43071802,19775.607123918962
48752201,81997.80617546407
44100000,78174.13702361322
47445800,109908.32025930096
48820401,94615.8717251981
46635402,55858.190504556704
41961802,78884.35086631987
49314000,83448.00141348224
49113202,56791.60099075972
42598203,62243.47655629533
40928600,77134.13166965896
49651601,83824.34238488023
45866000,34117.145009692846
43551603,78206.16928025248
47340601,54697.726534264024
45355001,23756.073596496062
49981002,26055.63271999728
47552001,46189.26012950785
47061002,70038.05079959512
44706402,23340.779948801013
45657200,53797.03812503781
49071202,78203.97094126837
46276202,66246.07041872299
45369402,57351.59601781946
48958800,34707.87797230544
44425202,44546.12760723093
45166801,49054.249253665395
46343802,48804.31754833032
45376203,31431.15703836783
41016803,50672.87204144641
41475002,76910.52151326643
47098200,67674.6084214237
45529803,75689.97771539002
45250600,40766.90625582856
48485600,84280.17912706578
43372802,70060.52904139191
45804402,9303.563487896055
40859000,56919.33862793361
45992202,111904.09625888715
48346001,55280.56070322184
46995201,107249.76083700365
48464402,28718.673471543658
46839202,101111.18699127906
41194403,58027.71654128739
48344200,55037.27794891025
45165803,63270.18734292897
43936803,58505.47886710064
43580402,40717.82146860915
44598202,45559.90182815782
44948803,66705.80089617096
41151002,46940.35570609042
45181600,55348.54767057982
48369401,37170.22108513623
42180602,76894.08915613354
44324600,37181.31688562582
43686802,76552.33587213344
47861002,42066.51238706491
42186200,41848.77333483788
44742603,21112.320514670973
41244003,23479.842293257352
44320203,65861.20896923298
44137002,43249.241289892016
49011401,65331.384173480445
47578601,45727.90373801277
43755400,74644.87564349355
48781200,64694.02996669136
44141803,32770.8101380248
43379803,63708.8439676429
46581400,71609.63865283967
43091002,81746.43288482697
43883601,83192.18325460305
45239603,54505.36143870231
47486401,24814.205690394127
47541602,48873.363084699304
49227600,30472.111095133354
44943603,42387.00838434839
46379400,43875.197640780236
44082800,100705.82078374841
41258602,14265.041068800172
42261802,71719.78573940812
47973400,45357.77993931611
47098800,62115.885385624526
41143600,90462.72515443759
45456600,58994.716123990445
47337001,94281.51915958337
49135800,32555.79946553465
43498802,24029.791704526007
43251200,41120.41438705769
49275001,33209.28432565297
49504600,78698.69321155488
40916802,54156.60833088441
43243602,20152.84178319855
46444202,30609.71768495397
44489600,15548.578155450581
44609000,27520.553352126408
41771603,75897.67252792498
45939400,32535.116999054444
43927602,98230.7785354922
43918403,28424.014651008616
41055603,37853.20854820034
41252402,18514.050259156385
45440800,33534.446452992604
49118800,52986.02132213385
47788000,36654.52970843233
41645803,23761.957999841474
46438402,66056.60307254565
46449402,51959.05649714809
45143403,74999.05850318761
49449200,45995.61417668722
49847601,32075.163602146684
44035602,36468.522349201274
48335801,65917.23129737272
46085000,54179.28388698801
46711401,47856.81895525
42991200,31542.05821156549
41888800,22914.07594933522
43524600,38167.07461568132
41939602,34518.73578673839
46503402,61359.21128470191
48255400,57568.978746522494
42417403,49495.552541931975
48044001,38625.0529116613
47953801,63239.84819342302
49914200,62552.92692709487
42634003,44883.737425071624
49028202,23358.37647766684
49922002,40881.551374119
45346601,57807.14763797287
48577000,39443.89848699028
44693002,33746.1495165031
48502802,35563.40564418677
49033802,36960.644430974964
45563003,35883.654610408295
41789803,55273.34933577322
45795400,36333.87580963175
46784602,57679.595068708506
48377202,45234.72960987614
46777802,43895.23104040016
45064600,134292.58139745044
48941202,20022.177237958083
49215400,36692.31832274826
40892803,34858.31955677353
45913801,87942.59738070173
47055200,39603.40994381551
43061803,37012.31605391773
42799800,43488.2270427794
45773401,26157.767994687525
41252600,16808.945534935505
41599203,96590.7477506207
43623602,77752.25999808294
44861603,50936.260109152674
44334802,31951.11153090861
47605400,62072.089731645494
48337600,38644.469803022024
44192800,55577.5559045175
47251802,92038.78576081755
42228603,99157.24364411758
44209602,81829.1308593848
43053602,78996.35616124593
47653801,104033.58647021264
49745802,45569.17130862806
45561402,28097.606940815145
49530001,27963.88127519934
42796000,31791.162622820368
45516000,96861.06342548848
42733800,83077.84635116052
45873002,53688.30993840602
44607801,66388.60263933825
45381401,71789.73568468819
41019403,18215.206183706796
49473601,55803.63743528608
45566603,47881.239800713985
42166802,95000.46289578709
48699600,45210.22723838804
43570202,41324.247651981495
49059201,48840.65195089731
43512803,50428.58967555054
43081202,50325.374948565266
44041001,66893.44854611333
41726803,35600.445082288934
47322600,42692.6275722197
47348601,70420.56113379315
45840400,62004.187058645235
44486001,70553.32802334649
44649400,82880.68754288243
41627000,95953.54023438884
42640803,29937.653123363867
41897200,30213.805634935983
41940200,39281.01033632399
48558202,69042.72255662008
45087201,30911.30607076646
46495602,113651.9398419018
49355001,50515.02208105297
41205800,13356.453037302235
48805202,67736.65138380948
47292000,47254.695391957524
41576200,31598.593116125427
42118400,10742.685157067506
47052602,72976.0383320595
46147800,79028.85550290941
44743200,7432.671881775364
45304003,74242.58923107048
48859601,127131.6744479312
42069203,24933.372404135996
45981401,52901.30689536391
44010802,28882.207099558473
48992001,54715.898531002655
41931202,45959.699447321094
46944602,35520.997795897594
47691800,50945.48255947072
43405002,45760.969715240506
44252200,46033.41497553884
42289400,43950.86916665995
49972402,64536.765485879354
49566201,43681.31552445783
42143602,22022.872390208267
45933602,23320.34711369634
46144600,20867.93195741145
47912602,103770.0374011478
45589400,27848.560790320764
45234402,24990.849927335807
41734002,16639.010572804025
49346801,60353.185705022945
45629601,52696.67265162401
41605803,67006.31317169033
41365200,32752.983746261074
42389602,36108.268297631694
45640801,57743.914534450734
41564803,32296.395216571967
45976000,127594.25313611436
42876802,26673.850894050993
42600203,32508.44448769609
44169402,22749.356125497005
47042201,29266.09149237519
48685002,94201.31512080126
41866003,25362.225088881132
44689402,53769.598829120994
48530201,29590.045890303394
44467201,14819.983716365088
41162602,76918.9442451781
44791201,70709.42449766403
44186400,35299.3820443827
45381202,43559.13200240579
48735802,91281.31753291617
45085401,51154.2651345071
47611001,32818.792648003284
45512002,59406.102678810574
46950002,92207.17254676434
48993400,52996.18666112128
46954801,33856.386910704525
45505803,43517.3741003205
45142602,51785.44099392569
44801002,55682.63044312151
41537000,34863.41878059678
49390602,47684.38876170967
48413402,42988.159283626796
44194603,101980.440986367
44125003,15232.100576900473
43877603,39894.33620568988
48792602,43878.1612792798
41007802,82289.52661627998
46569000,22524.046982306038
46021201,52789.15175846302
43228000,64059.32458725009
42283003,47276.325076786954
47917600,49103.93457271773
47620400,36960.948205514826
44592802,24501.77289367779
48077602,59001.48362873959
42414203,45231.16999643884
41590802,31492.680438623887
46952601,36128.92182886315
42678202,59025.81191738904
47773002,44139.605736414014
41363003,33110.707682630935
46389402,26624.019761159318
42873003,62478.39677661743
44952801,50848.33569734686
49195200,119793.86833809875
43268003,30848.62879855348
49575400,52104.74325868632
41464403,75618.1509960267
48762200,6519.071594357367
48185602,82272.69894207227
41229603,14988.041609334708
49579200,73080.56012974771
44106000,60978.6573780321
48088801,46968.66537660422
42908400,75452.29304218611
41232800,21840.433174023092
45749002,20820.020500845843
40963803,71932.32987343615
46881400,75348.68063929366
42313003,40850.19296728622
42677602,39340.45761282431
42756802,24623.005956928
42600002,36484.37189706646
41505000,73841.34578355426
46926601,83380.65347229148
42587202,73511.81886437334
47757602,89595.56631013032
45307003,75896.19120261185
47043202,46122.478133307406
45059001,66538.39472107493
48486000,62434.888281766194
41504002,66879.14416864498
47694602,44639.73681129682
47879401,102397.12597239375
49913602,40810.54931931934
41329402,28905.64813870832
46055000,97482.16099060999
41112603,48580.9519281237
47484802,48084.60657230764
42626002,99630.09206203994
40973600,35960.117942536264
42629603,52567.46321768557
41603003,51723.92191624889
48831002,46178.27035543818
42654402,55947.512664872374
49903601,101872.2470261232
43992802,84131.0479580476
45285600,88774.46388934803
40828803,37494.02128451746
45932802,54623.1515241522
47597800,53687.972942992645
47763000,35746.70183793379
46574402,28988.218862637503
44733201,95517.39400852777
47966002,40523.602537800514
44343602,60191.557120457015
45752200,83916.43507807373
43133602,84138.13196680698
45725202,54896.30300324716
41708000,35096.89380158945
44194802,25232.45226864225
48240601,68402.83036263612
47525201,32487.040636703798
40845202,96429.92911933394
43534003,41816.47059193427
45689801,80190.57184815414
49313400,32097.609526485416
47282201,27670.595401717375
48576400,67180.56919694575
42388600,27654.99804871423
42494600,29701.295091595588
46154600,60979.44303322259
45592200,37719.71352016057
47970200,62803.93547157739
46372801,50655.42894042022
42599602,72098.37497161614
42135003,51333.85343248127
47193001,53761.2822378283
42761002,93065.89783282788
49760602,45101.07614675513
45208200,74331.84840027052
48489602,28299.51858247488
43991202,19836.93615527802
44312802,78644.23967341683
41456603,23024.065989020935
46036601,30846.79220696672
49056202,35491.434513754626
49887601,36446.76812950085
46639602,20808.388468431367
41433400,87133.80159921183
44857401,50237.389041141636
43258203,47907.522922447766
43861001,23348.93687326735
44973603,47330.0288814778
41706200,20942.62724820082
44969603,118839.14076145296
48884802,47495.45368318534
43517000,92824.87932934891
46599600,70923.68146623045
46397200,121798.29892270477
47630800,60509.85711122403
41140602,111915.15308736564
44140600,102406.2154185099
44239803,55912.194435117184
41828003,19115.554047078993
49829801,29304.151605890132
48346802,41770.89773045179
44688600,64003.15020364138
41558600,26553.04548299643
49912000,37609.178640287544
46374800,79832.0906559689
48349801,35745.35051641457
42112800,25621.84690977209
42752603,99798.87388545458
45777200,31591.9303077918
47533001,24432.765676325496
49186600,43361.50969612381
45470801,56031.860650989496
48116202,59683.5871527442
42801402,32261.727880882136
49617401,55857.10726382223
48422600,38920.58690024169
42193403,61603.700330388914
42439600,45087.71378085192
44721802,107526.33512753516
49019602,48499.08797523285
45487200,54088.39463298027
48145000,30296.336342737708
42183603,29960.290387535355
45857001,94604.06879189465
47547800,58484.52298579439
42704803,42705.013220618326
44195002,26277.93086326039
47876402,52991.89963879275
41114803,63141.15795705584
47056400,77030.28793025618
48416002,44426.763443168464
49247602,126775.88976408384
49971802,58390.23023095529
41408603,81685.84652109777
45408802,33481.2412017788
40886402,34298.20750694696
48637600,49077.45791289412
41187202,44503.34820959303
42805803,33540.975075017326
44956200,80728.45380379837
44848000,67448.35522298072
49130601,100069.3969572683
48046400,66197.25851800974
44685001,74819.57602851544
46575801,22543.53803675173
48054000,73700.68243742707
49257000,42608.940115305624
48110400,66417.3947445277
40806203,93802.15148346327
43168803,113559.3206788105
48355401,43764.050866575606
48382801,66885.61720901876
44251800,28056.174551324948
46346001,44965.10090597801
44190400,88845.33792110698
45042403,85123.47191710875
49039202,39463.80549685786
47861201,28107.359605432066
44632803,36190.012304968724
47969801,79746.0463950214
44783402,71038.00521663688
48501200,117600.2573923961
49860202,68681.78430358491
46688401,44008.510021330876
47003800,25048.488272414987
45348603,41794.163727200474
45332000,60193.083487013486
44696003,51825.90702665711
46911601,33173.13831914778
47010602,55812.12916920062
46532000,67134.55726544
45536403,76603.64260845703
42961000,27662.201980560054
44488400,50219.018396105836
46321602,61413.50447769754
42595603,53445.882210841104
47424600,46387.22887949704
42341002,104377.71659198913
44889200,35863.25813778049
48176001,72159.09309498264
43964803,89851.38280830982
43021400,57466.857234688956
46680202,26234.295848153462
43911002,41100.70632630367
45624601,40775.42911883637
48907400,17049.414662764175
48529201,22800.34242874862
42276802,61607.29648122008
41281403,20249.65477076082
45820003,82793.18340234715
44094601,23555.376790606148
45484200,23171.819482497413
43440602,84117.4676865555
41935400,26014.482500426355
45415200,83288.49352736669
47460602,23162.230203784147
43028203,34761.69703255962
41542002,41334.77397125194
43937203,51872.980552206536
41725403,67317.57554049557
45950202,43015.227558075654
45442403,22025.338826785683
49803000,41606.46151123281
47824602,28213.623178615522
45767001,46969.60197594522
48728800,71527.17390297305
48407600,34879.91424521522
45282002,21556.66298053572
41114403,21458.774930823558
48535601,43001.336592339336
45561400,90673.80782148484
42777800,74983.82931126919
46677602,56200.41710491658
44606603,48008.49158180611
48269001,57918.29953033632
42184802,48400.41404941594
45516800,29403.10711031947
43382200,44697.880265388565
42175403,81610.04874807343
45103600,63420.93572797688
43464403,61277.76744045207
44240802,85912.14573584503
47305600,76777.66291754368
45639801,13636.438818168135
44166003,43660.530462372015
44920600,48080.986908154046
43921400,50348.31549520721
47025402,46243.6212620575
43412203,49423.72216833481
46571602,51981.785400860455
47612602,90223.13291390854
46790801,40341.87192494568
43929803,19030.029535730333
46088801,43368.02991739215
43979602,98825.8176814263
41465802,91965.01229661115
44985402,27512.598708571917
41360402,35148.20153879481
43182202,23886.12650994904
48928601,58797.33020893722
46206400,44737.55055622909
47129801,41561.617952382825
49538002,38800.41349349529
44307403,45378.00858389704
40837800,14472.228417166298
44268203,51241.877526596414
47570602,51285.843012109755
48695402,14678.625700174787
41794203,80065.59815725223
47746200,17584.724061172892
45134000,54514.40690883238
44105201,53534.25454374778
44335200,21237.582606006912
41484600,23183.40697271423
45312002,18097.14039143143
44701003,80222.49389906717
42968602,55576.178513964296
44407601,97994.34445454515
43846200,72151.70017486738
47498201,93069.69679728508
41749400,35013.774379390714
45910602,63718.661097464545
41256803,29312.49102535403
48423202,73711.77201504304
45626201,26789.408466001183
46722400,77366.17972094382
44920602,58795.561616628496
44904003,39526.53989438281
44281600,41937.526733911225
42012202,28695.838891705025
47146602,48437.890799867884
43904402,63919.7626272433
48507001,69481.35595044566
43279402,23996.680118569282
42182002,40982.06914214343
44427602,71102.84555482873
41251403,24303.954653297784
46571600,50807.42181479217
44869401,62187.01796520066
49528800,66096.29173791298
42337603,43037.49277695938
45152003,38175.45671939832
47676601,70040.69359439703
45421800,68372.23367433257
42046403,41971.1608376536
44580002,43187.792322429465
45130003,39802.58960010669
48109801,32713.749080514266
49786600,28160.17876504974
40952402,32144.36401870498
45617802,72711.75785703496
42071603,38380.04122053936
42796802,64840.76616178024
41368602,34251.07868929235
48293200,56284.66775540305
41524000,33852.16459249419
46665200,87868.48328210108
41351800,32268.807450372253
48600800,56209.12004918975
41170600,35130.72128882075
41117403,49532.934979525955
45742003,44607.97845387901
48180602,36901.04508484636
42663802,18522.00201547297
49820201,41585.70811525342
42521202,88632.74035955916
45827402,31544.647582949365
46619400,73362.63372653868
42104403,58123.685325356295
43186003,56486.60911517416
43489202,37792.17311313453
45859402,52725.31773072049
47717001,27583.39042056477
42864800,34700.72887901102
44041201,44541.061872940714
44100600,39115.322868420815
43009000,53002.60305455987
44220401,98827.68565579018
47347401,85629.67362109784
42635802,32185.96113602454
48524002,38236.39411418746
41344402,30060.925834939517
43573603,46121.27141248972
44905600,32374.839134138998
47880201,46182.84938060855
49521400,32280.936243342585
45810001,34667.11346832802
49098602,48223.21439526007
44881203,76409.44713276348
48377201,30411.715410558296
46482602,50433.06406755338
48943601,79464.91984767525
46406802,44975.317131174874
44477800,44187.56529565349
41803403,72936.24639416215
40947402,46783.09114158492
48993001,24286.62570475357
45358800,46347.631351649754
49813600,37214.948201751264
44033802,27911.741993748234
48437001,25527.32867071547
41082002,89962.30280982293
47807001,50308.39539713944
43030403,17357.769641667714
41308803,40279.20432824707
45325203,56389.2374373159
48810200,62718.65821744915
49667200,63679.36564224427
45173601,34618.60248470154
47122401,42606.45612523692
44410203,93855.62507225026
41433203,51501.20785359829
47092602,72438.29646724809
46146802,17398.31685968402
47241400,34527.8596269547
49494800,50451.986686803444
47717402,45471.23255494209
44473600,36337.96458181769
48971001,31264.315951333283
45557403,41905.45998168065
44427803,40140.05927032427
45537803,65197.92989922774
45544003,60768.59714777784
49965602,73068.29748148996
41257403,34373.020061816846
47256400,61428.5025558356
41826602,21380.906949997938
44302000,79773.22737622823
41806803,54814.531870941355
41017000,24852.405161809314
41042200,99168.71966331059
47683400,55419.50655810707
45348600,29951.529457225504
45422600,32249.03651754585
44573801,44489.382959016635
45710200,22310.72424828444
47768201,106254.37026734528
42329400,64708.259209669166
49930402,59399.12221791982
46308202,26340.143106613166
40856000,61483.408187517394
42651803,45460.879470389096
47437600,29168.13710194548
48179600,39680.922691029875
48045400,59410.557139986646
44622603,22989.17171139554
43678800,63699.22195479709
48138401,49071.784433734254
41548200,49484.250193657695
45428002,32604.07572485754
41163002,72143.30500609614
47481600,61615.70497604789
44244602,40109.612154389375
42331202,72530.34145671944
48716402,44448.02145321835
45472803,61651.255939461815
44208400,37200.39660471137
43674000,65912.57668381232
42842603,14824.253884662292
44701402,25862.903645494334
44235601,53616.638851522584
43450802,49005.65428968109
44545200,54296.6048816146
45375003,89012.36103653221
46374601,13924.005569867222
44399200,114589.80393888889
45227001,29425.54998312164
43524000,50440.75596498021
41384802,32986.642446488906
41920603,7432.586117806881
44070001,78150.8229196844
40842403,19948.404879412203
45194201,77589.88519939638
41103202,39473.77284943651
42123002,41796.59219877336
43795403,48523.658506272994
44955203,45223.21180270533
48714001,37193.11528050995
48564600,67951.35139910407
43830603,20094.058878227515
47379001,45796.85120738301
47257802,62676.1796393519
46560400,40136.7463159507
42446002,69800.36555501906
41635202,55165.121137795926
43242800,71821.45425086927
45356002,44432.680888622395
49159801,46483.35513793405
45699003,69034.47637009907
44912601,33843.28788790641
42946603,37135.69425323622
44588600,59740.716968705165
44708003,53079.12897353872
41969602,65961.41444742146
42027600,61292.26104195824
45830000,44584.38870347543
47565400,56711.788836301515
46497800,40367.1310918384
46270802,74257.28961078027
45974200,62493.69695434943
43903403,72215.20562481608
48109800,62790.260653097575
45448602,31138.2012171056
45803603,36853.84078633271
44144400,38332.861315222544
48488401,53496.099976813144
43062202,46532.67743524233
47609802,79384.49009072501
43426202,51083.688656855906
41723400,41686.230130387936
45250201,39086.85191512203
47571002,37553.54002394933
45071401,107399.95656084339
44694002,42433.27330532132
43903001,32251.27571162369
48453201,86890.7504013227
45803402,32101.50700864136
48351602,38695.6544693537
49806002,40082.25558231365
46323402,66116.39581932678
43423000,55624.73003576581
41464602,106060.30962446355
46668601,72462.09885299717
41989802,43490.4653366432
41794800,48146.90542501632
47672200,50091.632723774004
42880400,64620.32767336676
42925602,37025.18520794026
44097601,26235.586175358185
44171203,41221.72693395413
40911402,55562.1226305599
49242801,33567.428937620774
46650401,63209.84822001145
44367803,49029.88593193855
42590000,56551.25619644087
42292400,62757.62987939769
48109400,56773.225382553006
44753600,9580.318758980204
44868802,108951.85091009503
44969401,106886.2305052936
40916602,30212.358837511376
47978801,92286.30229133143
44477801,53152.09124975539
43837403,65079.59173940924
46332802,74222.85957583824
48981001,32675.15431006519
46182002,28526.593899021405
44269401,63140.93818198699
45311601,51312.85582400576
46753400,34210.233196749796
47417602,28630.084538327243
44073400,38998.05855693067
47706202,74394.7799230834
42907002,36270.874970880366
49681201,45780.74366757563
43799202,42660.76771231197
41448402,56560.77188362174
42773803,83331.06599153006
46396000,27655.80030515285
41928600,79377.54414540036
45722400,46117.82190762234
44670602,62421.63404248955
48505601,52825.884920513614
45744400,31585.383202166224
42846600,32826.49953648469
42465200,27012.86779365373
44016402,61135.02857323976
46198800,24551.203028985437
41237603,36750.61700569998
49388800,105888.18093817026
44543602,52087.56877056101
42251200,32066.570871815158
43389400,54743.38423465911
42526000,26064.575703127444
42869003,142128.524218847
48218400,17068.83081452486
47314202,49726.34724761157
42983800,37630.83381744473
47243200,38161.842057719594
47681602,80350.32151797335
46121601,65289.56339736688
42597802,54739.32216729161
45230001,41556.01488966956
49959200,38799.64809765506
40807003,57176.85782216978
45957200,55943.780462676805
46065202,77658.51552032935
45197203,80818.88520473332
44548603,56915.36556593084
42039403,34790.03618848517
43956201,76576.95864897214
41291802,29082.88284857238
43142403,32640.087380938203
49491800,99220.11791776706
43888003,21634.9497315172
48783402,78438.89548212607
40885003,26943.543488752544
43507602,77923.02399155716
41376803,44525.95506565436
41340400,28606.35311932239
40994400,92604.88707821927
42436003,52187.65901423863
49825600,102675.1247345754
45581202,27020.1027556111
49772002,73891.5812234501
46272201,62068.53526552212
47298402,34719.96670067901
45315802,26203.82146752109
44365801,39558.94825629107
44567401,85677.14271427349
47166001,28681.866944022502
45579002,49982.44811712675
47750600,63439.50660275805
44390602,88469.3891187481
41564802,25373.185521040923
43811202,71896.97617171291
45697803,22548.639248799132
48717601,61161.70224640824
48649002,72535.00078657968
44563602,35084.17923640205
49492202,37494.57260658819
45938601,51974.040124897205
48424402,75264.29098994771
42148603,46592.660889338105
44647403,54373.016853009176
45887601,67078.27902508402
43889801,16342.042457292351
45290603,91084.07434628834
44337200,48889.480450545365
48508602,89964.55445484084
46588402,41585.15718880897
45890800,23683.921104105622
48448002,65296.80985638051
44921803,46199.90945173576
45996001,41383.880501974
44802603,77359.55950263783
46360001,50331.374222347535
41589202,62269.859882219986
41951400,32216.008976489757
44121602,41679.67073292965
47866402,70991.37331465143
48304000,64126.87545320971
45881402,18522.13574598285
42484603,28657.534690433138
45444402,82640.64620935405
48371001,49361.09436421643
49187201,34808.55224010615
48223402,49693.70821519458
40950603,45639.39485382069
46001002,38574.728524503196
44716201,68221.2915775872
48713000,18670.957917924632
47959401,53176.495396421706
44263603,116879.5122147126
43420202,32519.575381559924
48780001,56933.40054324965
41064400,24451.75074788351
43774602,50463.21725770512
42708803,66010.05109262146
41752603,14664.679729663083
49459601,55565.06237849153
44330201,99660.07707417071
47873001,69971.92240131166
46626801,66264.41695177337
48717800,33018.37540978262
41241202,27389.753897778122
43697603,42661.07280617757
49317402,26747.83967078429
40815200,19572.297035497806
44766000,53135.79712203478
49463402,71205.8298047092
46217401,50750.01615889209
42975003,57155.55206847077
42177202,14963.220403091298
47373602,60895.20347481445
48621400,63474.99549000172
45628602,52247.41865294951
49094001,37412.648121048805
43262203,30748.004446700055
44598802,88685.71627782023
46493001,40300.94822993466
40931802,109063.98344513215
46132602,55959.40628068604
47425200,55010.4785816158
48064202,50054.71897641996
40985403,78207.49874487396
49496002,25118.82901749399
43100002,48552.91671815468
46917402,61142.09631025756
44879202,56843.85040617398
45171603,56260.73904552869
42263000,38635.761341538804
45436601,60527.542194041525
45298801,77255.5909152301
40982600,31907.20303857722
45237203,81049.87987293513
49927401,50485.0534693644
48282800,90545.57584112685
44390000,56809.42251204283
41369800,19697.0333773053
48812202,53982.82313542089
44284401,94975.57346976286
47546001,24736.952397715497
42778203,54374.215833635826
45355403,66042.07074000606
46916001,36569.970677463476
45786803,42095.88070680401
44781603,88308.34344103563
49656000,32373.848788747513
47217801,41048.96802271751
47266802,58809.12684622087
41291602,30002.783182204264
46205802,91307.32570247957
43564002,39470.92881158179
47814802,40768.3251634451
46512202,91667.54743029627
49889201,39375.3119628973
48290602,31350.830385869813
49420002,61794.48750645375
49491000,47443.38945975452
47585202,15361.37680614402
42551202,30680.812049638476
47687200,54476.92056243427
44992001,75270.09540985688
41519803,57727.81756259172
46856001,19075.70253103951
41646400,87823.49277186743
41284202,23214.47628024077
40842602,42089.76442097564
43078602,68413.33384425487
42248202,43486.059043816436
40974602,40428.03136036584
48211202,26996.008385637884
49926401,70862.25328413921
41838402,28841.682739713055
41937802,26819.738660514828
49535600,32701.98791874155
42187802,45689.48943397275
42470003,111284.5811501107
47764400,36576.38099311892
46959202,57561.280418753006
41084803,23629.84308909074
45810201,72187.31183299329
49713600,34283.57076465613
41459002,60223.90623378106
44546602,65397.57981304995
41125000,26993.449152026376
42357403,59413.13112178731
44028601,35926.6535202202
42382200,61283.77867896418
44807000,45551.29236031977
49329400,37582.943660309626
48327801,46485.75713545563
48358400,66979.90324081432
48809600,50830.09509689535
42940400,68538.27216641138
47318001,54632.048036048436
47082601,85901.18656217353
42241803,52060.07266254962
45408602,30343.419577759254
45691802,19088.733155843154
47460002,29420.64377399357
45590200,36278.496114448746
49418802,48203.152625234696
46954601,37735.02305324686
49780001,26780.759332950154
45919602,94818.53562581656
48364401,126732.53734132164
42110000,78960.38320835307
44700000,38596.25280277159
46508002,95933.34975603194
45339801,61827.35827962843
45394801,38857.189904083985
46622801,35655.37994587001
43974000,87775.10888784952
49340600,23283.457248722716
44707600,104295.87890052155
45520203,86143.9929729691
42286002,36072.44022794906
46584402,96426.4247053845
43225203,131534.9744733253
44930601,43713.60218658898
48063002,66489.85728324205
42587402,63842.18755520147
44358803,67847.34142058241
46228401,74455.54671804931
42344200,50069.77639066912
47878801,86130.77792053946
42847003,41265.90864252497
48916800,51554.712010413816
48045201,74352.39869868787
46671000,20145.65786727645
45620803,12587.518613708293
46001202,42718.9140804263
48865202,48958.72553225131
49752002,134645.16860169533
41587802,38120.50089072571
46934201,38024.78719978227
49556002,59464.144872938254
47491001,70539.8337830099
42712603,116652.99252719703
42286003,42620.33258616836
46964801,73730.21886838115
44890403,35990.6344614802
48328401,77311.50159053016
44400200,48643.00888302659
44770802,47430.50702125329
47118401,30606.464555441424
44394801,30727.440894432784
44209802,37041.22689002678
41742000,43690.85416340187
49816801,50587.4735396771
46387001,82853.30921793799
48342202,27744.164153858284
49442800,101580.44120512198
43161600,69147.95167447787
42469203,46031.74653447488
47865602,71324.2197625652
40892003,32667.235394762625
44926001,42531.0340149971
41540402,54334.28280821341
44218403,52530.41538028636
43276203,40031.369606814864
41253002,22724.48420059513
41570802,51201.31933715383
41345402,19973.471147144235
45720400,41688.49740758706
43647200,41902.46354492185
42556400,48964.98290252526
46293401,29069.177188761038
49848201,62266.832544304525
46963402,59582.030305553184
41737002,29764.911211764378
41282400,28131.189176034
45913000,35168.17203286699
43332800,40613.28539753449
41450803,56347.96048149817
49035600,63195.72008746179
47950801,42291.884983489486
48845401,26167.654807314408
42986802,57657.01752733877
40994602,55046.04334608148
42884402,27113.73011423163
44045800,83233.11281557631
45430201,70659.69140452197
44381200,53850.787421324545
43653402,90895.36014377669
43891401,49589.91523047042
47805800,30545.61187098805
45305402,58384.63595870003
46423602,35524.60892454165
43846600,23550.359789223316
43416802,41364.8632972969
46234600,39389.90689901097
45090402,66632.25566550893
44167601,72508.20595803332
41549803,103807.01080155614
43261600,21780.681180706288
41153603,33636.43488061187
44864003,106552.76051991619
46040201,53908.961341987335
41470803,29080.651425912987
46628602,50044.28465232268
49685001,61327.841203301956
41375400,33263.61756375704
46257402,94558.18718445975
48681600,30569.903744712698
48596201,32258.803088469038
42798400,37991.62871286751
46312000,47531.526518371
43230803,32921.33333405013
45777402,74327.61369588795
46103602,84509.5682274938
44804800,24830.58999457443
47241601,64430.131905056274
43788803,69159.93257383905
41113002,45598.83086232429
49217402,55497.28371797779
49353602,47789.06863283402
49180801,27800.075283723054
41619403,20692.8254514644
41359003,28803.759418839
48596401,72925.97545852711
45239002,30647.02398878875
44415802,79142.80402835025
45514800,64693.64520046732
49623201,56708.46724933707
46177000,39692.30456742999
44649601,21837.822387153064
45681400,18286.373590644205
46072802,27600.74878642838
47676602,70747.10081695647
46509802,54116.96878231604
44138402,53187.1864400848
42092803,59571.44693743984
45514600,42152.93275309796
49613402,39933.62503873983
45406602,59152.72278280863
49183802,71906.82235870908
41230202,18767.72453656359
47861600,40924.748807485186
46606400,79582.73372450304
43562403,90721.57167494763
47521400,67273.183938884
46737401,93464.4402532602
44926801,94529.30545592318
44919001,56516.91022408991
44574603,47641.69906948201
44787401,35550.44009133185
41866600,18636.631909640862
48306802,39879.710260796026
49305202,18702.55959633355
43793402,51604.11634925263
48603401,74680.1690312959
46239802,59928.04471150559
45833601,28212.678234604133
44061400,44875.42420338866
41365802,34124.09640850748
42031003,73676.84978924354
42034403,61099.413254259554
47544402,45275.834069161785
44753802,74446.1598995527
47833001,41353.88645430507
48247000,33901.92451030078
44961200,44715.37557175549
47483201,75307.97711681231
41723403,45220.59862662201
45411401,61429.74379024365
44689203,29540.479407704697
45820401,21262.543445221432
47987201,38428.100433216314
45583201,28440.82492749118
44988402,29957.400012636826
42144203,46980.6751496808
47353200,68822.11213560685
45612803,42499.84097609679
42056200,32332.183231723604
49202402,66827.4138342984
45973202,47022.161206353296
48410602,35126.03666824612
49490801,30044.490723383584
46294402,65961.67640781471
44224802,56885.743151494404
45524402,53592.31223488494
43378003,36032.3641391053
43143403,29414.737149307395
49264200,62884.18383683263
45593200,39345.16245036751
42982403,60994.937795287
41670600,52832.40779402794
47049000,19121.443316050427
43654202,47197.00729998031
44747800,27503.50860452868
43021600,39578.750745785874
45721400,56822.59593854766
43534202,71976.14865559645
41460602,49694.76695131317
45079000,33442.08959546076
44627601,72972.41410999667
44212202,70552.12544705071
42765403,66045.8031847036
41666000,19725.598064187514
46401000,77949.02530930942
45604603,65358.340524985804
42243400,98832.1315593335
47898202,72882.2872829987
44891602,43381.74956363249
48186002,98380.0601174858
49474800,74721.99723337112
45608202,63214.24245658698
44789403,52786.66204811429
47762201,72558.41998977723
48350202,81767.40768878906
47625801,65821.76144943533
43581402,36513.76697969568
48496400,34201.710913267285
45364003,82482.0771842227
48371802,53443.93404538119
45961401,93206.59747354718
48593400,45884.73037843352
46922400,25237.37206037095
43904201,69414.4035693904
43820003,54204.192272244065
49251602,31173.032616846598
42635203,46715.07725554477
41338000,30098.39398010909
48206000,28066.99012780847
46868202,39276.76923119177
44453600,37937.21876637943
49014400,63872.03124376058
46584400,39289.584247530336
48786202,112202.43253898338
42906002,33493.41562046453
47597000,70811.94559314165
43335003,26042.66925383256
41504600,29661.58385857863
47875600,37973.88316712453
41009800,38533.808147643416
47887002,74691.99428714352
48918601,33494.2074975977
41284802,22941.290089561426
42028202,53100.49161491235
42470203,33843.50434696497
41851803,76093.06841039557
41214203,16235.828910607117
43103202,107865.99988316503
45252202,17871.187264499702
45338403,42363.66665077299
45981002,36649.05537975946
49329401,75649.21257062629
46344801,46796.71866138475
43746003,24555.709208840053
43938602,46651.84458285531
47420200,74629.77035306706
43041000,75412.92820227928
41986402,18855.503425627074
47089800,30720.40068790321
41264602,13799.044981962033
44834203,66988.2085723168
42868002,29755.13232867561
43992600,69118.97676128372
43726000,34292.816084739774
45875002,115597.80074852565
41981602,89428.6013017277
48911400,31189.12389020124
44678600,27566.481486498127
45250202,48825.1699424438
45437003,56041.00593493454
41042400,38278.05449719246
47025802,96454.78136312417
48720200,24802.301032565512
48009201,30632.603041157294
44023201,25186.317464263157
44884001,101090.53783727947
44221003,97661.93371186472
41649603,41157.871137639246
47691401,20562.123334506643
43862001,34641.15724306385
47465600,58801.773060812164
42608003,36440.23057767321
47837401,23419.17660987291
46734800,83461.28425234914
45674003,66444.74464231514
42485602,17330.837760011986
41957603,37919.0971717493
44571001,74072.62628574554
44746400,9788.295111134867
41436002,65508.222057130944
47345400,65968.93830660044
44221200,60293.45379314684
41198600,51413.46387519136
43000803,82983.1007983009
49139602,31845.472202532674
43969602,33281.815419013816
41301400,17544.024522651343
41743800,54070.495041056354
44080803,31159.300585377416
46270801,75591.97819552117
44528400,100791.94392038512
42238802,52657.11915239347
46519000,50374.75838572936
43420400,55718.41582196215
49845602,39741.54545134946
48752802,39988.761498616135
44500401,78782.36079061373
49995400,44400.83303785952
46064002,53131.14485687486
45991001,88291.35342937487
41172003,39251.7041354018
46510400,89995.74704652553
49907201,30716.705873484705
48922400,29744.52433940715
45396603,101905.52647918995
41467802,27438.480578003506
44012001,59407.895380408794
48687000,64480.30291696379
47138402,112058.45907980423
45987001,39764.74434212342
47523201,109510.31680690413
48136602,22965.88116353083
46520801,33632.99742134423
49698601,40301.43471985624
41026203,22854.99077332532
45239400,26818.07804346878
42661200,10839.536387200096
46886402,95375.20176184678
45991401,49544.23200554943
43026003,33940.06572920793
48201600,29888.886055067727
45250402,35587.443031092145
44012602,49804.50178014983
43160402,34324.15915361979
40899200,58881.029111895
46347202,28600.384356431037
42168403,73239.77775515788
46986201,54895.42531436314
46924200,87289.00520677712
40864602,53477.06575891013
48150200,46943.40948254579
41074200,42377.93290142159
48098402,53960.57018739253
43294203,84744.45101940524
42405400,54441.2631042121
43861002,31221.90293241235
44945601,58318.16485589296
43439202,74211.55771500844
44926603,54383.23096907197
43068203,23717.776867494318
49635802,29942.497035523884
47346602,39830.54679999999
49547202,46423.421152098585
42407603,63194.210819865984
43750203,44105.814263944805
48356201,31815.926534702012
45927202,89230.20918206497
47148400,83434.06427096674
45789002,30994.507307446394
46313402,70206.68243614981
44775203,17482.07320436775
47327200,58209.207239124924
45201802,51927.22016884132
49924400,105757.52457850426
45076401,91035.594886229
44717400,96018.72606174389
44877200,23896.08202140418
44363201,53211.40147856398
48617401,63083.50730173033
41582402,25461.767357453675
41167803,78588.83782454225
46218801,97940.73127240845
48160600,27041.76251886256
44884203,89093.64302825787
49454200,43104.5931945407
45250603,23438.245818482024
49718002,42197.92394957194
44615401,71508.13418367878
47294802,34777.15869464201
42494202,26822.924911076814
46690202,51226.97450044287
49508602,146771.61075195353
40993600,42297.77766413093
44246602,51765.55777274514
49041602,23402.473206319035
42536600,35864.79497691272
45064403,51508.52452557511
44264201,43712.507895995994
49382201,56002.030535680664
43468202,63968.28061600931
46710800,43152.10510503796
48841201,80919.48421400791
44380603,88721.91869385257
45536602,48005.639094619604
47893401,78910.55472626374
43374202,51936.72659005713
45610202,27965.60740673743
46695801,77551.2638614032
48443000,67362.53451392017
42410400,78747.20194592648
41082802,49657.26787525375
43030000,60587.184655817284
41697000,57843.8045883289
44356603,9756.29714820905
43301003,38480.47646843166
44840000,63275.218568511846
46340200,88446.86566419911
43531800,55389.79208151136
45163601,39205.90348111459
46371600,128978.81731423683
47387800,88654.73181775858
43739803,38199.873317684396
49842802,54383.6666275106
42625402,103652.02233147476
47654000,14868.259425667857
47431200,46076.47058527687
47020202,33084.60974886859
44109000,50060.21282775122
43369603,35900.37615213038
46338801,39073.753858840995
49824201,66482.6873655883
45191800,104402.75026317102
49502801,88782.80820376964
48821401,49439.006012858306
42788200,94976.78305675223
44651001,28733.20307294304
41419803,66306.34687947879
41295602,28192.080331659097
49599000,45790.411953716975
49886402,84861.43044248075
45568803,42748.82787902496
43137403,40595.202558501645
47194600,14268.619242991364
47533201,80571.45190471991
45862201,31613.459319892187
45503601,68975.3587640335
41498203,79055.58859756052
46142000,74106.40039156613
43120603,54597.33714002487
47870401,33133.33434976154
44591202,37586.89675631278
44179401,30527.43465194734
43258000,46745.2361594055
45291200,63477.52647976029
41499402,59129.750879173465
44374603,45310.76918261216
42045402,16452.67823809459
47028602,32687.07299089373
46265402,49263.88101334888
44942800,48839.040749049534
46677002,38466.095099514656
47476802,43800.63793107177
46986400,54321.76695875187
44834201,51341.28003567257
47551002,43591.885496030096
49428602,34140.75702219625
43654403,48734.55199034878
42115800,36734.01550844827
45878400,105370.6040077068
48689602,70422.24258409461
49056001,37674.13464389508
44385203,19977.09854044756
41354402,31960.28065197105
44663801,91348.7206673263
48767402,49407.59778097998
41029202,47946.15442886488
44004402,60109.54640831657
44179400,27730.481094519186
44204200,37005.415692989474
45287600,72977.65425424612
47227602,38371.6607893376
47143001,31746.971101642994
47734800,74016.71632480096
46280600,42117.53768701307
43077403,43296.76929141941
45592601,29836.955890798396
41521603,56858.60504917724
45971802,37716.773207120386
41943600,47824.20052731869
41548802,51718.887055717605
43975202,121644.82985158131
40833600,56912.95092097479
44854400,34947.26053659843
45424200,33589.44132880874
41247402,14735.808362449905
41447002,34734.586689733216
45884602,37388.80653020179
45581600,68741.53583063009
44799403,35685.49543688837
41547002,18898.84464269172
43286203,53710.60824105863
46915601,40950.81009963121
41044802,84037.83764856774
49632000,38858.58187924174
41584603,79280.99519142303
43998802,40543.00377139121
44198400,60010.569627562945
48446400,52051.66669005475
48023201,44445.920078090094
45163803,86205.18961040158
47409602,41051.85769966393
40818003,25790.906953730777
43351602,59512.513053618546
49685000,61681.054404466646
43596402,59224.23900121042
47852800,57432.140302245185
47363600,61245.747472826966
47727600,46673.92990723418
46748600,63509.58823057746
47180800,115807.898635352
44618001,70491.66394353259
45462003,56602.80240324435
44864401,48980.53733025211
44347401,37268.35569152419
44789003,66097.25328098725
43221602,37342.258644535366
44644601,20316.525905539616
42074200,53424.56345057643
48229802,68098.6310131885
44455402,131107.42938240067
46853402,46276.86842068808
41533200,52615.61228728547
49160800,75978.16911743977
48774601,59042.37411785074
44811801,62914.92819526662
45488200,93971.18048467187
43678802,21895.28545413154
45923001,36150.23498522733
48131401,45504.61583552578
48148200,33213.294488300184
47946601,19398.90226168977
49614401,56443.52506995679
42149602,20846.159909710248
46172002,48043.381279739166
49871401,25738.065845553276
45847800,56825.9507781821
41695003,28317.118955095524
49105400,57879.98126735057
48276602,37762.641615077184
42928800,73040.75174681691
41549400,29502.98729755822
46557401,42391.18426686247
44975400,64596.12067961415
41785800,31739.124094794402
48215200,55287.81521160832
45195003,63686.222419374746
46994600,34601.34859676974
43760402,15601.596719027293
40859002,66771.85348842767
44672600,112582.84629251595
48781802,32538.347478398668
42019802,50470.266294727466
49104201,26314.409063163246
47530402,28658.453896051986
48110602,47857.5778018489
44561602,38053.161609563416
45722402,17977.137264024706
44887202,95777.00366700563
46107200,24076.49303947295
41055202,54497.31936976705
43140203,29851.17459359318
48959600,53342.1203080003
44637403,18321.436847514076
46403202,11355.719536086159
41149803,21422.05168984669
41256402,30427.269419289994
40843800,99021.76392929885
49866001,22170.37598490819
44711400,26644.119699755636
44905200,49994.68527582137
45319200,36409.9433383109
47719201,31541.72369113234
45090802,112412.5020677069
46923002,56879.688222978846
45840202,21504.661710040156
46203200,38849.58697396684
41757202,22620.914920598414
43276000,47607.092836385375
41434400,77073.22724879078
44901203,49802.40734939121
41322403,51329.77355549565
43383800,39138.10204902613
42392202,52644.38575773186
48130802,57316.187182669295
41047603,66679.68517172507
49466201,32751.77573381004
49230401,58823.93230030318
42419402,73411.77352693146
47274802,47711.44668976016
44143203,49273.77030785418
44219801,33012.439026721186
49711800,29751.17528802297
49537400,54617.95287942016
42705200,61115.988246852474
44544600,30735.912320640553
41248802,19327.300567854953
47817001,32981.370789365465
40871602,90337.8087060246
48578200,32594.824575269275
45416601,68669.8476759854
41933800,30929.298769949608
41146600,47632.75903070136
45218002,45660.73489505165
44380001,42712.17054959001
44545202,94845.80341940527
47497802,41951.747523624086
49422800,34363.23820207914
49234601,67364.62041084323
41498202,79388.93561164573
43871200,49570.579806721275
47712200,52594.30840079988
44232800,59647.71055025411
45317802,46543.83893471009
43265002,93104.84212543102
41256800,29621.524036305556
46830801,60204.777099227045
42556003,19476.981759352555
47755600,83225.14497941849
41359203,31682.19942265161
43699202,58247.890227902724
49535801,74890.54253754813
45155403,102979.71996253356
47559202,56449.93813804764
48650201,11270.734862684309
48200602,29137.39990624712
42594802,54083.00802279807
46033000,85945.06711297098
47010802,40695.848501570676
45005201,43491.97373262495
49867802,37410.225247426424
44908002,24303.228134865232
42832800,23680.41478846664
46279201,60037.09685758175
41221800,21408.693726908677
49433601,73347.05876902559
41211600,26831.072219933405
47642200,50982.55518620624
42625800,42576.74853864257
46359001,50809.88100415673
43685603,73733.66970946552
49868002,20267.48620462904
41246602,27745.986162674395
45065402,83882.14225816337
41699600,73548.30249065912
49101401,72936.83893248689
48844601,108869.7741357373
47863800,62667.892157753595
41042203,25760.847220507607
42148400,100340.33620062876
41837603,39283.69443356831
47638000,41816.636267803246
48681202,47266.47090024415
42716600,93579.80759361314
46160601,32166.988589131302
47351600,17692.674586448848
45640201,84476.45500608895
46380601,76466.98073242199
42258802,75260.59446943243
48906601,26448.46087689299
43794600,48577.016692207864
44934002,37277.61442512408
49126802,39167.46420428873
46778200,58774.178854018246
45391203,27945.660308892788
41364203,27529.092037020477
44970200,90164.66462008227
45937202,103953.20907151198
48152002,37511.511485602125
49578402,40056.04578471309
48441202,41557.60645301446
49887400,34778.85231690074
41299402,13318.203673507072
45161200,48069.04330864946
43690203,50627.97302153105
49191202,98400.92854492922
45691601,88021.22455360708
49687602,65473.28187868561
41233602,47057.10424902277
47040601,45299.23930893111
43809202,76444.18119778106
49700801,92650.11318885247
48624002,79115.16191968121
43155002,91756.48042703267
45418403,100441.87364929987
46608601,77441.26909146542
48337200,15206.934922407057
48508200,101160.11438239898
48686200,76705.56918176665
44421801,39576.53635360887
43174000,85974.25729469425
41870003,32485.305817861503
41808200,72879.03208343282
43905603,116152.11459572508
49822401,38063.43078161332
44486802,90391.02872966442
47576202,32758.254304477166
45532801,14793.482148040443
42150402,16250.744425970923
41358802,19265.650992396528
46837401,63584.04208455706
44163801,59157.78467001569
42039402,39280.02582090972
47694400,56683.08690512856
45902602,27221.48831785789
41297600,27710.64057337081
43843800,58484.699604842404
46876601,63728.2907423814
47910601,49933.883574432395
43277403,34457.08142380001
43368403,57492.6184996065
42474403,43930.761390100815
42311602,35916.12829905056
45014802,52212.43807390319
44810800,67926.86952953355
44641001,39379.367257361395
48335401,69897.73917063742
48340201,32857.868622194714
49678802,39312.90749605777
46705200,32043.515907573237
42725600,61699.82501480723
49792601,83457.04605910927
47592400,93621.18651877783
44487600,47505.47466563119
49177402,117748.08467162785
46009400,32746.476324642215
41181402,43667.472542153366
48683202,40318.58502861626
46375602,42445.99616272007
46068601,71712.0716487765
45544400,63764.136520315275
42472003,45835.04685941749
45300202,83850.3078145821
49968201,53326.257789422234
42770602,101000.2657188451
42677003,37878.740794121586
45110801,55111.29213184128
44525203,44405.37162859813
44760001,64182.90012023076
41026803,88263.57305066974
45221802,36551.6460993216
45841403,72526.71314982005
47533402,78486.86847468789
41482403,56191.40987711742
41572602,41782.4089863021
45194001,73460.07182046532
44493001,34528.44508522866
42283603,41330.250180229894
44985600,47740.075916823625
41555600,45051.00125094516
49748602,58288.34287450958
40808602,24642.492974826942
47299200,30670.731086852295
46759002,18572.869811106633
45064802,47344.69866721175
44633401,66363.84518487226
46587601,61676.01515376542
45212200,35774.077171884244
47417402,87841.98529917306
45370002,38006.08725519294
46383200,31473.5536302338
44172800,45058.37621065151
48063601,31311.0789772673
43155800,47285.92728482776
46678400,80131.28211486014
45310003,32262.851445063876
49758402,24960.818420831678
47760401,113605.10733140237
43623803,47994.931957625726
41812600,37374.74811815983
41349000,20006.91537296334
47207402,90312.46114505781
44260801,37363.34082286594
46104002,48422.1721242977
44085400,40191.32413398105
43687003,33846.317291724685
41254203,25274.449204302648
41893402,52651.85322509184
45875000,33642.58034913136
49930002,70456.44900847186
44470203,55518.250708371634
47856801,29837.235255686457
49544201,53858.86581165861
47735402,50619.63860933952
43045602,25306.51579874058
47723202,48822.661803967036
46479000,49210.555315314385
41319403,28491.68998684796
42079202,34124.84229892737
46612401,37277.62044469487
40882002,51999.81674876407
45357800,25860.01990340317
48979200,34464.1396106583
48576202,58797.46108224282
45392801,49058.131601011155
45167402,34979.58268770781
44009402,78356.64313077847
45091001,42374.53342107691
43857003,54884.39911550266
45537400,37787.258853183666
45391401,31745.327067394253
42518800,68320.7772878712
42461003,50840.359242707695
41569800,21939.630981872386
49635800,46433.483796684326
44454601,48752.33857239394
46960002,59034.98341104976
46310001,86084.53373164439
49482201,65091.9271816368
47624802,70075.11824020624
44110200,26833.66182370205
48193402,53094.42213258198
42640400,75671.52923041834
45055203,44775.188880451045
47571202,19868.661910538598
44579400,17610.350687364553
44156003,51127.30477221811
41969202,35260.22631032434
44387602,60128.52978198045
44047801,36297.87543047893
41531800,34251.48330172206
46956801,35295.79046520768
46590202,82096.59927161896
44324003,53400.2255826981
45580202,23720.002987297066
42824802,71495.14173164428
43794803,45719.15251543921
41535603,86362.16933330071
49870400,81103.25837235627
46194600,48722.11114813702
43064203,30076.935839342623
44664003,19693.78696031226
45638200,36560.77837632105
46517601,17734.12779170379
42242802,59716.845626345
41088602,25473.57033531988
47475802,55221.898601160116
49411802,88699.83012036706
44937600,56730.32522879211
48618600,52364.22182872146
49328200,50547.153609143395
47712201,67934.90699913616
49895602,22303.177096369585
48614600,47319.91121113521
49023802,22664.86230710127
48824402,26082.888610722675
45195401,51608.930951976894
42418603,70518.96567206507
46910000,89886.45343576276
45645600,77572.37944884726
46398000,64184.86542557936
49327600,61187.382107025456
42102600,28836.089022285127
41037002,47223.269322011576
47031002,60126.60836577359
45849000,70934.14570272567
45590000,52373.313780095574
46747200,36036.51002826033
48489200,18184.409915839777
41494402,28642.90133114881
42600003,125965.70371784817
45055603,41372.60891199198
44120402,36062.02809115572
49006202,61557.08977455356
46279600,54878.51773010987
46998600,36236.944002504715
46408802,33418.055327362374
48466601,27321.823061078267
43103600,34960.75154321606
49378201,30027.828295155596
48688201,44225.08797913004
43194403,55642.48842405152
40896202,42413.706112945634
45622601,65350.08805432552
42733402,49123.63395354421
41047003,45637.378761600805
48169202,52620.281977926235
45087801,25875.55869519197
45026400,78248.75929596671
41794802,39819.52744071305
47776002,56935.5945668199
43549403,64750.30598360303
42629803,61947.303693446156
43863400,25226.588626214423
41696803,37624.9646720417
49211402,52504.476165968554
48518602,41142.591425957806
45937201,71521.46359422602
47781800,92148.63297576929
45804800,29198.866117767513
43414402,32280.291576200012
42640000,48623.1352999389
43173800,44112.49052353456
49629002,53370.05205642166
44551403,32897.1282330378
48318402,28496.430892066783
43878201,82027.2712334982
44556600,29014.734431767945
46425202,106259.04345024194
49361400,28543.262985655936
41693402,22842.82211793505
47485401,49757.89559189243
44864403,48980.53733025211
43614603,66334.63161568464
41124403,49437.66642220399
41997200,25202.18660075916
44877001,45263.94139111745
43082803,71553.13765437194
44517602,75575.15135150691
47463000,52382.233464074525
43468200,24924.11552119514
43307202,52281.52627070176
42979800,58688.85365710854
42537202,47614.50021298874
48433600,85107.2231922311
40826800,37590.03621338171
49024802,62571.22704676482
47218801,90655.34474504352
47893200,63622.73692498222
42403203,31809.46782790297
44559203,43087.51231675255
45123201,48564.17282350293
42848802,28014.34557631356
45623802,59427.97955159284
46835002,28635.174428156683
41792000,91430.7077422135
44115803,75818.45016978231
49642001,35085.19060091311
47577802,72348.14463871019
40861003,27176.87605016051
44910203,27506.24245709472
41374802,30332.080285582277
43115200,58744.50912744098
45996002,47167.93185609807
49107402,68689.58334960333
47896602,91113.24172708263
44918203,41771.30031934446
43639002,74745.87556776156
44881201,8841.958550839518
45651003,75427.4339178103
41306003,11605.114460066296
41239202,26527.07151526463
41477000,82640.76180938055
41049200,117420.27169568816
40972800,42787.50688486036
46349801,67849.52890213084
43566000,44495.56148248331
43940002,80058.35224784489
46069600,27497.180922671185
45773202,29731.073544581996
45704003,57124.79897962268
49030201,68670.84365375196
44448000,56983.898098042555
45175202,70983.73871001652
46579800,64734.57816959458
49540802,33610.48892999561
43596602,57856.92104157187
47077801,81643.53084287967
41936400,83762.95028879386
45906801,54350.16766858561
45637401,46457.536070041766
48078800,49049.87452478271
43990403,35584.01082402008
43658000,13568.616419232152
42612803,18270.365572713647
48829802,75764.00311274543
45499801,35333.822745602985
47257200,35840.806396115746
43183400,38789.1767645809
46935001,49156.4217934902
44863602,52905.79611436544
44012603,68582.25577358366
47820002,19403.962036111978
44158800,66486.2757392461
44428403,23974.1722506074
44118003,39042.76278607889
49289201,41617.5616219077
45666003,55823.85950930562
44387402,64579.80989169812
44451200,67280.61856105775
46364600,66458.7193085656
49859602,72244.41421071847
41599802,53921.96889392567
45298403,48086.87892638463
45862200,37047.555967827284
48155402,36970.89603543927
44002002,19316.819882853255
49489601,38451.534670168956
47488201,55661.661588671544
41086400,64647.3377531043
42778000,85916.44940077321
44032800,61754.54724306666
42665803,38770.93367590004
44151003,24533.035965753632
48032602,32541.227460675167
45456201,56623.06573481899
40854603,56236.21641605675
45686603,21777.012058930533
41114003,106580.7216467529
48047400,79584.68722572459
42967200,60848.638441027186
42307600,15533.130688107376
46638800,52216.29832353962
49529202,78424.14263985136
46047401,97487.36173763861
43668400,16444.770448501848
42751003,108694.93256406437
43027802,15672.511180086309
47694402,44625.89437422354
49683000,74554.08529974174
45624801,27663.2297108342
48234802,40089.45144535154
44581202,37919.84601880443
44632403,62993.072564136564
41761402,85164.50836889219
42645602,31540.593148653217
42139403,107428.77904881877
47809400,61782.27212816126
49166002,59859.37229799546
45502003,16040.431849192613
45541003,65709.06938932402
43180603,64055.65394720764
47457000,67869.69469102303
48650000,44145.12155167688
43366803,39776.081568930094
41897802,12426.60205952928
42237203,44903.90616860872
41338802,23970.984769936367
43742403,35313.50302410067
49732001,63540.23519514722
42894002,32949.307790312545
41624000,35020.1423160605
42797403,66048.51989445565
46371201,54538.02872748889
47227601,14451.433216904043
41984403,40525.60295131665
45069601,40915.60955760098
46166001,53341.89418582851
44382003,39295.694929171965
45100001,48385.175260075084
42122200,65516.954675799054
47134800,65324.14903441824
43796600,39391.454109601
41979602,18369.619385041944
45669802,50828.20536659919
46474801,97004.49142785402
44849800,63574.00281010584
47021801,47075.89197880765
45207800,59179.37955801902
44950003,33738.668774093836
46935600,40540.52009117602
45439603,20720.63207134046
41702400,31747.104502085967
48029001,67203.21408265852
46945001,27712.511826720292
48616602,79784.56182473205
46189801,89612.1689415738
43558802,37786.74128307687
44725800,64826.16909556066
46633000,54656.54460527518
44454200,45378.47718727777
41045403,93295.78577893681
45423401,38953.12174714789
44107203,63766.02810950052
43124202,50200.611711690864
43627803,64986.01486020046
42616603,25849.83505995308
47923001,51429.41647435023
49302801,49343.48087250493
48277801,32616.859378227167
45317000,68406.61818409304
47167201,36209.33768191943
46333802,97047.26594515421
41849000,22161.71455848085
45199003,45488.89820173271
47347600,29842.61104180524
47869600,50109.18020933872
42538403,51353.528909609166
42337800,22943.862814646858
44988202,40207.402470165835
49336001,46159.41837316584
46003002,58895.143895689514
43848000,48633.42492908181
49907200,77476.31291368231
42223003,47668.05923803668
41303003,18232.154898643632
47291400,32936.84052677066
43935002,121589.60591672774
43882003,17427.787296148097
45915800,70859.44944561904
41726200,50029.02452714174
43002200,40943.75229525778
41237803,36750.61700569998
48938601,20732.77919309693
43167202,48115.44729974331
44102001,83401.10983637719
45774002,63297.81477461198
42634203,96487.27891070471
43797800,40960.31404305298
45697601,31887.532298111582
44556403,43672.494573805496
46707601,67354.77585809283
45259602,65409.51488682754
42338603,60403.655533362704
48546602,26308.48051659477
43377002,65983.67494215982
45384001,54489.00534080271
43234002,42672.55969281458
42969400,59133.36825952935
41119802,48391.56110780422
47232602,91316.21463064192
43815602,39919.89741279148
48071801,43883.889932625185
44303002,33520.55413376009
43364603,40894.625993161746
48634801,59175.55880958431
48898402,26664.35188514946
41255003,33766.09701858599
49355601,68110.61867013294
43757600,46119.514951867204
43570802,87295.71088786013
41377002,44525.95506565436
41571203,59771.6610110389
46665802,60763.21468186102
46955601,41400.35286687296
47873200,55285.14803317054
42752002,18349.120671791316
45309800,40033.24819697092
47872402,29954.61740040318
48097801,36070.939167823875
41129603,38442.7674610777
47776801,84487.74808587774
43133600,49048.63434081794
43306002,71596.81620709828
49005001,89244.16846815939
44438603,41464.5052328197
43767200,43432.82917885395
45711603,40397.25126301694
43914201,48932.719383512995
41307403,18661.186397050493
42963203,42806.0231911282
47371001,52037.140545095055
43950603,61047.15173283791
43868002,38129.06820935181
46090601,72565.58541542193
47713001,52782.85872242041
49064001,45039.50883124371
47629800,56267.404932359364
44254803,60622.25579289743
47700800,49677.03900065028
41051600,51757.91429438516
45170401,35773.91981797069
43815603,101025.39451096719
45489800,47118.3055240295
42759203,61719.70637817341
44681400,58483.88826747876
47847202,49375.64759799604
44020603,33658.51681339265
43588800,23226.901128207843
48858000,48387.42798909931
48521000,90017.83623664119
45483201,39907.5788907896
42566602,54482.770363670505
44942600,58945.99974357711
41389803,30321.311620624183
48888402,48933.3851051143
43387803,47350.69783068253
41702800,66382.8995603337
49288800,99186.87921161742
44353400,97663.04633877223
46670400,81473.19958548009
43262003,47849.99643707006
45459801,25932.69055548342
41649602,31024.03393448364
42861602,22064.397813836575
44201402,25917.137971414464
44976202,50031.147295588016
44583802,27087.389709932715
41526602,29771.164805556982
45674202,44032.90789715092
47844601,44695.96715764644
48283602,45904.04905575278
41582003,30658.58429156892
43552200,92549.03200511544
46297600,18886.73876948274
47128000,82633.78685683905
44404801,40543.680369683476
44532602,93888.59612173543
41950403,76521.09453553133
46937401,29155.970538219855
47243201,40401.01985642257
44689201,28146.57144684568
45191400,22967.844925697318
43788600,29210.833404185123
44050200,32685.956833601216
41364802,47770.24865518908
48650400,43402.463865733145
49700601,33749.29498436749
45449802,21328.69599989185
49700802,75263.3825917358
45103601,55163.83181503612
41890402,9923.44879770893
48916200,79871.23043609678
46717202,71164.66689614563
41830402,19784.97649030746
43544800,36403.89970955109
41571400,40736.63628526901
47788601,35760.68860798307
46588802,43022.341332359036
42732203,29388.34675104991
45951000,28147.327936397192
49759001,40532.524561395374
46342601,71002.61285337112
44016003,56082.78241289717
45074403,80304.3231006659
45721000,59285.77959352815
43059200,37507.18979987879
49245600,48998.386112737855
49622600,63650.86659511863
41013800,39983.67306681096
44488200,60853.93261753542
40916002,58344.36889036323
43552003,57518.789465703776
46175401,109914.71171298569
45523800,64894.51661330528
41230803,31851.234767009068
47788402,109546.11751933399
43028602,68266.46114523402
41934800,94090.32462593244
43728400,27454.822747028975
45750602,51121.15488402986
43189002,65541.30131073258
44257003,45253.6671097394
44873800,42577.58666350538
47792402,45906.00007113575
42081200,34643.732898007474
45610201,27336.227098690346
48613201,18630.799583882734
41902200,85180.85079421978
45898402,24734.806648127756
47678201,63994.651082005315
45386001,85238.84963244665
47315202,31779.402679955267
47793802,40783.64681179037
44787201,41876.237466718274
46001000,25667.587835327307
44891403,64509.6760614832
49242000,27473.92636111034
45491601,61360.650153419774
44536402,31477.355056179265
46192800,22376.364945523826
46076600,36772.65140019479
47478201,57708.315342989205
47003200,88576.8261082111
45525803,21625.315192509992
47914201,68866.01213937896
46444602,46475.88565965822
41370803,35658.11725100474
41612203,46725.17116794787
47256201,38208.10365690578
42946400,95068.9868648716
42543403,92174.17669153628
46947801,61715.689969831205
43723600,54184.39357572301
47730400,75197.57053427523
41942203,52460.012524190206
46043601,77070.51636071489
47740802,31745.651561023027
44281601,47972.33967680582
46436401,56003.693398664116
44333603,88541.418169752
43881601,25105.41324569886
44437403,41751.24023456611
46146801,25905.304405369745
46118402,34838.80176050673
45227601,75088.54101213293
44765002,60917.27532362181
44985002,81268.24393751062
43755402,64588.885041308604
46351002,76759.44399032244
41719003,55677.54254403526
44843401,94179.85010211972
42984403,51519.820505710784
41338803,23970.984769936367
48631401,53225.89653875712
45850202,64856.20867864526
48233000,45625.90091026184
47281601,34887.26515953794
42857800,38120.952799650935
44821802,80716.2944049897
49568602,21169.50711731009
47692801,36143.304333705084
40970003,43490.4653366432
44529403,68471.04614551537
46328402,30955.883139284313
48830801,70648.66978477708
47030002,55854.03540658515
43531200,68363.3341908684
48441002,56045.561216886286
45051402,33588.06336125246
47214002,37461.523439771365
46721401,65707.29597050251
47590601,64341.59388761587
49110201,63502.40671944922
45191600,52890.277475663235
42311003,76116.52388764216
48410402,30272.821372789454
49721602,17599.95622144939
44830402,61386.2926234543
44511203,79577.34896029496
43474203,41112.66329314612
46708802,26575.272570861365
43565802,108307.74902423032
46639600,47059.25159969549
43086600,32358.9208465816
44237002,26510.823453164827
43899603,58578.43432558428
42313200,110676.34614380714
44390002,44308.91738787471
41947203,31887.9889287295
45537001,66926.09610686143
47986800,60577.071327726255
42151602,37434.18656621826
47461602,101156.83766598262
43629000,19531.944651049114
41864803,24127.28858507407
40994802,25682.833463967312
46185200,44174.453906196984
46018401,78471.22370350742
46275002,63330.11028058993
49356200,63043.34368234152
47171800,48140.03949126716
44173403,31642.52202749958
45589201,105727.42362789829
47746802,58547.88604162174
48318000,37351.58424104772
47193402,40107.15724313593
40905203,78570.2245144877
42847000,26461.23934912545
48523002,36181.43169729591
44984202,42323.35071969177
48870002,57708.73424856839
49859600,72553.44722167001
48954401,35781.649247792135
49841602,39894.60851544532
48303000,39320.72202832032
47551402,35868.669088315946
48864002,53066.72518096131
42895800,55150.3067540567
41508600,71829.92239456752
42904003,39782.63221912414
49292402,39598.131099964965
46595601,36158.25046671861
42601602,82065.93799019125
46535400,28705.324048455008
46482800,77495.4059933686
43689203,34392.6020742642
47840801,19632.33952328974
41443003,43866.9289880366
44611202,46387.63272351329
46081202,43827.704885145926
47336001,53525.743625083785
46434401,30190.739719721296
46090602,52159.224893303195
44596602,23301.261116493264
49026402,25869.293756140032
44895000,69902.9961245433
42863600,36533.56059676172
45139601,102860.88273217218
41644200,35530.78599829762
49632800,34037.04481242086
45147801,28276.941921869875
43666203,19296.616208994124
41678602,39615.82935461303
41959203,29551.13125654636
45332800,33284.359715252554
41957400,48744.191022072315
45274203,42043.75407542923
48591800,63753.62547568733
47995400,66176.57005381348
45730000,45363.22095627455
46776600,29659.670748106502
47477400,90843.4858597473
44062202,18948.033387905016
44205201,49798.1809312578
47105600,84810.18990494608
45932201,28124.856201583807
48486002,88769.57715542678
45792602,81480.24501966016
49428601,22296.344254883075
43334802,35660.28157578844
44739800,53450.565423978056
44305803,32226.856058592304
49148602,49827.24425528573
44257401,54247.782242940215
47331601,64625.477389860855
44221001,58877.97524915367
43580403,40717.82146860915
42567203,23253.267945292864
46673802,87830.95775013595
43669003,26107.529077271014
41640403,40245.54430862963
40858003,55316.79418618128
40833200,68476.2623097947
49350600,90638.22507938405
45076203,72235.6242921401
47147801,36599.82544206518
47269800,44032.015631557726
45713602,114839.51561772419
44483400,66072.30473865895
44973003,59577.018389548626
44335802,39570.1828397003
46049200,94130.99217030563
48743402,36018.556535922464
41911002,67626.80402338835
42655203,42587.09714690373
41698802,28646.48185582451
41179602,76180.3739488763
49112002,22986.469790286832
40889600,71448.92551534121
41941403,28761.024544212254
49778401,54530.60073331567
46563400,46618.30705475454
41305600,31052.848082994344
40809203,51843.239044602604
42953800,43275.91376224405
45062203,25757.285950938563
42170400,25085.92952594934
47695002,24791.462148235863
45263201,45421.59554401484
41316600,20522.781689106618
45152000,60746.69259985232
41930203,42820.5576363246
44453201,58219.10747847716
46457000,28329.874483366202
41211603,26522.039208981878
44117801,26143.18421226419
42193603,78468.53591121081
47616800,39997.06259448052
46831201,74453.67557750028
44229000,61169.66927397784
46952000,86168.15258746728
49832002,26942.555928102767
43374000,56832.5528181661
47271402,45249.753772416094
47287201,33962.57766085028
44194200,37511.10268588168
49352202,101262.75152464538
49658200,76384.04898588355
49874001,75208.77352176362
47261401,62309.90271076497
49247800,96185.69105696637
44717802,32316.384725416458
41318600,20451.503735259925
47622401,35012.85343355198
43886402,51523.83910023716
44601200,36928.820394073686
45967202,46148.98460801038
42305200,53847.399233776065
43624002,56666.66381413952
46696800,37588.88180095531
46710001,33834.75366584816
48808601,72626.56845048247
43168002,41377.81103684723
49572801,61443.57635120013
47478200,58295.58766904716
44228801,41659.35985389668
47710002,45280.266984486356
41161803,31613.57718158813
47392202,85130.3957563478
45660801,36654.130422644026
43410802,33534.690894043495
47747402,44998.86398584199
43953800,33617.36834677284
45316802,77218.82028768946
43797203,18215.097131269336
46217800,71681.83073340659
42874802,68248.20101227639
48138402,64389.47081764261
48860401,22472.949699428085
46579401,47543.960855004225
41167600,52838.226053880884
41496000,36374.884382703334
48382201,57026.54578663457
49719802,63749.54054772882
42477000,53252.61434154196
49001801,36172.04825969252
45316203,72029.84308023311
47329402,34150.695666220665
48974202,31699.198416695188
45214803,56427.47177099865
42281000,32844.05552577056
48551600,25988.682103739266
44301403,77109.28402147589
46961601,75026.44097281047
43102600,77447.84093524914
46842001,59833.730983176734
44246601,45373.31097034752
48975202,39989.68914651909
43576203,94799.95668568878
46116801,55141.4880110543
41986202,23659.327331628636
43969601,28542.26683618451
45833600,32380.617843368942
42243800,28679.00295351968
47493201,50313.39301291491
41136600,52216.195925007094
49303000,22926.940341290327
47860000,58574.454259847334
45524401,76106.4552120451
44205202,48088.62179805717
43200200,52467.78477685463
45107803,74038.89164710781
46616200,34424.67476354208
46271400,74475.20461781499
43276602,55520.7748159539
47080401,45606.51961791003
43996600,94809.14991193886
47629200,45275.62646426176
44713800,22554.71817107527
47541202,66753.87349194832
46689000,50036.35991511883
48528001,61505.94916134293
49703000,82357.99057189238
47320201,40967.96430075242
44661002,53322.16109957553
42260803,38805.250205617005
44285400,36978.66603352845
45552200,45817.50839928174
48113601,35567.949810529004
46440000,53618.85342898214
47391402,39446.09757333548
48909602,23808.452031181703
46614201,51992.29544700954
41613400,71794.17594359866
47195801,51834.744266298374
43419802,47080.25411610817
45366801,69154.32583211965
45837402,28872.279770381552
42093603,79815.60374220868
46844000,41105.3817910829
46930201,56140.78645588005
41232203,30023.243051116115
45665403,66547.041240907
46121200,103431.74115490787
44134000,35894.2705652495
41752002,57861.01236960523
45566800,35805.33024088539
47679000,59104.82750145941
42837603,5804.794044937786
42651002,43139.47863021652
42377003,57312.30104891395
47124002,33026.65288133148
44209800,39234.47835469258
42435800,51711.685592266
42442003,35601.318045996064
47643400,20308.954837839374
41139802,32334.678105700208
47152602,39883.04514006998
45818801,49338.85287121412
48385201,65055.60560618393
42436200,45639.12150459416
41630400,20484.07651689709
44412600,79310.7626854953
47808402,17906.018101452053
42945400,37077.42242802303
49036000,23250.748588492588
44446003,38949.66851840913
42147800,82835.895857423
42920202,39779.07694193818
47335402,31743.226217535615
49340202,57485.569343911106
48141400,90133.87351561166
48386402,70028.79101293893
47733200,43251.55421036725
41111800,55445.20630568367
46712601,26225.487387356166
41283200,20558.687781712353
40965203,95198.58483430377
45592603,35939.8385466331
44472400,58521.2529928926
42460202,98899.39400614362
45503403,88498.26939866581
41027402,61901.85661763064
47870802,104672.01689796973
44911601,44654.1977063924
47802601,23613.179159390424
44827403,31296.083710859595
41106400,52368.576188532665
46358201,32406.50796427981
46331600,46413.74645790579
48587601,83878.33425351563
43900401,52567.049134560475
49454001,48706.57612745612
44308400,21073.51481812744
44570600,53107.185970329374
44588400,120795.01487363176
44703603,39312.48364898011
41782002,23304.08417769867
41183600,45380.489727200824
45092002,38567.436230763014
44719002,54229.64680934676
44488402,32258.14421156871
42072403,59456.33660681691
49540000,52121.34547886561
42441202,60419.34820253532
49462601,26174.76428433815
49858400,42279.51462235576
45056601,75812.10051991895
46759801,18563.794918451833
44020002,42716.573308796804
47514000,21203.01473303321
47716800,26725.164374814816
47793600,72655.48580967652
49196002,99899.81390676796
48163601,32538.807406236192
44198800,75646.07603963147
43641802,33506.03920117647
44423401,25555.891258090058
45500401,66955.30046726034
41882603,31486.833046743264
47376602,53010.632641171316
49751201,29885.55851607873
46073802,54905.908758797836
41781002,12388.058267891975
43566603,20288.808500978615
42821802,21325.82688199326
43334403,113660.4655827003
47553802,61812.008175054136
48860001,26258.52762689996
49911800,47424.41948106658
44745202,69280.89938123117
43216400,35959.04215833684
49418601,59842.60123618517
47226402,50600.18962934133
43339202,106261.74044754973
49119400,43083.67573437815
48490801,32340.63957841035
46703401,36597.75343715914
45538202,37300.08547338273
43219603,53187.66026008711
47900400,45164.291691755905
44576203,32738.082347986245
41085403,83482.02192244779
41727600,58818.91844559184
40857000,102894.86109392294
47685201,30133.818194616677
48969402,46953.63947566351
42030402,49686.657344877975
43398003,75982.03479737719
48313002,76494.78725181232
41521202,58920.08898907954
45926001,31411.362932514254
48880002,60817.16851383255
45114402,61988.5019317139
44981401,42077.16304400267
41240003,33081.578491971406
48209401,45373.28018029863
43982002,47363.44031483866
48804202,28374.033047050558
42172603,30548.86753088946
45345002,76829.62236113465
45974600,29589.95664851706
44736800,89250.81757105
43921402,51121.282525692244
45767601,40372.75117409042
45187603,20010.802192834683
45779400,53514.890971501794
48975401,74920.91916549794
47030400,53800.22772887588
40996203,65333.513111347325
45509001,38540.63465449556
41321802,16494.412871569824
41463402,26508.300027603873
44623800,26507.45316518011
47985201,85656.73041794231
46521401,35694.382848795496
42002002,54511.51902566894
46931002,33461.59288914624
43740400,51436.03097906029
47831600,72483.08268728461
41494003,32605.751037284448
49020200,29827.699486836045
43698000,49134.234103088675
40886000,40873.3172727286
45184202,21403.36412393816
48805000,67747.1452649757
46484001,45329.28301180257
45480400,74687.21203119303
45935801,44857.91371138998
42292402,97572.4518323536
48432002,81379.88683209434
44572400,126374.01183270421
49461001,49269.23101833716
47753400,67068.68546471625
41243200,23848.031157132384
44984601,51368.07124426681
41730002,40645.14676238262
42838400,18888.106539602042
44404803,102808.90682780271
47843600,58162.76048580607
49284601,48693.03516609314
45128400,29076.904469944224
47600202,79659.84605949339
42367603,35211.43635337148
45907200,78936.25280505125
41683003,22294.23053383192
44481003,53801.9537657989
42979202,44497.561442768565
44721001,38580.94649728482
47711202,34868.55342379193
45399002,88863.7456866311
44043600,17552.70383287451
43432403,33373.63502898783
41206003,53100.68814948734
47870402,64026.912985035044
42034402,61316.41116902524
48096200,87346.16352509937
43862802,54614.3514148988
45846003,81918.46667746558
48809202,21483.994682983262
48337001,58634.735932672105
41009403,36288.34408818169
42204600,33264.796423091466
44832400,88647.77885918005
49659802,34357.179689979916
42538803,47016.73610408903
43812403,28790.915298208834
44566603,25780.84543938823
45233603,68154.79671563262
42051202,61648.727308384834
47520001,79363.54315146859
41992402,18277.47583718101
41769802,48033.965950834936
41105402,76717.83074072622
42077800,27632.992525584294
48454002,38209.44445966857
49665601,34785.422374170244
49094002,63300.23387227589
45745801,54350.858251956706
44302800,26039.354370937563
43520000,30426.617874240023
47577602,24227.04842642109
46127800,28480.17836215873
47981602,25825.15549356466
41822200,31020.79973932162
49411400,49984.18631312599
48519201,37626.704803199595
47758402,46444.7990708738
46702200,28197.97003437799
44927801,96452.41130951201
42080403,83974.09311994791
43053603,58193.399471385346
46712401,55619.13485514948
48362600,34580.754507356134
43181002,38766.77042494928
43500402,63322.071048177066
44300801,33653.683316240495
42263603,107636.89802301524
41225002,44940.477168168385
42810802,48022.73589505261
49837602,59472.73912860995
48763802,71303.81583201917
45649403,29775.678493186406
41287002,26655.55385658941
44922000,107604.5989487677
44901800,29194.409667692144
47845001,56189.60383424489
47014402,53832.81340958148
45662003,27737.029267808022
46266601,72476.9911996054
43468803,40962.704171724334
46529601,78246.36728913688
45092602,42855.71094938643
40915803,21488.59351410792
42447402,26450.312028070235
49776002,16723.315608762754
46480401,67750.87231744565
45364402,83890.53022266863
46071602,43930.3171493307
44267800,37814.50126383451
41239602,21829.297729054742
46337600,58991.06078322844
47834600,20730.269246475655
48584802,56686.47768051778
47951200,45658.65067670531
40875400,33834.15645776549
49528400,34784.26879177701
41995403,28768.477091958164
45926600,32984.0289119694
43138602,60103.12018501894
44561000,20919.76726395991
45440400,32652.524552850562
41717200,74339.9759218951
43371403,55937.02471905624
44248803,34680.87719975393
41200603,36613.09630483687
44984600,56952.80420247968
47183200,53175.71070957152
46987601,48480.21966618116
42740000,24741.16189885996
48562800,46131.063529877334
41766202,25569.02423921301
42362200,88635.65435545935
40854202,90216.5522834514
48156001,83434.6552873684
47383802,45891.12989734841
42301802,17153.581495891995
46828202,36877.40549840736
47323602,48154.0877508648
49711202,46204.47698407182
44607400,73771.66928897236
48124000,28764.147038180367
48991602,36050.07006558521
45458201,45088.52936734297
45553803,24908.999244657134
46056801,87228.63986012811
41266003,21789.446842322235
45925600,35887.48487414035
41759802,81534.13989404295
41660400,30536.52559869244
48553401,51336.706558690064
42149802,39186.35940190815
45217802,66089.08731670011
44749600,86748.01407811674
41114800,73824.1995695369
44184801,53929.82940657749
47254401,43706.94751116093
42234000,56475.69866065611
41570800,56665.81395595025
45537203,43956.00190690557
45219003,51345.43527457771
44867000,66030.93585653778
45563602,53740.27561389495
48219600,71325.35879870628
46204001,31853.284303045224
47813400,52123.96790901486
41830202,43585.94351932012
46488402,58875.634889021574
40862800,66175.18714666158
41827403,11542.56549591168
45350601,46356.05545476424
45822603,48989.11429916338
49344600,46609.6044056712
43640800,65949.83581977394
42489403,91141.53572739272
48392801,46372.023449045126
46312002,51065.89501460508
44239600,64980.52566868108
45857801,37067.27288067994
43612400,11199.039831302296
48962802,62394.6018145352
41219803,29179.754236277142
41893802,41029.89265897089
45416202,80213.48118790887
48076801,66773.41747285897
44166200,70486.458835445
41187403,52001.79140190224
42453203,52969.97965045062
44330200,69766.65084365782
42798003,31723.92725655008
41195603,41950.93615908074
44926202,57776.72306638508
44564400,36684.72765978411
49228001,54375.95207656386
47054002,32369.181623987526
44643000,44421.544694404634
41590402,61141.120593787826
44733602,95178.15280568422
48121400,78814.03117415348
46524402,67921.00980912943
46155401,91479.30093135645
43796803,75172.92799633722
44617400,23959.496591956555
47424802,48392.25929170959
41635600,6818.10795974885
41100602,29523.09393376863
43775602,43855.475047619926
47778200,25811.500587275383
46926201,52357.6527157324
46578001,17561.413936165187
45428801,68673.17919729001
41075803,57483.55899117072
41496600,60835.69322208743
40893803,64055.19796689767
41554603,54048.45368996857
42114002,86383.52194493901
42473403,29610.257347330633
41664802,26713.483697936816
46354800,56370.49623629609
43269002,44334.648148416396
48760201,31562.015786195323
47982602,54596.43931593584
47237002,64536.44859925602
46237002,63752.778393524946
46568002,59192.604939763216
45047802,73929.1585208156
42985402,80758.50263380355
44746200,68158.69834231614
49720001,35173.51264150534
48229200,59263.17249410256
45134002,44334.46076438874
41723600,87724.21972793477
47014000,69731.13800226855
48006402,39651.614816853995
46170600,66491.52537589768
41985400,18591.902543242417
43602003,44187.672079262105
49745600,71818.06847311456
42527200,73793.76561543459
44467203,53189.51506190213
46750801,44401.84933055503
44037202,37595.110544582036
49314600,41407.38923830851
43225003,47197.43116294727
45068601,56957.715394551546
44446001,34644.661653712086
44903403,79222.51004441196
43600002,45632.501426784904
42292202,40432.953927022776
44378403,63097.97753679272
47526000,56820.4486869442
42488400,60815.00860663617
49736202,98919.65121404827
44547203,84396.37895267963
42346803,56095.56304384456
44732203,35312.47414116621
42276003,38104.90412542342
45365202,75869.22413686346
45767002,73538.48376946183
44313803,62509.53733464534
45143401,73439.51738291181
47297001,56664.680114826275
41013202,100553.24263118938
48592600,84809.530534267
45884800,59507.164786615715
45533003,57600.59602059766
49333402,36362.84732759987
48498200,14391.687184502043
44452600,71415.30772041483
47223400,109837.13081382253
43974402,38273.831580400234
43023600,48364.61105596794
44490200,48676.781934296865
44636603,50410.35308155075
48774600,60009.125220007765
41370200,34072.968089083304
48871801,43919.88063194223
42982603,123553.79507568802
42261600,26928.12766092387
47882000,46019.966064521606
43864202,53771.17065429476
47178001,10959.95403688962
46458800,65585.98408898179
40946602,59894.43329202317
47226801,48344.37095246383
45634202,84991.45013577939
41442600,106571.56108628976
46633401,57094.1992283915
45604203,42091.440890767175
45509602,72253.22666045456
41923202,45400.57001842367
46911402,59795.94884165028
48619201,55129.52221978014
43730000,19174.920878157132
49882601,25980.763563505294
48676602,74090.67474548394
47347402,40155.170731324266
46088401,9755.105232050555
46739000,86690.58758114633
49534202,69140.2178552938
47457201,40543.64080056996
41434200,115118.90633537067
46762001,58480.40050246001
44482402,111759.12101262974
42666800,34014.20988096004
47741200,30467.92064993557
49728200,52334.521897987725
43020800,75208.57356707443
43685402,18141.075116254742
46781402,38217.14779673047
45477801,71128.75685561687
45756003,51513.8630314104
43036402,48061.81324029074
45236803,79113.13978912844
49522202,43846.88777313733
47337002,94760.44740079797
43498202,15952.879177516963
44456202,83943.30415638557
44439600,63262.21388345875
43492400,34949.10303622678
48611802,32417.07089772717
49587602,46327.263618465186
45410203,34863.37690842537
45242401,89936.14191460087
43082000,23546.297654170066
45618602,67966.21458894409
46068001,44639.39993094591
42268402,59715.227861567095
41883000,47191.172670261905
48739001,55927.66265304811
48738400,44532.9639119782
41813203,32268.65969426278
44690003,94286.31950569962
45167203,25497.093619415085
45139003,28633.42212328704
49737400,44647.83302143373
41501802,41892.162205014414
46983000,50106.329104889744
41138803,44837.782089381515
48051002,34573.35036826045
41099603,27844.247133915207
48999602,29375.72492027834
49750201,38591.23033452788
47722401,49493.33778751126
41227400,33089.62534627569
44641203,50525.01334760771
46345402,76635.8727381695
42701203,71647.53248605625
42922202,42090.50126365666
45271403,52037.01464029436
41355800,16376.147071466177
44112201,59575.905727987236
44693200,95857.29169378421
47197601,60737.83771717467
43755403,65829.23049998807
41149802,23094.48517469898
42057603,56190.7088526989
47097801,82416.03518629681
42214603,115131.4600551159
48869401,56332.15144640889
48831001,69659.49106580204
41780603,37340.23306668179
43801600,47875.062918259966
45316803,69956.1593735134
43990601,46758.609764602625
42259800,59322.98792870655
41802800,36321.45847549046
42175002,58259.17765740544
48482002,48765.53711479798
43314402,21424.638017619534
42030002,25601.511131368257
47764002,29695.72229655142
44276200,71624.48417133477
45468402,95382.65825143765
44898200,46150.18722204396
45360402,38284.2757061236
43286000,53482.409532832455
46435000,60558.99709607895
47444200,37373.40168912079
46694201,47725.15129793038
42967803,47176.73509837291
46437600,59957.5364624231
45615201,24523.64234530764
47656000,32814.30608218449
47674001,78289.073340615
41195003,65001.541830307746
49666600,46082.15621038538
45329801,60627.13062972977
47201600,59611.51819419916
47480801,36683.86669898348
46020601,70235.18851246499
45244602,38991.689732178595
49704801,84902.31284792809
43124002,64234.12227243846
41201600,64373.589215131884
44953201,38085.57454923789
48280800,76451.29890998155
46055201,41889.79070598971
47310601,15096.568091886125
47911001,46766.03855307022
42994802,45516.42459703557
41765002,32672.380860106925
40814803,56570.26237475991
48805602,18036.38038020234
48723601,87798.7731360126
45939200,91636.27836701469
42952200,53002.60305455987
44220203,70641.37173838183
44287600,33005.862658467166
41775202,109725.12854080004
47597002,74510.9120516748
45697402,51882.088944070834
48911801,28630.74295053145
41084403,41638.40409266597
44453001,44202.8415311275
47200600,110316.23564694921
44294203,110679.45871811615
47220800,60074.39371204308
44181201,68293.24517422983
48437000,24830.255244631157
45397000,77926.79768545911
48279200,35173.087085679894
43315203,52012.68880420442
45371400,66877.7320242673
45835402,70486.18607516051
42887400,28788.781714544137
41540203,65832.28004363831
46710801,42614.547310183494
47398601,57342.509173271246
49679402,56854.80551214758
45710202,80455.11634111352
43948800,60738.960796853215
41768000,46217.99013711707
41937602,42049.70824378601
48634600,29200.529192753143
45074803,49586.63109463278
46581202,72318.4843514279
44972201,85016.8871983267
42394800,46734.534176550565
44751203,60788.29874189015
48856001,56832.154329083154
48775802,22878.57719676421
47826200,52735.2871851
46907400,59429.325391465914
41328200,31738.613972139618
42121202,51141.070953460185
41036400,20954.35131811897
44344000,23987.161021987507
47688402,39419.73569259634
49860801,125894.87231856034
46511200,31568.387455438035
47461201,24128.428163061253
41226603,19729.52737958166
47296401,52681.821676044565
49028402,81895.85865285553
47356602,30887.943475412147
47044802,59393.50101883238
47119602,40967.75958987336
46902000,17203.331876896245
47544800,45369.11688890432
47312802,63692.903103988225
46682802,65120.59717224346
49552000,62984.67244887777
44790401,36686.68322785769
46323400,47326.94351807557
47329601,28759.75703808382
44451601,17631.201395396794
49416200,19698.62818929788
48797800,48197.916379177754
43833602,73518.80700504773
47844000,42578.29418018616
48512602,59649.30375700404
47878200,47019.26328526504
48243400,34174.78454481534
46440801,24950.128046860802
43939600,51708.3678074326
48861001,61689.566695025685
46702001,53491.884694151624
41012800,43505.74132047363
42930602,57611.12486849627
46895002,48808.84482046198
49816002,32465.34883878121
45374203,38152.13339404017
47200801,31594.34873709278
48748201,36298.29285767988
45067802,84965.78941195404
44826603,107086.528036817
41178803,40199.473315783776
41253602,20152.10137521173
43127600,107796.00693395559
47251601,55713.88661840637
47710800,95022.3672776015
48288402,100639.16843691393
47073802,40045.025842310766
43002402,26443.171128956474
43874401,37986.93802275986
49945601,54127.28385314297
41939600,31769.972601119112
48861601,22060.02613022271
45344200,45769.95713429533
47316002,37535.09653691679
43549200,21040.298477285916
47218002,58169.39003130369
44207800,37449.60106068604
43636000,38024.828120837985
46329001,16046.981156786966
40952800,29665.519265559917
49446800,80463.38362662238
47478800,60699.45363826271
42180003,51592.496861190826
44044002,32703.83851944717
49109200,62012.13684984064
48759601,44461.61631563197
43954203,59587.40991521298
43618000,17409.862269159137
43799600,49705.58356597262
42424800,21395.96246159365
46772602,70271.79174043023
49139002,113563.27517910494
45270403,27697.70575236854
41302002,30983.86620229135
45225603,61873.708412053136
41023600,47897.82155355389
47682400,57292.23894625642
42576803,35938.63313880222
45591602,83996.50102727744
44852403,67433.26730044886
44520801,76097.21682671653
46005802,71801.1493396561
48051001,20284.06976639205
47670601,101323.6031703279
49833002,130079.75633480994
41348203,19697.882362011813
45083003,60516.382438059096
43772800,46651.6505697333
42828202,89834.77808438917
44948201,59924.121606467
48519601,53923.539969978614
46749401,45136.8481101446
41219200,35336.40604074304
49110602,40538.97611424116
45755600,82892.74283733434
41493002,62891.02667337928
42481600,65841.11473917721
48204000,85241.88391311977
41032002,86020.73053663998
48996201,25048.61425853907
41098003,59964.15777037588
48320000,41310.03911092996
46329000,30511.3067185656
44218602,30899.99612098051
49404202,36678.66656589338
47627801,40817.08062525122
49191600,74397.16187944586
44942003,108103.85442015345
44035002,95952.77249673291
48053402,18626.60376256807
41137203,43107.834042884046
48383400,44328.33774891442
49877801,67514.95064303729
44431000,90141.84181958999
44739601,48394.77670290018
45036800,105406.14735811015
43283802,47289.549052277165
46823401,50516.679002950135
44156200,32058.662863592763
44122401,77170.81036282488
49277600,66884.44994322387
41451402,56069.5304268324
48731002,20830.916269087527
44993603,34385.11804467695
49147600,24154.538790292085
43815002,28817.366667533235
41861802,26094.49259771604
43568003,49898.77129434297
46130600,86337.6316438711
46973201,64540.92498631923
42441000,28006.864105321678
41160403,55303.81659209088
49686000,72893.84254663778
45654201,57974.91073595198
45029403,36938.89589582052
45781201,95962.03972437364
49832402,46558.227338274126
43210403,23397.676430322597
47716400,40961.70160741423
46846002,37705.2449720552
40818803,72065.18074591464
44297603,37056.010022095084
46660402,50707.95389670502
46696802,96033.18571435486
41474803,20939.88668672409
41135202,34571.1515234437
49739200,72679.76671860466
46587602,62590.491662259665
43226403,20880.899004873885
40812600,38799.67118664647
42441800,62192.468738291245
44505803,101579.64361847583
47926402,105503.94099123577
42149203,69587.75272312484
44510002,55579.34315616218
44637602,36925.544058984866
47449201,61950.53323437004
45118803,98484.06490709327
46855600,49509.765308377304
46088600,76621.42425631068
42861203,31797.032250961092
47820602,24650.700780780466
47869602,31218.798520863296
41925203,104743.6238761149
47694001,42000.34380169508
42849802,57103.60889199176
48379601,50792.70382875234
48402800,46456.432003217604
48067800,36877.48525691544
45260601,57097.70690573477
44345200,29423.360748983032
42930402,112629.78735104957
44819202,59822.3119631288
44178202,17925.730233529044
49387801,29996.673038589382
44659400,26658.222125882316
42190203,84706.59666085104
45050802,70101.64980750783
48577800,66599.78711054519
46959000,137069.48872858405
43122000,90128.78435630733
42136200,66138.20168072947
49795602,39083.098369454034
43617602,64704.92684307165
41128403,62613.45835827917
45848603,65641.77998116724
41554400,42409.24096445869
48843200,41772.56927903372
42554003,37525.7544102308
43296003,64329.71206316113
42491002,46712.758570405495
42165600,57710.219210778094
42198403,67052.24537610455
44387001,39984.21582393858
42795003,49865.266898804526
45640800,84548.6411598968
49222001,42801.83329326972
49764201,77459.10640659771
45311403,95320.8116779995
44946802,41009.21341336343
44342801,17486.011595773503
45969600,72306.14801639285
47935400,30942.392711895347
42912803,75445.91756451793
47538402,25825.542645076264
42520603,61201.393823412596
49078001,20476.525385522174
49193202,83584.70490761822
42269200,51881.40320955987
41914602,35399.9217294532
42492202,57746.70942157287
49716800,21017.453454080784
46196400,36853.35282453865
46122400,69154.11271239031
43638000,66782.6800946822
41655400,27311.504478637147
46554801,61419.120610236656
42668003,30988.025505698424
42904602,49770.12726670465
45302403,79860.91793280329
43323800,24719.100568989023
48398602,65895.3219578379
41483203,62239.49616744928
41577802,21185.244433446733
45402203,69147.70036830133
44854601,81902.77427930728
49855400,30202.70591880664
46365401,13040.561808983308
41689002,56073.45459245545
40832800,72210.3100694705
48405800,18470.45749127053
46015800,34863.18580180721
41384602,26902.50948054889
45804002,47351.260616648775
47574402,54352.02321970389
49072802,34140.75702219625
40991402,37337.582138599915
42649600,52077.65705395942
44527002,62839.36677813396
49271202,55077.805357063466
43061200,114765.7569251071
42300000,89875.87486512653
49688401,48085.37660710856
41100000,81356.56931906828
43876400,36721.5658577545
43338000,38743.19008154047
47122400,42915.489136188444
41573002,46961.29940058742
44551800,31628.42915792096
48731401,29667.60995785952
41103400,67518.09402467584
43117400,49383.90857400193
46967201,46347.58227931435
49853400,52456.57771033943
44359401,62785.44795770338
49052801,56409.52614535092
46459000,75879.21521061941
41992603,73325.505625927
46536201,85444.22613993529
48834802,28584.31035013833
45136402,53806.74917843314
45834401,35064.92545883842
43462402,45113.69160688658
41763600,74524.81182937126
49722800,65961.36885023685
48814200,68520.2404389244
49613802,66265.48168902904
41072603,42430.887860376286
44222200,56270.15630882295
47951802,81988.71270361188
47064602,58736.558313333415
46754200,79498.81944818911
45691602,80234.59531513514
45714800,22010.850372826477
45648803,92122.85107686943
44528600,49212.97665272124
41646000,46749.27093269367
44569401,67489.44826097028
48242001,48693.88616942522
41159803,45456.47633165207
42872003,50778.33549720003
43238802,47456.722198746844
43741802,55621.32259220655
44583401,34486.12986599447
48436602,58736.94541046607
49565801,59215.9269246288
47657602,74345.4835351879
48161800,76331.45844508872
44307402,41103.850797519866
48962201,28671.927151487936
48052802,57784.94733238766
45943401,68185.96546369253
43115402,73268.49069465588
47950001,46931.519103450104
45494202,71106.82431787405
48398600,61400.853935205676
46603601,83471.83158994751
40973800,27593.845847093588
41552000,74335.01816731086
42673803,48939.2373374395
43586203,39074.614430720336
41132002,65294.29004777214
45424601,44304.285808403394
46718802,65557.22906252841
46916200,82373.45506639619
41945400,34753.693948879365
43887802,74011.38768409334
42432400,36402.28040525002
42519802,31056.551903915737
46433201,61121.28754424443
45407802,83025.1457867286
41828000,19424.58705803052
49699602,59891.64468779993
45627202,65595.77475040719
48492200,82996.1674941266
40885000,34245.631568199344
47090600,33812.90703100122
48783001,47474.44155627778
43229602,44623.411407120424
46007801,55722.59902216075
41261403,32692.48888845191
47532200,31583.447296840037
48109402,55851.41468629168
48146600,37505.883637498126
40911602,27762.463730453692
45505600,68032.14891166853
42515000,44488.14027182356
42870800,55477.38752166933
42836002,29172.087288959105
44497001,27936.510799251377
46208801,62531.19534295201
47892400,43779.381397012214
44795003,20511.049267209255
47791601,18870.14158454282
45668603,35428.016892799154
48473400,44915.63445542177
49252600,126903.70922197413
48074602,25716.04440833485
44901600,40536.941313967895
49062802,71436.23913445143
47783400,27319.414731510944
41821002,38307.21089053299
48771000,78744.50521340195
45150403,21148.66478836343
42267003,64521.02330956519
45116401,25110.148848396908
48402600,43899.03280858944
42934800,55073.2226076375
44693202,18015.761072163317
46167601,32674.139504529103
42472602,59125.77993966409
46747802,65675.40441237607
44133602,51583.32002576845
49248602,35220.38370343322
49376402,60854.17885237065
45967602,26582.990777650764
49492802,53135.34664093264
45209601,56285.56443961555
44672000,44005.120558498835
45968000,95985.75820864903
43747203,57564.71597385533
42066000,42252.8900573398
42441600,42955.291967035526
42539402,47218.664726689945
41920403,45618.60154295368
42491400,43748.207144932574
41908403,55271.887689285824
44403800,63072.74974854726
46058000,34497.72233957159
48007000,59885.06437897405
43539803,83263.67868479852
42830002,65837.04447009345
41473402,97159.1169995867
44965201,51293.218196139605
46584200,53711.91085828157
43913202,32751.243668525305
48550602,50484.93159203203
47181600,84485.34181823455
48803000,49265.90750597909
41329800,27406.054624044773
42539203,81808.83477984706
48135202,86626.45909902267
48576801,20856.694208152443
45288201,32532.878806860725
41381203,32797.655239897096
49479802,52732.48172767448
45986800,64797.10135473254
42489002,52086.89832728224
41918402,27524.088903895594
41604802,77189.91566007806
46178000,48432.82288902822
44030401,18200.18953447521
41209802,28550.510618334054
45982000,51670.011344219936
48252002,44557.46465053454
47593400,21291.885174291052
41752602,15840.349465691954
44616601,24167.138871976596
44828601,31465.327740586978
49830400,97366.14924214323
44989201,35804.63966844206
41248400,19636.33357880648
44274201,51074.861219988976
49648801,78198.80292222268
44445001,39389.112324672926
47085401,80269.41674104019
43311202,46894.663033215475
42929403,27985.283501995807
46446600,23738.63187389337
41856000,18870.710353979935
49531401,65330.44110572463
42249000,52673.953303123
44072803,38400.2202217013
45449602,58785.02612420159
49183202,66191.07493960107
47796002,102479.99038996475
48010002,36864.18192524476
49297801,70834.65659779738
49803002,40217.4966740077
45632600,79598.11786690922
47208000,29489.002815886757
46912800,37335.75370556078
47583000,53815.700043252036
43746403,29933.05520678106
49408001,107114.58227619575
47648201,37764.13489936684
48340200,29483.539300750657
42760200,30543.965260591
45206800,56052.59379236517
49802601,30328.63667983391
45769601,26802.135594782943
43476802,40895.699945656044
44059801,56687.02983992116
43476800,81104.81460097848
45194801,80413.55934864332
46167401,33893.234755884
48058800,38323.10180686354
49784602,106356.71482642903
47820802,20117.045422303807
47851801,36312.41252755031
40959800,23913.386000027447
49811800,93487.96150102816
44243003,66325.26374170795
41936203,35099.907140589334
42633803,19741.28978425731
41327000,33054.15216456494
42451800,58738.10770403159
42007003,41359.83290823926
41129203,49574.89212926782
48755401,20423.033103492213
45803801,48482.856604747256
45235801,75348.14157741622
44624800,65334.30831908288
42168400,43037.09808744601
45820803,25994.588324977638
48689600,65275.257629783824
46905000,24822.97687063464
42672800,46356.359401098176
46805802,32144.00140005617
47104401,16484.38639376062
43140402,28775.047266696645
47731600,78092.77979121087
47315802,56247.773482298595
46772201,20859.152145320943
42684203,57352.40840862
43932002,59447.82575368392
44753200,54013.56365901027
48110001,58348.19732801813
47755200,36312.37465674454
49116001,32239.806738277708
45331201,37453.263663418424
48570200,109540.51903675619
43407603,30536.28362296838
42279803,53203.83989448911
45964601,39861.89360539973
45082002,31304.680594157286
41199000,82928.2630351602
49171002,16865.244291605668
41254800,28107.786705408587
44990202,90234.72201038242
47793400,39297.77942701874
44889402,59546.18346005949
45173602,40332.09902304743
45801600,41356.00933410048
43553602,51720.75148827282
43327802,64299.5974943469
43355200,64520.085728550934
43014402,40994.47535581212
49978800,84906.32707618584
47120001,70233.07661260369
46146601,17813.410923361138
47366001,77429.87000230938
42553200,16255.531226772135
49704200,30927.710376494786
49427200,24264.047721502517
44001203,46744.99827349511
48603800,114564.27976166151
43044400,70259.33560734545
48256201,47795.66127041499
46061000,43971.912849842694
41225603,24830.51193455047
48393000,74208.22045494849
49617200,26189.16522465083
42469000,27500.715929565824
43660403,56140.128200232015
46230601,58324.07126362058
47259001,24562.030131304713
44513402,36715.1197520574
42652803,32864.26788216911
46728602,81169.48976405416
45432802,35618.85338553306
42479603,57137.60499287646
41257002,27595.76238187687
42017602,62739.849662914436
46041202,27412.21989780612
41720603,15451.794423549032
44541200,36468.21197320246
41617602,77072.11337039187
42063400,22264.105380711833
41032402,87849.57590368665
44742400,14704.086238962598
49495601,54446.80005556064
48083201,99877.62557288364
48041801,84452.95903513223
46159401,61048.978870268795
48046202,6517.634449153098
47729800,79046.27701515374
43722600,28076.140994886286
41829802,32077.251511924067
43028802,47341.3250253875
46342602,20230.885538340655
49560602,16772.324229206002
42757803,27787.420084979993
42941803,82729.66118390564
47019001,62910.79749853011
47635002,34735.75671991644
45575000,74240.15841796575
41237400,33711.40149113241
41262803,18671.559499440104
49181000,49664.486766100425
45448601,32918.73363430323
48847002,49826.10539245887
45495403,40802.45435377169
48845800,53150.331580124104
41829402,17726.54861439958
49319000,59165.34332913642
43204200,33673.37430577413
44598200,55150.956784972885
46156602,69208.78682955404
49072002,71132.27792444245
45419603,75727.45062071319
47724802,29271.45400405285
41829602,61453.2177770624
46646201,63238.14105168103
46312400,60386.56906375793
49777600,43473.878106330245
44908201,84756.20996047958
49242202,110479.94950237381
45321802,51147.981044547145
44938400,69817.33506632924
41895003,45078.58800351564
47237800,40387.21742555713
42131000,30971.258423910946
49934800,19011.391075186348
48260602,88737.55988538513
42130002,53863.943810155586
48677602,40608.96283815883
47966201,45192.234875279886
43502603,29421.231474471922
42840803,24785.66887320542
47524600,70520.26618605407
41918403,38815.766314946435
44419602,43020.4314348176
43760403,66376.71728172957
40934002,74383.63502037137
44788403,132957.40232069377
47048202,28490.933864265582
42749402,40367.97857543582
42494200,86296.54002766035
41306002,12099.585584548593
45883401,65819.60004101333
45827001,27630.463071340804
46335201,99187.48544335307
45086001,106522.65707352289
45056803,63452.57646382607
44917800,105683.74460795414
44353600,97139.92996817915
46298200,70584.38572955577
43191203,37083.29709907299
44046201,90124.43832667705
47068402,37616.02081196488
47504000,20864.558230488026
43050003,85827.48200780696
48686802,64965.56805201063
42112002,57631.91549842054
44074602,87648.598395924
49254800,70117.08865155859
41126600,28888.415286514653
43736602,57736.52789298982
45772000,67602.3791171056
44747203,39503.46960193395
43038202,42911.12177333776
46135002,30151.422273496704
49244601,27973.599195688745
49839002,100854.91723678686
44297003,44178.61388391227
43302403,64382.04364162149
43740603,74985.84772215672
43039800,36069.58220404622
42711602,31240.232408937845
47444600,27864.376655376553
46776401,52993.951310500604
48533402,44567.88077395052
48371800,62398.99591329011
48832200,46610.223037510455
43373000,14303.784976808194
44541802,37494.344842599094
49925402,74379.18051220235
44763801,21411.31516324892
42739602,84899.89276025286
46782001,62264.95620448816
47908601,87484.07511002533
46039201,24063.429444521287
45138803,37358.06431232025
45118802,98484.06490709327
47018802,83188.27720571414
45865000,37309.79577325966
43855402,61213.33554230123
48870800,24796.924382357673
47327600,90319.06732220796
47204402,22720.6481722045
48288400,39582.799228223885
46955602,83424.14179175571
44628202,49544.580454645875
43847400,37452.38672824246
41951203,18154.29509674239
45559202,47261.80946749827
45287202,27373.655442031813
44617600,50154.080023529255
48491001,37760.65119822406
46374600,61932.44793525359
42144802,44680.04261873118
47632200,65844.2249809544
45826600,41618.693894094686
44082401,34116.050308262245
44038803,36395.80086566382
41855603,39931.432174911926
46244801,65300.87145379672
44377001,17225.893962789472
49504402,62004.79485968103
44081600,43804.39395669752
44036402,62993.408775323594
44028403,58528.5653202439
48737600,91499.83938891199
45851802,50073.239354199926
42878600,56747.7605652184
43339000,42335.07116393093
44891203,45663.311474372706
43016803,50640.86539596704
43698203,19166.991436737062
44903002,123841.65753135885
42750000,43049.88700170345
49925401,57303.20508286865
43531802,47551.792515977446
48210001,62820.24546997965
49869000,30284.130754045083
46307602,34940.63983702656
45125603,54670.2709683063
41378803,10298.277657266372
45967201,36960.82266271358
44953401,51911.58333915275
45930400,27556.47886168746
49397000,78893.07051347963
44735603,50383.77973875944
45210800,42264.47728845014
40902400,31461.775474160386
42373202,82364.63872795418
45640202,40113.467028100466
41827802,66005.33994939284
47421402,84831.78641565822
46748400,18196.29111749324
41917602,53748.9365191933
41089200,44287.45938485424
41377800,31410.126620560273
41648203,54248.011484882176
46705602,89889.96817760129
41015402,39953.69610617182
42168200,76587.1069486631
44076801,71343.06523758995
46300201,65052.59158558248
47192002,12267.04546217811
48925602,54697.00351962158
46073600,75686.86770559778
44930602,43713.60218658898
49421001,18376.632239139264
47118400,90325.20248438377
49756600,67231.13077665406
49025802,53558.38389929919
41168200,28378.631245824155
47472401,37458.824359641905
45223400,32654.301184522265
49093602,43545.14004557863
48537400,33231.82037909497
46127601,32563.814352495712
43877802,82127.71967486094
42237200,76523.3230680126
45560601,24729.269634251854
42619600,100732.0460590421
49410200,13761.789961433424
44494403,46364.62192641344
46742200,82398.61965902106
40858203,73506.49720301307
44022600,49890.36572811801
46344002,96990.40419173171
40886403,33322.62271243229
49352601,48383.01188003462
46438200,68441.17844250794
45591000,37298.09848296727
44155800,10582.62740913398
44470201,64942.71680071352
42287203,71817.33814014419
45193400,96904.59457605256
46598000,66270.13993109856
43210402,14015.777655980048
44570403,65050.14896663605
41246000,33166.40974549777
41793003,67767.1962067828
47626802,48826.23456541546
49055802,28831.336110738644
42676803,66492.1968996831
45220201,110304.64485726896
44014401,39880.99599581176
41754203,29812.772273328126
43922602,48285.70021821577
45890000,75089.83462399122
48971402,39805.32480827125
44000400,54735.62852272507
47993600,55285.911359074875
41820402,51599.329095993206
49119200,52388.476782706675
49647202,58579.5531577926
46019602,13954.562773763893
44717801,102320.19691615406
42514800,19468.253253839674
48376000,67125.93094312982
48001802,34004.35153487959
41573603,20991.955951212516
42445803,22504.074131113623
49734601,69529.003418583
45228602,33299.312159700625
47943001,54581.87672902915
43701002,50671.28097694307
48166002,66139.1607266307
49444001,86232.02717860974
41239203,26527.07151526463
47161200,84333.21771972539
43206202,51985.015901315506
49770600,31738.86254366392
45407803,55305.78764237561
49051601,19138.963825125946
41587600,66462.34506185647
41889803,65551.78941948162
45354803,50062.25402325326
44257202,63355.34106524034
48654201,109132.32928779867
47641600,46226.97042091246
46788402,66288.07467561317
49331201,47895.11407643555
48172602,31444.428152834713
41228202,140972.0904383044
43449402,92514.16082927954
46163602,47682.94561221207
42731002,27672.78073765228
48492800,93018.97112927189
46439200,34057.13937776409
46500602,34844.61877100065
44010203,31312.867670112588
45160000,78034.81431024926
49758202,58228.37651298175
49184201,130276.17108052946
49563201,45592.095030013144
40978200,51572.13473773047
47193400,65001.424013283584
42802603,47746.908009628496
44334201,68018.57911640318
49917001,34024.4846202806
49783201,33398.900919332584
44569602,36127.53703587342
48970001,21329.08269912729
44771000,23605.124951172245
45375602,47741.230842482284
44884003,102689.76674507963
46530202,45716.99065630861
47303802,58283.20773331699
47453800,54472.165118639765
49113801,57687.700963057345
46124400,58818.28651202614
41829803,85668.42944432338
46890201,40489.03569453249
45526603,39983.5432713742
41762200,89205.05109526383
44296600,43842.92600076433
41654202,49933.989649533854
45320200,59729.107470886076
47509201,40962.15911111336
46703402,88920.8936035007
47169401,111499.98248707593
46312602,56982.29144908961
45497803,111856.27366573334
47312002,26832.22602721703
45056800,38561.734659941416
44416601,19367.168385246547
48510400,38180.59010639565
42527202,46407.23090294892
41208000,82736.16028668001
44050002,77093.55927562583
48547000,49591.9780111561
44130001,20683.278433024203
41480003,64128.03682683366
49114002,36137.14490911941
41590203,72327.41688201233
47526202,15872.675211775357
44037801,21228.97986732152
43050000,63074.418800172876
45696201,35459.788627761576
45957400,32957.75186019504
41954400,37496.00216203031
45904802,91772.48014828473
44673201,49593.86609434865
41011600,77641.57757078554
44627001,69158.15317309988
47749201,24686.655457392797
41290603,32693.49604453441
46483201,14098.413047841386
42547802,73470.01052415001
46585000,44706.84796366329
43935003,61007.38428998078
43271003,141900.5729282781
48315200,38496.12035876011
41512002,77212.88099641871
47454201,49703.39748297249
42471600,73608.12439114222
46515800,43559.99094595421
48405201,62097.29989262126
47193201,107187.9504241634
43710003,80258.06477487242
48385001,38697.158323220094
45626801,17884.79622523751
41924402,34325.927647489945
47539200,76089.843852278
44471800,33775.56309914066
42617003,29026.817684828336
45424202,50662.04336725499
47493202,44621.00821676844
46042000,70808.63859136566
41241200,28108.98009377293
46312402,59419.8179616009
47842802,32549.509093184868
45437401,26893.67088986814
42467600,28088.9546984304
41005802,35690.458897859666
42924203,37628.5235589827
47513600,43628.97109790858
42897602,106598.90720289093
44811400,41336.93151570183
49241600,49664.48977127867
47111400,41947.7759603756
41134400,29938.95823301877
49201201,58033.628864812534
41234402,23298.731516378044
48605600,45847.75673428783
44597600,33742.28432303592
43997403,51927.4573079843
48058400,57557.02218299807
43700602,29158.935379013394
47093802,57437.57037464871
42894602,46981.95541774659
49475401,38124.23099704514
44029400,89301.80636965799
49876002,55243.64460691029
44253600,33908.87404030749
42190800,55953.56333658409
47535201,47509.255730748206
48735600,50239.15173585001
43581002,45054.82581486677
45149800,66363.72583410583
46850602,46192.339576585015
43520600,44501.132797769176
41568802,22055.428416768922
40949202,78366.5420602842
44054801,40804.151936195696
43917403,58187.991518114926
46987201,83504.06079950798
48318602,83278.62983898458
41585800,51412.69936186892
49833802,57895.92987100497
45734803,55232.66289008722
42653602,49265.249055741195
46649802,84970.0005482732
49161400,34795.27421219336
47541001,23313.79631631708
45698001,65328.43170633261
46312802,47066.107395063314
49776201,60305.892374158386
43144000,42361.51586385987
44377003,29034.080098708924
47390600,116404.43841395629
49269202,84007.73886757022
42572003,27536.258680508134
42223000,37840.14574543847
44462000,27300.86080045512
47965202,38059.28219331161
44925001,80994.05392020952
43672602,56870.89737227246
46289001,57056.705599203895
46938400,62671.43787967125
48455000,73816.28249672477
41647800,50046.610892127144
44564803,45719.92603586877
46699002,113156.97427890412
41516802,44106.191574750796
43926002,48709.5023440293
48051801,50827.50854154608
44591800,54761.35165609041
48352202,27449.580130646067
44532401,34545.32567707071
40959203,80138.94998725245
43586800,78107.83376037539
49955001,27425.44199665774
42274602,80945.23164696613
44156600,51555.23074980988
41262802,18671.559499440104
42797003,25412.226063507933
49426001,82071.36519579485
44742802,72288.78134050802
42319002,57459.31965289424
44654802,48020.499875163245
43092800,25209.127190966523
45343603,97795.08841203724
47205401,58123.52740883491
47366801,40184.14209643472
45894402,78185.5239424614
43450603,34065.71370801845
47399401,51832.68542403822
40832203,22694.9111969102
49209802,31411.047118708942
48644202,23961.74151857278
43684200,72458.54173523872
45822801,54206.160462799104
49574401,59016.990202480854
43651200,21250.71205768106
42376202,32440.53312418805
47726801,40811.178005722286
41603802,30973.830997209567
47673202,40934.5032884429
45119602,94565.00194684541
41245400,22916.59664576115
42152000,21288.23159560354
43031402,30897.204237824008
45183203,33516.72435942378
41983000,38175.258364433124
49740400,32417.692105810173
42109602,104743.79044649794
47030000,56839.43633401175
48536600,35010.73228653615
41903600,91079.25248371155
42150002,53363.34072532071
49515802,45886.94522702152
47818600,18171.731077232365
46764002,28798.366164042134
41867003,28822.517070536458
45377001,11791.887695504054
48268201,106254.78923414214
44707002,69619.3151673851
44471003,42317.116418311045
48073202,83235.50433143775
42602803,50066.86093459703
49509202,62389.84228260485
46808201,62504.34103474926
47146401,85826.0551676482
45213600,71514.53199440197
49777400,70022.36706372825
45299601,78510.83736585517
45933402,68001.82170926456
42067002,59497.66516391586
44222002,94892.66569462138
41970800,52194.978466441404
41531400,43275.91376224405
45743801,45459.68395465849
44523200,24535.91507510633
43512002,51918.00207537967
43739600,41917.97677474729
43184802,18074.739792368302
42781000,68176.1636061115
44703800,53498.43680503457
41756000,114937.8095517059
44547603,48758.34523709192
49437602,70520.8122720774
41039203,69566.46516292157
43720600,51712.94313476361
45069401,61983.965865904174
45752201,101770.6233517087
45989201,22877.545764560004
41098200,23881.93058268301
49190601,16693.93822343765
42302400,52236.89168714923
44131603,34677.46320806636
49630200,68351.80079134436
40823002,30585.242584001604
42407400,29857.880312872643
45637402,35794.581470463
43856002,53661.24013074439
43137202,50672.86601540017
48866800,31687.823753503173
42602603,53174.81265403212
44205800,88065.44084274399
46357001,60247.90482169837
42562000,34416.250559688444
44688401,26680.11336983963
48325800,49372.171378267536
45678403,33548.04663103535
45977800,23458.632308508324
41423600,42827.18257820981
49546802,59763.42914743805
45394001,70723.19413961947
47429000,68360.81538495561
49206402,87397.26603235876
41012600,44876.3022946787
49241001,38804.99731622566
44633002,44739.86286350667
45129001,76194.9753150585
48767601,28029.550690058793
44755603,60854.8127778123
45421203,43667.306491116535
46057402,76860.51959850735
44739001,77710.23363799059
47619001,117644.6622410432
42760402,82984.8152351389
43535002,55871.41276554947
44932401,18655.44720768905
46166801,35453.55382127686
40952803,50875.142860926484
41366202,15527.989214079673
44630600,22051.500212393872
41824003,69493.84778915331
47686800,46381.35145653726
48006801,59315.00500374222
45182402,39977.023089382164
42874202,47785.57815154683
43004202,57769.016442078835
48496800,15230.456988117348
47717600,40401.97848059702
44495801,13091.254275234845
45287200,34266.98309787853
45967000,18825.181088565834
43655002,57395.09354297425
47922802,31340.52483052775
42594200,29067.613679573547
42168402,74730.69840732813
48949601,41947.72861027534
49041401,68434.67502073772
45665202,125150.24387210608
43995201,60959.032062972066
42399002,34331.14984968414
44182000,64120.81827963179
46556800,17769.675137353344
44853802,69479.17388094145
49046001,34720.35398943023
44527200,82725.15343142144
41818203,44881.989632954865
42879602,47533.78109609166
42957803,42347.696842337085
45432200,31834.49819187515
47972200,24592.342365522756
43516803,19913.073357552676
46459401,57756.648344784575
47727400,78479.63266210076
44494803,50846.994239672706
49161600,30255.46108822857
41956600,81050.1145391734
43969603,77468.18510812928
47284602,50668.31291553614
42207602,40204.056488177666
44821202,72275.94166167767
43998201,44277.96627205308
42181400,100437.67582556405
47752200,92201.78890063555
48566002,56310.52054521866
46683001,28294.44437703679
47089001,22472.676047159934
41168603,39793.99597673859
49898001,34794.53030371775
41525202,77725.10949748683
43322000,70720.27479596279
43699203,36945.80480667937
45518400,14676.80902205559
46808401,56503.87586181866
46430001,15905.916047540442
47462002,25236.54914177097
45233802,65425.5989866242
43134600,102760.81407377135
43921000,52398.19617297722
44183000,13353.719981642804
46252402,82074.332199226
45557801,44843.22349055531
45535203,40867.468350551106
46067400,53105.61304596165
48341202,44366.15034667176
48704600,61733.99523836662
49176802,28913.09781803244
46867002,19667.366781605124
49199800,40613.92676272393
48149602,22919.862358927792
44737202,83258.13796208255
40861600,81145.90192945449
43987601,24198.721964377535
45405202,62904.44013281459
44907400,72403.40396883164
41379602,26574.637809954787
41774602,80496.05907213333
44497000,51388.32235825054
49529200,60106.19031955279
47748600,32654.188873159
49370400,121670.03809210335
45106000,47377.77858924111
43422203,52635.34247551307
42261403,59224.20685289998
43189200,33532.434169763386
44654601,34319.801203785115
42041202,56570.34954389168
48517601,33729.663053674114
40844800,69062.83743628545
47011600,33446.32904636455
43237200,32378.820983301383
41289400,36123.55034479071
41294802,22840.296154822478
44593402,35017.98191592199
45058600,24711.272776343038
44227401,24941.74929128754
44672200,32805.28936754636
41331600,32848.989784823374
41713200,26995.816809975608
47493000,28702.88539837792
49100600,41372.818047053464
48241802,26698.888444915272
42498202,55886.19695810217
45802400,56496.6217778965
44355600,60679.62169963203
44501603,11852.942879986687
42145400,54839.65417570382
47958400,53729.64650536494
47157002,37507.11378989568
40816600,75789.54666678476
46801601,36755.747649929675
44982601,56838.93038989995
48909801,78755.77786605366
44101201,37872.2403251145
41258003,20590.31896450144
46199801,38831.850716562316
41727400,54770.79893298988
44434801,21780.34166509792
45182802,43356.679182911525
43280603,88924.80671259647
49779402,70644.24275036663
45516003,60619.23720254578
49884402,60902.77937302829
48091400,19809.282795746716
45822403,47504.09165090187
49820600,51328.50463142562
47120802,27717.87072793828
46281600,101444.4185023238
47688400,93805.81032594694
47458602,59674.10920948681
44728201,48928.82382749559
46938002,31374.129923717017
46063002,71377.2695826265
42718602,29692.620017440826
49105600,66450.26185597133
48163202,55168.45642756688
43977003,82741.09802109862
46390201,85133.03098749067
46353601,25494.579124256463
44227602,29978.409245737574
43392402,37871.16867007645
42042203,95199.48895735241
47298400,68961.85313619535
46438802,73235.41126766634
49775402,40010.62168807597
46667001,51288.57343741327
41250402,19561.08652114786
46091602,39739.2722495062
40961200,54194.636578517064
45570802,15651.850029802721
49898002,58522.98054503983
49988201,67885.47960746323
47483602,9941.156865617464
49081201,56779.70538659701
42807400,31866.97559574272
41991200,33085.13580099065
45317801,35599.67821834867
45995000,37826.077486026916
47211800,53046.795431709645
45549800,27728.88058534828
44648800,27929.08313789587
42956602,63952.07564334117
44279000,65404.016971980265
45843603,76001.529976197
47949002,41098.41744643786
41164603,53961.34663279625
44178003,59968.09235601408
41470400,36755.65812096887
41992802,42018.93271350868
45721401,60356.96443478174
46522601,45216.08729886023
45379602,74571.83845587433
44694000,75258.78637896683
48982600,26990.665778047674
47825401,54686.078636126746
44015400,35186.70093280626
47739202,26479.840187732025
46068400,49563.33246599178
43827803,74012.6951682209
44473402,60356.029866610676
42094600,59081.521437143514
45612000,79282.23253165724
42171203,28649.825625776553
49766800,34518.139411090626
42018402,36952.034564517075
48351002,34502.22055142153
43021802,29464.013693608038
41899000,119541.25996421446
41358203,34578.70203424196
42714603,49822.544792065004
47579601,55665.9609225723
45673200,51922.292193865134
44648803,34306.86368238105
48911002,99303.73504853375
44008401,52237.56170753072
42974800,31839.581939951233
47531801,89482.74992981055
44947000,31677.66924748326
46412401,58929.51997310097
48977801,73597.37136951911
49366000,64250.60571546245
45279402,54272.135028041324
41533803,80855.48591112775
47008802,36055.948289097345
45669000,29567.963345843786
47942202,55139.32709305775
47914801,43455.00018407473
46554202,33753.83684510183
44926003,39238.26842703681
41162402,85716.81807987893
42697402,70918.0741294986
43987801,20006.741126781697
44667001,51986.629307900075
47701601,31715.415894160746
46713000,49175.768289038235
49037201,41474.50290665828
44977600,59498.58253907465
41616203,56157.86569032632
45057203,46782.98487441586
41478202,39327.95836744657
45556401,100738.61204686368
41105003,74867.31424273609
45265600,54559.73235832468
44225600,77872.7874830898
48284402,67313.48500500487
43802603,60506.9075075746
44257601,39696.6361410566
43174400,107067.89361327296
48204800,36377.38481041186
40991203,34495.491085766334
49671801,87860.77352691349
41612403,29367.36364573014
49281001,36873.20857626017
44861403,80868.88089284225
43185000,79214.13663715993
48393200,41308.03799176384
47773200,51445.79458728657
45848800,54421.04177268171
49077202,28625.891133937308
48949802,34877.350564533815
42767400,49971.273120595055
43251403,40174.49649882622
49728800,59604.10769371838
48396202,45096.54667379518
49384001,47888.82605216959
49501400,46236.20665262465
45122801,81417.4636512298
41600002,51508.304676086875
44809402,29365.237807776124
41677203,25605.005623362318
44623801,52779.375318683655
46871600,69870.65490015213
49516800,57300.58534827271
41719403,97973.67349365933
41162002,50896.59845082061
41533802,52789.40566384116
47982400,43990.23449884391
45732000,52345.7915354841
42086003,58663.18108133928
44345401,35876.973091930144
43408002,51514.44120572459
48766801,104164.8942793585
42098202,44983.06376538595
48327600,53873.176359223544
42533800,40946.307409466186
47551400,49176.8123948851
45990200,50526.61281484886
45553001,57775.91966015684
45475000,18401.703539667415
48110802,70977.18896751148
49141400,80170.75408427289
44163803,57822.309644638946
46703202,99636.73729499058
46627002,48991.759943882425
47029600,18018.99643312637
45391202,30651.501904651763
46178802,51146.53612418301
40815602,56531.54203871757
42287602,55747.49938298004
48684602,66866.74406312674
47632402,74763.04919027847
46962801,21248.87276551061
41659400,36003.019693883616
41675800,45540.788116560536
49555200,70401.30144622555
45635401,56640.79810600054
45122202,107653.57134930533
44873801,104060.40852588584
43749403,35523.24773542236
48997000,26626.981866015398
45951400,46430.88431397719
45705000,37125.44671731199
41882600,62757.97199505825
41502200,52277.47007379705
44363203,50711.320674605144
49673200,38560.19866284543
41985000,25596.082861479532
49674602,91663.75474801814
45620402,57042.32472912315
49440001,60236.19611343377
44015800,31904.09725538495
49354801,33391.7991409607
46509801,32636.34998705554
48188200,91226.43597118874
47602402,44222.068943254926
43736800,58829.24756535726
46073801,49642.01599735616
45454803,27917.31550236883
46185801,62820.148089762224
44352400,24942.30975534262
49088001,63705.36715286898
47835002,19755.713452922442
48617400,37675.204971462714
44290803,32873.32278747844
40985003,83186.9746760886
41017200,16318.395275441762
44388201,68213.08787685038
42501002,48628.347943598696
41183000,26587.9689310642
47765802,52604.92363647472
45775402,59565.98737306609
45642203,35365.710560705775
49492401,76129.81607394334
43240000,47321.927411803896
41696003,54070.770884047684
44280402,51010.84208570705
43276002,44147.097782837634
47173401,65250.55683816608
49329801,76352.44101142413
41589002,109705.81427439039
49688800,67015.34622880604
48600600,88448.67705679216
45040602,81356.4411237071
44244400,36575.2436581553
45086801,52428.51799250989
46096402,30128.953519788243
44732200,26486.039947044817
44209000,70019.19293892641
46280602,59522.24220296571
46186800,47949.959331515136
46155601,28856.88283765442
49509602,23199.55960624105
46703601,25628.814277429163
49337401,60381.98126896961
49289600,18964.1039341593
48033801,66648.06594054124
49781800,41732.036704832266
47330601,28487.50227480549
43981803,72052.93189653676
49854202,120659.31433085547
47685602,62639.525999132005
47502602,96099.5830800382
45256603,49176.23928439283
43993403,35101.92578578082
43788203,48115.71181226702
41549602,22282.786702806836
49313601,56629.42643305895
48383201,73183.68196244506
48390202,69922.88956740336
46120601,35148.44982749083
42287003,52061.99381418408
40917400,96037.69097288768
41271800,26067.5311092502
41043603,42729.83070397615
49910400,81511.8764330197
44336800,47155.90461892867
48404802,60705.93920790309
41205000,19737.91526181972
47315402,91555.94518185045
44301801,43875.41257081826
41690200,45416.2775386611
47230001,51169.397992814615
45635603,39177.260070712095
48102600,21590.13062749728
44248201,24119.744283969594
43570603,37205.66869053553
42324200,65386.879602667796
42953000,46916.93176671732
43368402,33110.60837853553
47554201,22972.084235014
42728200,57062.63606497839
48856200,46054.46070187264
47987002,34164.69695046812
47473000,36571.366782215744
47311802,70663.34355205615
47338401,35671.25022363735
43163602,28389.407303733256
43541202,72804.74988362365
49725601,66832.0461570907
45971200,59056.038043789486
49199601,66985.47898438509
43072002,42587.816025134394
49138602,37334.56343770833
45985002,23934.454958829934
40844003,49315.01024451764
49181200,36670.34378054306
44847000,35016.24604846325
43262603,40424.359946598735
45123400,64031.68054233075
48279201,49008.63657444232
45445200,40577.32656399836
44508600,43786.20730746818
41123403,35194.71725083381
42890603,98185.18605784989
48557401,58673.47031488607
46891802,56301.084564127006
46840201,39981.558914508685
48875401,34603.18908020095
48180202,20211.60548380558
48978400,71860.10812870925
42030603,60231.543438658584
45852201,46093.449082467545
43254000,68733.92039582515
41800202,53714.421471999405
43078403,55062.88937290058
43621603,46315.47545555124
49688602,37596.182895752325
43717003,24997.71070838846
46244202,48796.24863287359
49812600,55532.00491194891
42616400,24056.12647475615
49821201,20335.13586723836
42189200,99677.20737280411
42062402,45364.576928182505
44743400,26826.606197908382
41051400,54044.31948238676
47483801,25745.51884869637
44090203,50373.19316002185
42316603,77236.88685207414
49872400,41271.43926369155
45940601,44619.040525563745
45420801,60080.08565249419
43158802,48590.11748060309
49772200,30317.142736720045
43353402,65506.495178401194
44114602,71363.30105977801
48399001,59973.61913531675
45179600,44949.29351634558
46173801,50563.497705834256
47211200,19481.726865758894
43985801,61797.87986836613
47086401,63939.26433449579
44503800,20327.741006887572
48549401,69476.9726513167
42857603,20048.630388393412
41574000,23890.822304486446
40870400,61900.47381547927
45195400,104086.15362544628
45991801,75200.72217115763
45597000,68856.8968824048
44174203,46921.961858736904
49474401,50174.40274092388
41155203,55493.49461367927
44533800,64212.58858749177
44683200,50039.06205248764
41536200,27010.412388599543
41453602,19312.808237264228
44741401,44220.30498322179
44520200,88239.98946888841
43422200,45788.70699940662
47874200,31462.892630765025
45856003,46788.9408566765
41268603,36100.64010937419
43758203,35604.35272641761
44956400,29293.49028294363
48738402,43141.12044425058
48905202,33053.559691950155
45104602,38302.12064795166
46443601,84768.31761351314
48582001,81255.21549575205
46948200,115266.00164027518
49460002,29968.642371952566
46848202,60927.49517983214
42885400,46621.352830969554
44496600,54058.486225672685
46666001,79504.20870551807
47995002,62800.1932269978
44729200,48109.12152949975
43272603,64671.30746452448
46485800,56067.723703828604
47740000,26710.83851429506
48883400,68797.16956764097
46077402,56367.76152955621
48578801,55532.66035214944
46735602,42371.61863014191
42979600,50544.84726368282
43592203,53801.317934214254
49636200,47070.33043813262
46291401,35717.794841962925
45327603,55591.09175712876
45210601,64542.62290682443
41223403,19823.959440853265
42569600,62749.61994307245
45135802,67968.38018328532
46696002,27371.316871239433
41485603,81229.25520666028
43380403,76292.50485309603
49210200,60398.91903449544
44721803,63508.25072258839
41417400,78656.68638032771
41957602,42945.27551916456
43050200,28121.721652602806
42921403,86991.60218253819
42419403,66951.0365707405
44547003,48644.4390706435
45730203,38109.2509408895
48310200,40107.560792023665
48959602,95277.494891159
42925600,24627.22528213497
49748401,54516.01919302555
46871001,88536.31621649698
47309801,59947.78961922195
43804403,48961.60032637129
47556401,38772.58563664007
48102202,14284.69879475503
44477400,18222.234625017845
45777601,18051.851482556987
49281602,23070.14093293843
44872803,77156.85897025478
45085803,49884.50098186822
45428403,68017.81394904993
44468002,62611.661349343594
43671403,64328.295426266515
45396401,38465.99152316701
45501000,46902.91921091461
49415402,50549.779784905084
45087403,26197.186555420616
45050800,7927.776355832808
45528201,24874.282212831007
46824201,60065.791818447644
45260003,55085.70981392
45669400,86082.20627699562
47106402,47532.37597211588
49188002,20310.812136408236
49542402,94993.82707874161
46516402,53825.259577221754
45471801,68864.56826714505
48565200,41363.31586975085
48014001,65103.108173662295
44379800,47986.54699362789
43472800,28206.654449866728
49745800,77713.17301188194
43417602,116172.79324753574
41255002,33766.09701858599
47218202,37458.90205242126
43174003,30003.963240775614
40990600,68605.91479346988
45203403,38071.02035304186
46472200,26563.929325297817
42473402,74186.49190332397
49321001,46536.212597160156
41624200,88282.81372061573
45180400,15434.6888189887
42941000,21457.803033689732
44929000,69339.45375892415
45689000,28438.36355006139
41579002,8342.040071019648
47128800,58903.30625639263
41386400,31803.75731465774
49934200,75920.2063906254
45527801,52270.48785438083
48481802,29768.01868171557
44859400,47653.921401421045
45341200,40816.28486440061
41407403,25145.00563896349
48396002,46567.63202913633
44073202,30664.08415210814
45933000,58238.22488563707
47666202,57728.38544644586
47989601,85864.14925918891
43828203,30333.02542233433
48569601,81051.388246657
44974402,77393.7749401919
49992400,70150.3943964086
46199400,57202.03981991345
48040400,87535.62922008209
46331001,26114.188981629384
44628401,35211.30481283271
47162800,63273.175808787964
48176601,16747.935198186693
45826803,25167.902952554497
43907001,31701.308115202097
49157401,41106.62739986164
46241001,32701.978584473134
44401602,59854.46345697931
47061200,87794.97344649507
48812200,32928.52662086255
40842202,42425.6916550351
46095600,36015.02974018342
44689202,28015.830636336024
47429001,24566.15273344443
40846003,52428.297445257194
46442402,92844.7311760849
49265202,27861.619664183072
41954003,36861.372827295534
47318601,28175.648018480795
41940003,65874.18926077745
49205200,26292.792711495946
49772402,28802.579763913156
41191203,82983.61140022223
40802803,20303.806360715003
45884200,48324.369222547146
44530000,82605.76520037418
47808200,22240.44878437866
45263001,22320.73781832013
41152803,40994.98937732019
43685203,35679.51960422385
42459200,78959.06308471163
44988203,59663.762976377206
43658802,89105.69558383981
45067002,88554.7331333599
47704200,84903.44178681317
47812602,19770.839985924827
44467002,47306.478041064845
44105000,64773.06792588305
44986001,87981.00085682201
49759202,24387.161227487173
47072201,87335.32974231028
44492402,41020.060506782975
42842002,48267.13293598358
48793801,132312.06784360902
48482202,63161.63112107071
43803403,50614.183320613345
49902000,29848.199913276767
43988200,33683.39529657452
41112200,51271.03448320402
43283000,39863.853901552684
40955400,89704.96581065189
44212201,81323.86512511323
49695601,35738.14866232457
47530601,56706.966801875824
45485003,64716.65336786282
43603200,39441.28770307427
47652800,19709.56018062316
46698800,101258.03358308908
42737800,24280.97358878578
43252603,110629.20297736613
42346802,18722.44344706418
45194802,77826.44997221041
47878601,77967.24643717869
42406600,56091.63949947287
46078800,78892.49279685244
49152800,46810.851519774485
48912802,12606.043117292815
41298603,12695.783771230286
47199201,55285.540464766666
43574200,31058.40236555425
45385403,68117.82707411249
42257000,33931.6714909915
45236201,16875.69825529142
42809403,42743.24654381335
41754400,54611.78389325586
45826603,35647.47782575563
49916802,51617.47569660744
48963600,41702.06392344901
47021002,59113.33096209765
44046002,42998.0903621188
46799800,55905.338704911475
42252200,49911.72649214622
41243203,23538.998146180857
46642800,63628.52850157023
43641803,36692.59329945619
45846801,88701.4406367727
48910602,38002.17494085086
44646803,49499.10708597872
43984203,32243.574824697345
48752402,67903.89533657752
44605801,32943.06183843956
42082003,41781.90740751164
49225201,27370.892283603196
43718203,72065.00012218324
49498201,49134.035477841055
43315400,30530.10264379867
48592601,83410.42387833631
48834600,70727.22893308404
41182603,52733.37972765116
47051402,26478.080168305303
46370000,52989.53069999243
41977402,32902.69478763141
41843000,68160.31508049907
41680403,35208.66469288808
42337002,76808.42831254604
44710600,14826.485616870523
43717803,56567.647747244875
46096002,25873.167229550338
44360002,43021.20948665423
41301800,31292.899213242876
46099601,97823.75405482239
41899003,104274.57162773749
41579603,21962.16159355924
45545401,65614.95106450998
43797603,32395.522019970238
48651400,75287.44374464784
46339801,32576.559080629526
49563802,22787.11240327578
41737403,45235.734568885164
49412601,32798.281559684794
42385203,53015.365338783755
44005800,37905.525696449185
47054001,36189.85123095348
47189601,56537.940624242
42545202,22531.572639330985
44679802,19776.971039406468
46519201,64004.68435575541
44145600,30652.503259648314
45703201,41409.36312294483
42572203,50433.803315616125
41749202,43560.19249829852
47927401,47002.03776434328
46485401,32452.22368770052
44592402,25342.764056316864
43269402,19928.60969783433
43073400,67680.80296538587
45257403,38923.01838433303
43244602,62734.81766680069
47368600,70820.4560572749
49142602,84178.53653082161
46021800,49070.028330668996
48357402,113636.96742508744
46165402,75136.7192197789
48580202,27715.95346480824
43043602,22150.484363822045
41720803,64006.9420053537
42909403,53779.531239160984
44205803,89260.70675144928
48367801,44521.84204458745
47542002,106254.80715459079
45054801,53298.5483615498
44848802,49945.7267530876
48686000,70583.27276529964
44942200,57753.686915896
47784601,41631.3962993734
45478603,48446.751214825104
46361802,13182.072570305536
48104000,31037.251218128
42724002,49966.33464267706
41341400,16091.99154496687
46820200,39808.3928726604
40902603,59203.41649646008
45567603,61482.37637136722
45787802,29804.526147065
47787600,90259.28962276691
42025400,30397.177255616843
46374801,90803.34176956255
47668802,79524.30611304444
45948202,93860.2158564803
43437400,52553.41631226086
48057000,45795.40181738768
45482600,76503.8954514433
44991000,45876.24455778347
46669600,38741.85828932237
49630202,20961.704274452994
41122003,32286.228090215685
49677000,55631.51347259876
43444803,55858.56056642477
49516602,38273.997287851475
43926200,42803.43710462355
41175603,89574.04087276243
48479400,22103.228000697763
42791202,82825.9643323278
47317601,111229.077318344
45098401,59462.316275327896
46423801,17641.227295437962
44687202,49927.209129585724
46649201,21348.07888802458
42810002,68372.59501866026
41266603,12279.501641868854
42008400,38390.56333931417
48747600,82927.09919929951
44208401,18447.943223915296
45153601,39121.018117980224
45344001,24782.85941051039
43302200,36492.61690094778
42631002,55636.101820196374
43955203,62435.77342030367
44435201,35025.888930620844
42010400,51954.275455987736
41465403,66340.26975787882
46280801,47211.241949027564
48375800,25486.790882071182
41263003,41250.86300928606
41216800,31784.17787111595
46809800,102211.6114481785
46411002,49549.09582213642
45143803,45404.168692480904
43225402,34972.73420646945
48974602,68350.98960676417
46479602,47225.06171236102
45608803,41575.725649238266
45310001,55549.570413767025
44693802,28734.550206976513
43320202,72455.91564770906
44651600,85230.32622295164
47054600,31433.46351107402
43158203,70535.89343218318
41798202,81627.55335154748
43802002,59008.61086843339
41205602,15504.773927329494
42450402,37182.20392712695
44912000,52909.931337374845
41218403,30527.820750710576
46982801,97303.90476904428
49494401,30832.515785079766
49194401,32912.53815138152
47532601,88838.16716635754
47631602,35437.91159210531
49986400,29012.34325095101
46570201,53381.28135084444
43866400,39140.05904558962
40999403,52928.89880690652
46414401,73891.58946896128
41124202,27516.62809474008
48720602,49157.01352877901
42539803,27451.439641124627
42808802,98685.4781167439
43856000,59718.206804724796
48838802,42190.24824017769
45327003,30032.75722502151
48421602,79177.64897329513
44047402,36154.31637139023
43681402,46675.8754827665
47273802,55418.125887092196
41810400,44340.30094395041
45109400,36713.47177483087
46791202,91130.83985807122
42960602,38877.906261709155
44259003,38985.623244369766
41044002,40000.28682276549
40996200,41163.73266077451
42454203,80115.94361428202
44858001,42561.09129042326
48864001,25884.305512334493
47309000,46600.786309016854
44876600,39892.51740629505
41677600,60047.92560042689
48640800,29760.962905240245
48771202,82995.44816137876
47502400,59732.49287446537
46174401,57212.58638486955
48699002,87826.71891047938
47669001,56921.28766881086
42686600,40045.213714398866
43884000,49146.460388487605
42272400,61103.23550894987
46177800,60500.24662835129
45840601,31012.776554797285
48255401,24116.784175055032
41631000,38866.82621346282
41865800,36355.55007438175
49948802,72625.6003240466
44875603,25229.184331930162
43576600,66191.99682765927
47433001,26383.869653685513
48343002,95458.48444849145
46344201,83849.2525709472
42997602,69030.87017750854
48745000,55524.804033804525
48694602,32866.05093582473
48763801,63002.06598119678
47470001,120844.73625992096
43183602,62652.56730634381
48288000,15375.90285688539
41619803,29705.295402875076
48067401,62327.94837220048
45103602,40641.53365039666
46019400,22316.40737656298
43129402,49321.76085914434
47221002,36363.74217643885
46537601,48663.30950498807
42425402,26999.028712558276
47085602,51873.20857438301
47374400,67032.60858458905
44868001,64284.329166507705
43766800,50771.75812441652
48402000,34299.745590386454
41435202,20478.142569212287
48899002,77140.02335884403
49027202,20257.665051658838
48590602,27889.620239038457
47810402,63316.118081914494
49989600,57373.79478062564
48490802,43211.19966100442
49885600,67241.38748844322
49312802,33453.35424444257
46046400,62393.65871414414
47112600,36902.4824894815
48005202,57652.359107400014
48448202,69974.6805550922
48367601,78318.70614788341
45108800,34029.39249315015
48596601,85475.2513158592
45564402,38973.98878619921
43804400,87245.6316948685
41726003,40095.046148149806
43605800,35384.46496389955
47332400,33775.83152576106
47823202,23230.15411946447
49283002,40853.61507302471
44738200,40423.17890485188
41631602,16442.391617543617
46790401,87710.57079758111
45462201,46760.26618512861
46075002,37047.75651973629
46430802,10867.785763672575
44119001,22257.546048706095
45513601,56948.57794112973
47487002,30747.196093405408
47777002,47131.93904064793
49833000,119614.17088400599
45809203,50236.281286011596
43165800,61906.084572965396
49344601,46503.372697014296
42394803,65191.95007664792
48813801,98742.50796609189
42928400,39797.67425255662
42113203,50080.23167437696
45730001,48897.58945250862
48487200,62525.80428113627
41048800,53383.21964955685
44955401,48598.06954200762
45207602,35623.81637345394
48976002,46069.74532271672
49399201,94254.6393093745
49686201,27687.930070026283
44632402,47469.73832563829
47717801,72360.80375280933
45117600,58917.99666804686
44317200,26565.28390851669
46863801,34232.89304164733
48527802,28075.63820598802
47215801,43795.55227254772
46971802,27691.62033120965
48499201,24798.137051732112
41116802,41641.994454453066
45407400,50324.62078479279
44919003,23689.77886088458
45251003,66705.61093146709
42969402,32589.33651140945
45530201,69157.67031595964
41890200,29417.19137155274
43280202,63759.81686529628
48873401,27214.559780131538
42401203,27410.863295274372
48049802,31131.291905898186
49214402,47954.32528081827
40975802,39484.02718819923
46541401,62287.0169450843
46291402,46144.774887917236
45687803,23909.01409550992
45739601,38923.40020570043
42753802,85259.42170269295
43874801,40404.27760729619
45159202,36217.04511048844
49124000,41645.370943900765
47058400,69392.51117129263
41569003,17981.182460685803
42199600,68445.36156847326
41139203,45542.24068322786
41618203,33098.37743983128
44095803,41307.72129025985
43911001,43251.475481225585
46945801,21388.082776159976
42382000,28942.533561504504
44186000,94612.13299811045
48110200,40114.32111969625
45234003,100814.45803088686
47119600,80422.48992043684
49938001,61929.07588256331
45640803,47195.75589287537
40818403,48524.520899983465
49266001,27987.834634203617
42531202,42754.47286831125
46239401,66532.7341734112
49125001,77381.8376283696
48080001,10061.16362681528
44871801,100182.41934430931
48124600,47030.227852529824
44681401,54151.35545325941
46016001,48680.41213473594
43562202,47787.4336433227
42726002,41839.19103177096
49901200,36005.090662598144
45342001,37343.771491533815
42732403,54169.39913967086
46811400,24894.938397647617
41539202,21264.593463449477
41705800,74385.30611614113
48125000,98932.41390439699
43866200,53606.58652302892
44967801,37363.36847641472
41130603,34963.032750005645
45492602,69256.42509879313
45060201,43099.50940813835
44412002,50478.81049779807
48936400,123235.42607589549
46573801,38217.99261665338
42989402,61100.9517320193
42972000,83122.7688025292
41804800,38986.84606405262
46738601,32266.017023948836
44505603,31025.212142988417
41959002,29827.272658494294
46031401,34731.86178544649
42857402,65672.89294267727
41200802,39073.84341587162
40832400,30722.390506553038
41879600,56213.9878195277
45285202,33145.782261245135
47001600,53647.55735692294
47956801,73676.77234781683
46835801,65466.56281328622
47742801,67760.53485825173
46417002,101108.31818699144
44665801,47818.259205045055
46210800,50869.43017269315
43918002,69626.69302730131
45463403,48940.12664761774
48163400,22466.256970241157
41302800,17462.96526591679
41662000,28312.101264192694
44369801,54512.812430334176
44210401,85241.60187987493
47270601,64315.39506828619
44644201,45391.348531793425
43106802,87201.89116298538
41443400,31272.357310541945
48857801,30246.43402087315
49259600,71827.76670306429
46061800,49846.74611433266
46273602,85426.11277484015
46603000,44945.768683085174
45534000,40404.66964276593
42918203,47169.90000428793
41882203,70109.76375830284
44773801,43359.01314768716
41124003,54649.09336964603
44928200,52800.23059047128
40942402,24818.54573071209
43722603,60894.589125390514
44879402,66951.0097282439
45532601,70039.48756839217
42678002,50264.29458126238
44819401,68262.52986154544
46187600,63328.090592629705
46476000,46427.434899239845
49363202,43189.97783461857
44942603,29074.20814617287
43109403,50597.70168262731
44894201,15046.99895310372
41669600,36235.37801118624
41432002,67300.68103369206
44763603,76503.355971705
42689803,35399.9217294532
49490601,35960.34779994558
45781802,62698.23961301788
41129402,46273.20886047227
47859400,49186.559049244475
41874800,53548.88685858616
41639600,22674.443102690002
44906001,62507.98602908716
41230602,26614.356560677574
43163200,84400.13656870066
48397401,59271.43273476235
42660400,29282.14658652588
44840003,78299.49181417514
44136200,103017.17374081252
45051003,17767.95992286718
49432201,44392.32112572265
45158201,49853.06450875188
43527602,58976.0407001767
41645603,42203.18773725369
45459002,49763.91420430195
45823201,31791.27641736786
43892201,48435.58968671902
44414002,60252.36128413892
49182401,27722.36291582218
46959801,32892.95126356503
45762600,39524.979664912695
46027800,38518.77948716523
45199403,54954.085142371805
43726400,58161.07877210482
45059000,72971.60900011967
42058600,94138.37241319721
45371203,66527.45676377213
45823602,32113.01318979638
41937002,15146.84740463664
41230000,28978.913856767642
46731201,50862.32256972387
42236803,52513.73772586968
44586602,74805.65473599848
43126000,9424.364281792929
42408003,58884.08520067543
46366001,77388.36180925151
43658803,84477.33063057152
45447803,79651.94463881626
44779003,19595.428661132297
45707203,44877.126259245386
43185003,47712.99122719665
47581202,31191.948504124084
49648002,56027.15717633165
44552802,47996.051845517795
44044200,35982.425286654136
41168203,37312.95911207619
46222201,51621.7092173304
41848200,47215.64766265801
45419201,36435.13376346671
49392600,44579.10120202544
44072001,63563.230049973616
43266600,29378.51718245656
42905003,58291.67045048882
46704402,36077.62964891466
48826602,105330.38850131573
46194602,48320.9883950322
44298603,19029.49631886533
46038400,62280.58167771549
47601602,92032.7573181543
49671601,26374.777209642834
48166401,67652.57921373664
41073802,49425.39503122708
47154001,13109.48494919388
43418403,31417.571084167073
44016202,29293.214639859114
42641000,49844.297046493986
49699201,101282.77619726106
44050800,98972.33821159354
46864201,57657.8601960794
44881802,61901.12481826269
44281002,36502.70363801961
47891601,55298.27636736385
46816802,13802.97031152629
41757802,57998.558895001974
44686800,38493.88668995086
42479002,31199.210486024007
47292001,46287.9442898005
47794602,35412.2760368921
43784203,26996.610537766708
49099800,77945.2119169253
49860802,17916.66163311195
46059601,17725.308217512476
45567802,42553.14240965019
45694801,25758.51316098152
47988201,104217.49462247694
43992202,25496.836997597005
41565600,18343.95376698094
40874002,42972.05417580883
41667800,59657.842100186
42373603,59897.65603962189
45625602,62872.56496127815
49043000,23133.631831945633
45223401,34620.23493241874
46642602,52457.40095975903
49064002,44016.97757286356
48835601,56393.64574474082
49658001,46282.33868640582
49597402,27841.462707169343
48782202,40815.083032454975
47897800,23915.904803559977
45789203,50712.46023552289
45257602,100565.53475550626
43378002,27650.867365589278
46381601,32264.668725866293
42855000,33196.624517603
43336800,83689.61375485733
46829600,93984.6259128151
41003202,36214.551664897306
49703602,31901.5856203773
46465601,78291.59072135718
47472402,59115.57081661299
46115602,33729.91920651194
49616001,22052.574389966623
45302603,41189.36151626379
46008400,49280.49620597433
40912402,55773.4854971117
41034400,71941.49590402852
44860201,23112.60973421344
48920202,52309.48420472466
43957601,36761.53570618986
45529003,85684.38088864008
49542601,28467.905460952727
41941000,57086.09819209037
48206001,23566.001868566076
42144602,22529.493582342002
45342800,20492.247402354835
44613003,21823.291291050504
44821603,52499.86208013169
44402202,55172.310570045745
40806600,75650.58873920375
47492201,43491.7224092625
45334000,20740.542400673417
45308803,42727.45345169974
49847000,41428.31248607312
42305002,19904.003378871646
45815800,58497.21954624484
44534002,72776.54112071011
45079801,31791.65719411514
41589802,64200.30218046649
41868402,64109.88776915897
43405803,58046.561214970374
47396602,72712.881738117
44973802,51083.18180010031
49303801,35900.73011668364
44637801,66087.87548767305
49156202,55918.04864816687
42641403,48843.127064996894
46662802,47898.45673941086
41143800,23138.939501066474
42798203,56637.67072354483
47762602,53835.4835345599
42394203,52854.0415902027
42983803,77421.7887273204
45637400,46592.1912225212
44545400,15588.432760529984
43945003,35794.41111494007
44001403,50153.0384434595
42093803,29245.554156974238
41940402,45554.42868574274
43172003,44220.2602419786
45495402,59984.75741282292
46339600,41663.91434362547
41259402,20306.13117897026
46560000,62905.86743818873
47104400,102714.32229616767
47746801,9516.331878887824
45333003,43266.07228023122
46638801,38002.67319664496
44364203,46864.93212128578
44580803,36131.54741841355
44433601,53846.53210787588
43338203,80033.34476388262
43029800,76719.44654199807
48824000,52108.26308153282
41947003,16194.579961386276
42641603,51629.76178243195
46228200,36532.88127578436
41690202,44449.52643650408
45946401,67307.05260955603
45866202,38398.217154559956
49736000,78412.34669143391
42826000,50283.43364742276
49904200,43599.694174750126
48453400,62788.2089108165
45063401,22363.35803488887
41267403,10864.955770908506
47041400,20342.264095133927
43984400,68696.70543011493
41789403,66177.42023541911
41209803,28550.510618334054
43948402,89500.70976833111
46394002,41610.573170440555
46722202,41414.074660597624
48814401,51740.32413441317
45655601,43843.0635355679
43307402,68179.5911024447
46469801,26229.73566015523
49163000,65014.50574276161
44027601,46919.628643872245
48967202,63546.1896905184
41938800,76163.86400951412
49348401,73912.3271372751
41369203,29371.24443939356
42526002,27195.063398041955
49470401,26718.96615835563
44401801,53672.1767118978
48093002,29600.43296729251
47241002,68877.37580688664
47722602,31470.440694919627
45286803,63565.756540789705
41975000,74893.99430238674
49451202,57649.5481559863
43016602,73177.12652492861
44265402,43871.803081372265
49362202,63774.01481275893
47967600,33877.745155115605
47514002,74153.73901031254
42592603,49840.91989117214
47448401,57435.434545255914
45238603,43154.44168928825
44937402,88468.51331664453
49754200,37108.54538915686
46284001,43188.87212076101
44877002,42714.21540979481
46662401,57138.06409154103
44331601,26022.17748484031
44700402,45136.16875667021
41848400,115261.08131590977
45670802,75939.72994571294
45322803,92789.12280422027
48233602,61067.59115699817
41873000,55312.19675328094
47223202,89271.29051684277
44212600,50997.09854299635
45385402,38557.75611535809
45879201,59675.23284049027
44745001,64597.51698257834
47106002,61219.44754484725
48628400,104220.24449372981
46362601,40371.84558601447
45432801,18863.009600354737
42875602,63395.16911312242
41082000,42026.690107689195
49163202,51062.31125955058
46379401,28087.570222082028
44942002,51355.31031317248
44951803,25522.76799148107
41987602,45773.56801874511
41494600,50402.63906274274
49516402,53835.40211985569
41299403,13318.203673507072
42143202,67429.16861149002
42622203,16537.840515497992
49211200,33307.150851904946
43145000,81696.62397624951
45269602,50557.66992636575
48213001,55965.62699857646
48237002,67949.57757995333
44302002,48151.38794891035
41968402,43903.68559004753
48589402,29659.050500940786
47712001,17887.991420238704
47918600,65023.17121120327
47895601,33181.09958176258
44710400,70641.17937363304
47322002,56283.30512239013
46543202,89493.66771189737
45444400,77548.14452276974
49509402,62961.071725148184
44420603,38719.37971724206
47630000,70696.35982580739
41298800,13426.912519305683
48380601,117382.85822744851
49091402,62769.240619872435
48995802,78685.52055719004
42116202,27345.103670896457
47130201,21073.14841075051
43153603,48861.808768926916
44551601,17981.182460685803
46927202,74036.39288074232
45237803,64767.00894069059
46679602,60378.23513282361
47841201,47653.92520604122
45723602,75505.52153070823
45485802,23396.103919446858
46894002,25228.351099799846
47264401,60349.781795790856
44586201,60949.02594010475
48511401,21737.347063342317
42839800,27740.321135466344
42204402,95129.06210500075
43682600,23545.628276148862
49305200,37681.38594433543
46078000,60218.35401688931
41351402,16292.809902198569
43027203,58543.72907993473
45747202,64907.229823858506
42840802,13633.329626869512
45232800,112932.31855123042
48691601,23673.931679425965
45218201,29286.3540354196
49326000,51231.319457868514
46261802,17767.52034668674
49238801,30738.045935315055
44301803,48223.7920874085
40911803,35077.65138539671
44046001,79883.56070323843
40974603,35807.0293657729
48776400,79038.89448077086
44228603,40698.059711193695
47258002,109539.03967687016
45572203,26653.27920180374
48966602,60202.34530863147
42322200,54366.64323461724
42808400,40074.861299646545
41230603,26614.356560677574
45187202,42384.81227929172
47569000,16592.012339622277
48603802,61296.70511320882
44849601,84058.53617704436
41926000,12347.790310681958
41780002,31380.352490464255
44043802,52473.45156701052
44454801,80680.26900446805
47527001,48479.481604865476
43660603,35421.54120965512
48853202,71484.20472191663
41122800,46741.12926099826
42326202,77718.46097839536
42266402,29661.260804413843
49573601,40710.70579774958
45296000,25101.00358507919
42834803,92098.2154242193
40911202,71524.18869118122
41131203,48937.58589507103
43102800,58276.557000740955
45640002,52917.968252049
48676201,28723.87303878089
48263400,61693.469299398406
45772403,21353.93230284313
44474803,24867.034644996056
49664800,47955.338657767476
41239800,21586.077460685927
43337402,91086.34798892867
46664801,41924.38257140244
48826800,37198.25933110362
41630200,23252.996465471864
47038200,81090.99506103783
44742403,15272.733166578531
45555600,105316.38956124679
48230602,49348.77705592802
43260203,63026.35151516402
43089003,58273.57914102186
42743600,54414.71578095492
47870201,78312.0334720105
48103601,43584.01869608464
48555802,65755.42096525004
43570402,41919.849287357436
43080400,77948.2474367008
43768003,46691.09487756981
41988403,82352.2474848999
45505003,27463.490891730427
44629600,78361.92702030485
43345802,94840.33023014734
42120200,36772.53830525365
44954003,67463.84291781505
41284002,29768.310086777325
45312203,59425.79670912406
48227201,41371.23073586144
46876202,50654.401837930774
49526200,56618.585136986454
45518600,19191.006205779693
48210602,68543.70928058715
48992601,19353.455496168695
41124600,63199.72908841133
46928602,60032.62141776555
43001400,99803.36089045613
45151401,93227.94867033715
41490200,56560.43971529047
44124201,34198.801803460454
49488200,24860.32818683648
45453802,62719.89151246728
48321602,67994.27142734732
49644400,82456.57527488412
43912002,74607.99899682435
47219600,29065.80271586997
45085200,40501.113724424904
48398002,48931.60382353557
47015000,83250.6443638682
43152403,61462.47732834937
47329001,39857.63555497542
47860001,33985.03042828992
47550402,86603.81160457218
43581203,25260.374221239323
49304601,48859.153004126296
43325403,72735.60805362968
44242603,46808.88117361616
46257801,37676.39405591264
45765600,53239.73836632778
44405200,64508.92336515154
45756201,26746.66685526034
41864603,33447.07812172949
41772002,24385.43853481274
44421003,32253.78117288481
41730003,57123.218859353074
42991203,40129.25588747266
43587603,82108.17707948806
48802801,32353.905672417925
47319002,29968.55536585944
49695400,57606.86949004219
45895201,53481.552118224405
49470601,45512.6258690589
46602001,25579.265456687695
41312402,20300.033525743645
44261202,66266.36832838765
49438001,33096.560350989384
41816600,52174.40241110654
44672202,74358.04400612184
47109202,53163.56967134126
41388602,34091.307860054505
45522800,38441.3215735071
48207202,47478.03852437076
46893201,25208.886258067
41439003,14989.893707017429
45510002,66430.23447019591
48330402,28762.057207628328
44976802,67256.1279138749
45366403,56984.275613151614
46120002,64440.11587749617
46922600,31413.83481635592
47879400,108135.05831575263
42717200,96087.33771737007
48105200,55349.68165826029
41343600,38063.547033839575
41760403,27958.436533012253
47231801,77775.98982526662
47856402,95192.90009198908
46131602,72884.83429604062
44509603,39818.094229686685
48548800,41155.09328477636
45373402,34210.02767318011
49779200,33838.442077155945
49638402,50142.32168798386
49756601,27637.251879958367
48735800,24903.94647210773
41144003,84937.5914514524
42584600,49465.583703087745
44491601,22293.012047262586
41437602,50712.068960106604
41981200,27969.449867843286
47641202,83915.38942489869
41030802,58983.80212708068
46188202,48890.980889274935
43867203,60547.516010892854
45144602,70548.10726526205
48738002,34115.13534782204
41228003,33089.6140778461
48322402,52229.00644828982
45634803,42749.819867514605
47541600,44073.42430020501
46886802,19075.70253103951
47780202,78319.08000155303
47709401,21294.89141742744
46169801,27050.450098414673
45793803,33473.39359492355
45647801,95889.72077292268
45205801,12556.239782950302
45424001,47133.818718055445
42797002,30467.9707986549
44372201,39164.97350273434
46728402,39359.97070868536
43490403,65561.72541901299
43183800,54929.40365929164
44349400,35164.22065883374
49444401,61643.87503115756
41671203,54967.06435731161
42240403,62338.019102835766
43414200,30239.52598799425
48435202,37785.49643576794
46080001,42134.510864021424
43451802,31011.96761229291
45380803,15849.770377781992
44188400,22770.44306851209
44310000,77881.64592722026
47831601,34127.275797719754
42425400,102617.647738828
41815003,111425.11932308372
43218800,54086.90851651512
42720203,44544.95463175437
41862203,17659.029878413217
41093800,105640.56584213611
49074200,63114.567979425745
46368401,51156.52610473766
45828402,40835.68732814735
44240202,66224.10676689087
41021400,45931.647514528624
47557401,54046.36219638527
43565000,93816.36572782848
44194800,32446.799635001138
44055801,57415.138517190295
48539600,30233.89833942832
49816402,23301.614181013163
45328601,76330.17215174537
45976202,67787.49484148175
44338001,59892.19751645368
44488001,40108.8837279194
47981401,49307.34456872423
41499203,48995.287408754855
46900801,18649.596604871036
41834002,107563.13518807667
48962401,41831.37360899146
42145403,52203.09877813014
47715002,45789.447707355874
45337603,38391.291155735445
47018800,17608.809864600218
46193600,27857.102009985785
46988402,18923.72841785877
46770602,111919.86593041153
41599003,64785.67072851733
44523400,70062.43798015201
45350200,79379.56458221604
40835400,91314.89842061128
43413202,78195.0812596526
43670400,28452.550176337456
49193600,83981.84644321623
49426400,34397.14835351798
48753200,67786.5200639884
44208402,43607.33285537894
46759401,133869.22401853267
46194001,20637.077416172335
41015602,31787.26932672895
45258801,32054.240118709546
46847200,54023.87395697781
46641801,48193.20050897938
45590802,40693.6652044349
48222800,62815.16025735923
49097802,51583.27966295745
43107200,33949.39685339131
43929203,64432.01750380089
49685800,88330.48988083031
49207601,50222.72001457031
46980601,48042.41179809979
40914800,19841.627630236366
48994602,75821.47929465778
49968001,12158.562101798525
45712601,29862.46416645947
45835202,37389.927287480175
46637000,13698.141049051475
43853603,49063.67401847469
45559403,36901.384350269786
46939801,32099.416774960897
41826203,61986.71811703194
41257000,27904.795392828397
45602003,103813.09331273579
49537801,64333.69825807607
44175401,35774.73242581502
45570002,36188.33627927692
46788200,51996.433589975895
44399800,58335.58534933224
42577403,55080.427369131925
46732200,95014.73825400736
43975803,117872.69745151495
40869200,50856.92363292335
49616400,50070.02303429992
41572600,42252.8833303699
44486203,34932.599456179705
44866800,74326.68840525791
42536003,64558.90337460884
41741803,45436.01574543886
47383600,95076.56363004948
41849203,23953.86039347135
44564801,75502.40943044703
47568000,67766.37202828038
47370401,47104.70432896595
43239203,27484.610507007717
42390800,67600.19674072057
44604202,53088.4197029084
42329402,59155.37974544295
42006803,67858.3648952736
46250600,70711.9999018274
45178400,72633.28198048579
42116000,43558.1574929224
40989203,112042.649157484
46279802,46577.78305286453
45538803,62279.65050926018
47938602,80889.79285638368
43658603,51903.50348338519
43022200,54460.320407550826
49353801,70416.31172570793
45128201,59833.128969716316
43975201,69724.4702307187
42488003,27634.608693156035
46559601,83120.53519797715
46554600,60453.47671507538
44051800,74095.71998006658
48197200,51794.34507549764
41467800,24756.06308934562
44073601,60010.3332751594
42481603,13851.210986921025
47145401,45704.774442404785
41736400,70797.03137548115
46400202,29250.252782004467
41378402,25312.88330763478
45484603,57590.51880391486
44248001,29433.545249027356
44888601,24978.072212679384
49326601,22364.663821286693
48406002,42735.311253980224
49747202,58672.862632769444
47233202,53018.22097343998
48750200,102325.51571086259
44085801,71351.45536007966
44497802,26006.866498499876
44593803,35927.628625237296
45171200,38541.513807707684
44608401,55142.80711836538
45988802,21042.489558505207
46875400,49354.393905514975
44383603,19141.22397269606
43745802,37325.15711456194
40811602,87056.38612940814
48434801,57871.867827916605
47203201,42734.44024684878
41459803,50375.63139689183
44087001,64895.36206996742
44549602,51133.25559069332
44995402,26479.840187732025
48885002,64205.525530825355
48443001,34063.25654171683
45462801,60508.13797161817
45598803,18711.788400519523
49057600,28393.611584518483
44506202,56211.11512169725
42883202,38804.656481423786
48435602,112133.44273236569
46436000,62724.4137910313
44116803,45284.053865005786
43145202,56399.31366617048
44746600,33419.52715611979
46239801,22369.283637265748
46305800,99721.80808391813
48316602,16022.252019657106
45511203,30904.956041230515
42472803,72991.81982773662
45472403,27110.62067692913
43062400,48754.54515860128
48471200,53427.79018861991
41098002,26955.93219053737
47516800,63052.78364707596
41274203,18962.22564596145
49772202,76399.3790167236
42536402,71707.3887687047
48845801,34827.21679942701
43646402,41344.31485393361
41264600,14045.85623800505
48889402,22399.48779407877
41728800,58066.93285539697
46672200,64749.8393315648
43465803,11216.545366757586
44004202,36007.667487542676
45091401,43246.6137809244
45244400,54192.15453007378
43493202,73742.53600390693
46916601,94521.6348405607
45100802,94136.71056347786
42339402,33327.946671126425
44651200,36922.30705984879
44951003,69421.81729066215
40881402,77578.00269323618
47816002,41659.37865176099
43146003,20829.790521973217
47957401,49854.097768813655
48177200,69793.82074904954
47360400,34470.64144873012
43923003,73935.81662851918
44702802,28481.954763624955
48045600,41860.058554246636
45438402,110256.84152812557
42667203,12412.181811977847
47350800,35267.19812736925
44276002,66223.08844018995
41080202,110132.57613898662
48076001,60964.33837478501
45519003,40709.8564086163
46706601,34476.346177704625
49827002,27071.785832060395
42755203,35609.77054168434
45827601,82210.9612961358
41174403,72889.78880612628
44894002,59850.66765335579
43602802,70382.9857195381
43655403,60696.698077450936
43325000,35677.99700625006
45387603,109042.30683565114
43064400,50807.22576457467
44098201,28132.549695189067
45690600,63184.11261967836
49931202,38260.83407478531
41382603,18656.86226491863
45822401,54532.36296641497
45710601,50471.23860354543
43490202,42157.78732119632
41690203,44449.52643650408
46764601,22322.22686430226
49725201,74980.50914580004
46388802,66705.68366672756
48494201,36601.616939009196
42154800,25449.731214612166
47140601,33273.7314834921
46770400,18734.79526084864
44248800,46113.674680612516
44257203,45917.37946640664
47576602,48276.49529176319
46564800,70559.39668213051
42826802,31901.247405374605
45513801,81000.70871253379
44024801,51547.61230769935
41739000,87437.6405045574
47293002,46641.95983534302
41474000,84441.47417449413
44780202,50586.71893761571
45732603,44300.68538639499
45090203,28033.71986116754
44559802,23929.582877745263
46963401,118604.75186215836
47760002,50136.35187514278
49662002,25511.4680665908
44433003,32764.47745482577
48715202,40132.85961326344
41338800,24280.017780887894
42235002,51829.479562758745
45596602,65362.52426599075
47425201,26988.323396564825
42653202,53180.78327034948
44063200,39389.477608236935
45161802,38571.618800406366
41696603,23010.850371317676
45224601,35697.50918644871
46968601,69669.99274255973
47941601,40479.007522937805
49508800,32981.86683894948
41504803,50633.23116160515
41824203,29512.761401729374
46847601,25395.741405093413
46771802,36813.31501158145
44454602,41275.875872757126
47546000,43673.31477429218
43679402,26885.011649217864
40864603,21659.3303824036
44311001,64176.02633409002
45227000,61014.23452532686
47151400,49186.71489520324
45256202,40495.79461333596
41273402,21992.535802571154
44091203,42246.16981355275
49458600,37937.40173383332
41236603,14874.040980380669
49849601,74256.79059047747
42939600,17010.088469861435
44817003,36004.05651995384
47668000,61975.039843548046
42699000,74936.90074193195
48006202,43866.649299917175
44409800,67334.46125784723
49103402,85820.02437794747
48306800,47180.58563728529
45648603,36302.05430502415
49285201,53819.08200343317
45416802,108255.69956836262
47553402,44882.08701173891
43374802,30704.984144870006
42913003,46255.796228004954
45715401,48532.89701524874
43081400,98247.66504070791
44843202,75791.48864629424
46316801,96440.31336719688
44547802,29074.669624974875
42970802,43890.72814497171
41901600,82596.21423911524
43927803,72095.12253331713
49735600,52356.038939914564
48650401,102360.8062837723
48995400,36984.678967234984
49385001,73220.8310167838
41282803,15318.378194138008
41007603,61912.514341653565
43884203,52564.039721520036
47281600,58065.620709091985
45902402,47392.25640835832
43431600,41356.667976444616
42691402,61707.44100138147
43242600,58571.90926682048
41665403,31287.518660562237
49275801,55818.03966611919
41453002,46423.79043269759
48071802,33364.26722774315
45786801,43005.93149860832
49798201,39010.902225133956
42155602,78310.55057915694
48230601,42146.57984203468
46331402,24223.9067244966
44553203,45365.777205154285
41323402,40448.2893294881
43634402,127583.84768678565
45694401,69337.67970354215
43035003,50767.07294569428
41336400,34649.55133006661
47116002,18058.182151326677
49008000,53183.31473475037
46413600,26650.335055038617
43624003,36549.39185536544
44985603,27052.375593556575
42291803,63573.593318842715
46235401,62152.86227659637
44412402,41847.23728361317
48476202,41657.77469116504
44461403,74716.15197266937
41680802,44886.40958378172
47224200,35954.90964222358
42562202,90000.3443215644
48683201,38629.85316993773
47453601,117845.50554927436
43356600,99060.5167312051
47571400,54576.52038832528
42849200,65354.1038102401
43533402,41289.68554778768
41939402,53730.779762441554
47763200,120630.9358965077
41958400,23475.971965097735
41682803,24700.79194494907
48545600,67888.13720928466
41887603,50934.760428696034
44040403,72317.55699544612
49050001,55606.68463010726
48116600,34057.50493625469
44753201,68785.06726856672
45242400,92441.98293187664
49487202,33671.27458983118
43812603,14498.36107746722
48361200,75625.12091178788
45649400,58057.2983894999
46291400,36434.53545043798
41169600,42255.21859532503
49819801,28010.68426616401
42034400,63526.83015836902
49657002,31433.154285072666
43879600,38633.5421133247
44879803,85757.45257569697
41191402,43508.32764748343
45416801,111036.75916783375
48026402,118817.3962845724
47190602,91024.09904920026
48943201,103346.94643886629
43497402,72520.22144323865
44301002,164797.22145322425
42075603,48873.321966280375
44683003,67575.98271886571
48231200,62639.53115717468
49788800,52050.3080056264
47208200,34024.5151845761
48917802,37553.010528532635
44555200,52341.845672630465
41159200,55851.53023629913
49479600,49825.80993834303
47831800,43104.893898916926
43877400,40970.12379854845
44067401,47221.5205896329
41617402,31985.939420407078
48996400,63103.06781946987
47005201,27814.590379026944
48993601,68354.2987255507
47599200,45849.265033539996
46476800,59409.88669512136
48245602,104978.7745523894
41281402,20249.65477076082
44137400,84302.92925629282
42528002,54784.78782084545
41983002,40579.93207753671
47488801,89264.18025679725
45252203,13964.9415211339
42572402,23183.997954158633
42312002,45425.33321412564
42527400,40306.133912920355
44424202,62043.69609497215
49427201,38942.7002166913
42401802,19088.979994494293
49220200,84101.26404287212
44114200,94841.27866391846
45240600,23659.760083026435
46229001,54492.25197639986
45073400,26625.41311554315
43680800,51674.66006463451
42911800,58507.86511160885
47692401,24695.959162588064
48868402,60796.889439333856
47876202,62807.603996984966
48225802,66904.77161377537
48286601,26135.9311032892
46064201,108664.9577262896
41749002,99207.73207043612
42191003,76708.66108586863
44908603,125600.73746022742
41246802,43843.995296659006
47489202,34249.46810844068
48451601,29777.530164418175
46154402,34986.49705703673
45140002,31637.934515142235
43787000,95772.2590131578
44349801,36898.838685322
44336202,68137.31405738651
46014600,70204.51848542404
48868802,41571.951827139375
46500801,48998.335029435526
45948001,55889.10428317481
44410800,71383.26465853806
49487001,46661.36838001547
46238201,60866.57740929168
47075002,50107.801022569234
48061800,19054.362993685354
42044600,21865.60610376284
45170000,54365.32334637883
43501802,45207.160779621016
41319600,25387.235190985928
44965202,42219.063082245695
46023800,18372.741974132387
41874003,35945.63799537566
45231400,22382.69902149385
46833602,84193.56764405822
44373202,99787.41401372282
46660202,45785.38685988129
41308202,38085.362125878135
45478400,118334.6017514168
49407402,47278.355340853144
45266403,121565.80202149198
48132800,32908.273840947564
44113602,90547.27961863966
44367602,41547.08652914982
45265202,65792.08638178848
48435000,72466.35469951041
46210802,58879.44485371513
49739802,58639.91412188466
49282402,26993.688784806945
41559003,8375.498152646003
41084200,95194.07214578544
48172801,25179.207647525192
42639403,56042.54542832263
44146003,24743.9250360713
41100403,62395.494073524664
47961602,91401.89186573186
44125203,51580.99071307185
45157401,82104.98480656566
47341801,74431.91208131528
46249202,67659.86534302167
40896802,23451.268080156264
41904600,68723.61465419654
48139802,44730.0807210093
44938001,44757.99305519616
45593000,94573.69982495255
44640602,43634.2493434615
44344202,106448.2147690753
43126403,55704.93080388663
42755403,25970.94921079122
43414802,46994.32413283332
45469603,45456.639761281054
49171400,80421.21746664132
41033200,37793.55330305999
47874401,103278.56326222431
44269603,74343.8615389382
44887002,52295.89235836819
41684403,48710.24166699677
44791203,87005.76998098321
48314800,42218.63838273265
47456201,48142.538403871455
41243002,30258.657142252734
46700601,69061.32212403472
46363402,30965.498057812954
47989000,48639.715837207455
47384802,37423.081881383565
47636201,13358.597991904062
44094403,66255.66478869108
44359800,59285.77959352815
44026001,55359.16779728676
41695203,22664.515791198653
41083803,53632.873308599
48790001,53271.46554735864
49029002,37668.78743974198
49837200,27515.79674696907
42122602,57964.74569266891
48202401,25512.078686820838
41695600,25356.260057212276
41956802,34242.35940626705
40846203,65181.17578217413
43229202,60928.21746551097
48134202,13492.40646214247
44738003,62936.318433065404
42993003,55121.25057349101
49820801,30545.95313604988
47836001,64557.228848367944
41251802,30305.38123503981
47054802,41739.09390634993
41600402,91652.13212160947
42320600,26910.71095627713
47142200,32092.928295729827
45668602,58066.23842805293
48090401,49099.490270396265
48572600,47283.8348356586
46824000,67193.64251516025
41004003,37910.46277508218
49624602,71238.66894454528
46227802,35049.117240824955
48041201,61821.43331407583
43774603,45243.45540991714
46722201,44850.21933248029
44478002,45213.00735684687
48016401,31813.403458237182
43465000,32963.17380363248
45866400,32072.85870094663
45624000,22866.170370945565
47824000,22214.611108997404
41113803,72811.54339544661
43856001,62401.37034364504
40875803,43009.01354269828
49309001,69297.8017219769
44273001,24393.842632270924
49252601,46255.79858203743
42924403,72528.78403319392
45646003,62325.97690752479
42219803,107412.39479289428
46513800,87597.6748985294
48984002,31078.940381313467
44422002,64112.67799075724
41706803,44114.67031369169
41722200,27385.059203690755
44356602,20881.12114121059
45317203,47151.583678834264
48398601,50979.646274062674
49448401,29599.83480340269
45813002,58716.39549456436
47824401,36118.18326513404
43048600,48484.16101212716
44324201,36993.89212257488
40902800,34631.086375648185
47286000,52111.00756739371
45866802,30307.376824491297
48975802,58268.27294548172
44847403,44732.316568489594
47880202,56885.31857070853
43988600,40890.42918874014
48910000,41097.81098182932
49460202,32191.447119702087
43868603,38977.782265893286
48083402,90826.2638896739
43366600,60359.68483181362
41345202,31895.74025927933
46887200,22964.69511706881
48804801,40574.06496253486
41720602,46288.11143015127
46137001,70019.27827790636
44711801,58958.82741043654
46870801,65288.33435819208
44011003,58603.72274098317
48817602,45929.32438256888
45221000,39059.25014189063
43302203,62785.44795770338
45917600,30056.797119269173
45140201,87629.62835697725
49970802,58531.974324096074
45795201,26898.337574603196
45944202,42858.78335676496
42777402,48677.66715461217
41581603,46007.309921515196
44333002,99702.10380839635
41903003,62339.13001617374
43062000,83866.19372137418
43273600,47111.88737021365
46296600,41860.058554246636
49112402,26943.78544509322
41645600,55723.17348976797
47772401,46172.41309680695
46007202,47196.8805360623
46888402,60568.002242653754
44366803,37727.690901922746
45304201,65640.18335715319
47416400,91103.95104708818
47335601,44966.206258428494
47302802,92661.1261248708
42623200,8754.352073459879
49150202,26966.930753228768
43405802,62553.883403196945
49827602,42557.202711978265
46904401,46924.56067039695
45201600,30098.53420440258
48395601,50955.35592540408
43742402,35313.50302410067
49547801,51479.38757891463
42731803,41900.360780279916
44753800,31811.27297330978
48450001,120512.37430646713
43102202,80359.7693284837
44965602,36013.34404324477
49464202,37207.73690240666
48681201,45671.59486132527
41212203,16235.828910607117
46745001,62650.240582355706
41788800,38400.586192534596
46757600,57923.27840924343
43943201,27421.180570122942
45288203,46852.322615427525
45994401,20647.0275326176
46510401,64834.12982925201
47124402,43687.63325494402
47228602,60536.64272918469
46568200,62449.68272484977
42487000,54653.735413838884
42395203,35512.38697302653
46899402,62045.29403181048
43672202,46313.65026977369
49204200,48165.89558105611
49904002,79445.48647307366
40896203,45196.62992312055
48642802,68569.26598945592
45595201,55353.951158678086
46476400,55483.66549758754
44892601,20685.404555962763
48397802,85089.174327591
45207400,41874.71295852566
46758000,53647.58639923486
45775802,88866.34071442706
43734000,43267.281742773106
47778202,67271.94865378513
48780801,63467.537294463524
42715603,58892.124934818276
41166002,66865.78331460165
43172602,46802.76287102785
43513802,27992.9261948101
44522201,45228.750231640355
47914402,45724.008392006355
41314803,26144.255906039856
44209603,91640.71013430298
44840803,91163.57248121407
49313200,53900.67338833704
47461002,30707.01562205542
45320601,57289.87210476276
42661602,7411.331774441838
47981802,63561.23566172138
43119402,45830.20522363178
45374202,32839.18069876296
44202203,61224.2770534371
43507403,27841.881681575593
48611600,59515.657710045605
44078203,35213.01853855493
44597800,54740.31488202505
40913803,15135.634700715753
45890602,37361.296136766796
44578402,33583.061006646836
49846001,72592.29703166179
46856600,53291.432937913814
48062002,38432.21268961072
40927803,57180.917324029804
49164802,79865.16179673525
48310800,41498.94777832948
42547000,67460.53154299542
47180801,32318.861809098365
44763200,41373.91129361087
42386200,98751.75936763312
42004800,28432.73175925413
48995000,26622.606537926906
45161603,34325.57382242287
43552002,51431.533801596175
46762002,33430.63588630076
42961202,68323.35683826692
47960601,116223.68505946433
44431002,55107.68427038639
46818800,44718.68592495868
41716403,23678.45957721502
49568600,55849.74806154368
41842800,44727.272560839105
48932400,77257.14377437443
43273800,58304.64147265868
46659002,84536.12339422668
48593802,66172.79474737635
45086203,68688.75234621817
45151201,51287.58570640774
49862800,56086.67891253646
45489600,69386.49817051178
43164402,39151.27897532074
46299001,31821.149498930878
47899800,29746.18173088789
49935201,58082.059907002375
44882803,55073.91010852639
43980401,42553.24283200913
43903802,15900.57859387754
45873001,81732.05298301787
40969802,50243.77197157609
49050400,13191.29864900092
44900203,81512.43357002323
46409402,52660.27738476895
45438600,30758.164740171604
45105803,53440.3063871176
42897603,56357.006312961086
47660001,32248.502840158726
41959200,29860.164267497887
47417202,20472.8720697197
48645001,41379.45710019309
46215800,59521.588551793175
41883403,29221.826604510432
44837000,51893.71397409387
49214401,58349.57619185942
46566202,36190.11527486074
47482002,46056.506051368895
41142603,94603.92062175735
46488601,89946.96626577177
41914203,30731.05054599166
44330401,36602.19323726618
44089603,57224.49285162735
43485003,45430.48243531665
46339402,40200.19533725899
48109602,61961.41142811076
46489802,65520.1038970824
44667400,52109.524588021035
45819003,41761.67314695305
43780403,69300.28564461206
44474203,37245.96201999989
49036202,61703.076525839824
49548401,36787.685244328975
40909802,36547.729860476655
48934200,51224.43518684778
43206802,72911.68672943766
41263402,29310.11738661774
45849001,57696.8886229186
41967802,36583.12979819741
41332203,18309.993248461877
41906602,25300.554383831666
41829403,17726.54861439958
44331402,51343.451460799784
41863000,26644.563169327135
43632203,61121.07057562446
46728400,76955.09988028006
47941202,94361.32689020014
44759600,88000.45641380263
46811001,45597.354703838966
44731603,25912.559704441337
44312600,23526.733240270427
49216001,53339.83134358619
41888602,89459.36752319383
41336203,32362.288690355803
42466202,41087.18488732893
47160201,61560.21488252686
45265400,85821.40150305754
48668001,26525.088671505735
42822600,50979.65161083981
48918401,107926.57002263292
49960802,22923.473126547644
46254202,10797.896611249053
49615000,60818.73988136634
48868201,54598.52490048558
42894403,71143.5296137569
46212602,80779.82297876038
41960602,73927.07850501467
42728602,38905.89382436278
42571403,50433.2831334791
41061200,46414.52504033354
44085001,25157.41568190339
44333800,37704.50741959812
46312800,47782.84800353837
46872200,124154.48548967682
46744602,25702.961569198844
48361800,25442.98172610346
42480803,32847.85064458918
44417003,26452.21591315842
49843601,82051.96589310611
45379401,63039.07636346555
47814201,40374.84489604474
43951002,14695.631720925114
41212803,30264.556476801954
46258001,44876.12032515406
44845402,44489.14662918749
45147601,73458.385768062
49585000,36062.54031921015
41229600,15297.074620286236
43458202,103275.8549418463
46679002,35958.80112266557
43792403,41362.39704453586
44597801,63602.64176380222
45351401,62963.541893594476
46567001,14210.361437160755
44003202,59896.47408446258
41617003,35996.20634047336
44101200,56854.12669882959
46895401,29368.37306353139
44316200,104863.04312310289
45732003,59895.78180786995
48540602,48082.63451678859
49746001,19360.07639207843
47523001,77392.6949233337
44626602,48655.90720558997
44440800,37564.080035703075
49569001,57639.11645471369
44645600,72519.41657599661
44355601,34195.552457774225
47677001,47465.70626276282
46737400,34989.66351479213
46800600,89366.5649858868
42749400,73351.33973788275
43692000,30653.754625882277
47817000,18515.91291929034
41861803,27881.714273856087
44697402,64580.531230508794
46386802,35115.62884783379
42704003,55321.039687433346
48787200,62547.18434325719
44527602,60024.550072444246
46860601,93740.00850005515
43063803,37930.026159890054
45305603,45878.164243034174
42477203,58107.20357261326
45532800,39754.518231606875
49771201,51035.977157684574
47188002,49593.60879493633
45771603,30726.251711153585
45389200,23028.768223564737
41239603,21829.297729054742
47011202,38534.54409103313
48199600,23801.360418806704
48988401,35653.80849878806
47467401,57814.32774501071
42555602,69864.4166670361
49881800,21676.362423943607
46457400,30016.414140118894
46529802,31671.760774899558
47578401,33817.30633692442
43679602,39426.55736019406
40892403,71780.98890962078
45412000,54483.98618096976
48434402,71216.61786252695
44924400,23087.657969312673
44070800,104203.62875806467
44496402,33270.87960416545
47795400,37048.06377811732
42326402,58169.46581344506
41484403,72971.05795553078
41685802,99338.66893333697
42220403,20372.469354065368
43514802,35369.04750738533
47492401,81384.15279013339
44882801,100059.99633793999
43983003,31221.253056756344
41154200,45801.55590529009
41018403,18487.206914888215
44721000,39904.42593553082
43877003,70642.04995930186
48658802,52385.77568647321
47057200,42926.06979089628
41554803,59373.53839562533
48212801,39366.817068027725
47194402,34698.496216156826
43887803,74011.38768409334
43758002,31228.40390746689
40901402,33428.616387285074
47109402,64965.76504418328
44856400,25915.02543940464
45490001,49543.03297833864
44088800,54820.64093928177
48572200,43694.80255712135
49439601,73643.17886744485
48788200,82549.3677449254
44052601,39159.58985861657
44845403,76797.61793216647
46003402,56585.512494246716
42597803,46451.080490292494
45365001,52516.71158056977
46956802,26089.95575487724
48299602,85519.86518184957
41483000,29563.827953469285
41284203,23214.47628024077
41096002,73059.63369674786
45782003,30704.317091295197
44144600,32644.401307554137
46029801,66421.9394130958
45677002,57528.114719706464
42114603,25623.231862374247
42283800,104195.48746202482
48164600,30696.281913084254
41485202,97037.71261593253
44326401,63688.211385113005
41638203,51793.24960143791
44784400,74561.3293101989
45335403,55396.64541396946
48566400,87594.49313031104
45859001,82275.86937977567
44884600,91030.2320165966
48372800,53179.09701897175
41051203,75225.72212032035
44959200,32936.88418995708
41201203,31651.52095890607
49987002,59766.31580261028
43378803,27804.482829379274
46775400,29847.693234061433
48558201,43011.707590047845
41872802,67557.4018247439
43205003,18174.464092049366
45992000,50827.08783516456
43374600,56470.604952119094
46488801,55251.735690779526
46770401,54355.5213088901
48413600,60532.18804078185
41676803,102373.56787198328
44027403,29219.439172229126
48798800,51129.4659890315
43422003,41293.78167987267
45300800,80439.51101899016
48528800,72576.06693434088
45907202,101382.1033902294
45588402,47931.925396822466
47643001,30014.04558070693
41347802,32020.894422972735
46310801,47740.94790424297
41222603,23046.91384530263
45413600,33446.562683003984
42575802,84095.93056730484
48321201,66099.55059385362
41360800,28960.580640210424
41023403,72588.36894090107
48452602,75139.05314365163
48202001,45994.223177274514
45396402,31612.092122408318
45078800,20818.214108909862
41494802,57815.09634693982
45098402,48078.84336340968
42883602,52605.01855968589
42173600,84757.49330440117
42816202,44359.98018759966
44591002,43402.36985406423
48786201,111011.53032122021
41974003,31295.149139852423
42387602,59392.346321640885
40836803,37853.08292878374
47970800,31930.485892945144
42102800,52643.09135856308
41873403,28549.530218760163
41511200,50117.543770194134
44018001,62562.96096760104
46594401,47730.27372139761
43047202,80807.18489219353
42639802,47043.47667968632
46192402,85248.70103423274
45590203,19790.41381979802
46597601,45616.37829539205
44504000,56029.6724221285
43232000,99905.67002699588
43428003,39037.662794440155
42739400,35026.5177691532
45694402,104446.0145547287
41147802,115500.96884924677
45076400,89788.05110911411
43453802,63535.986395656684
41637003,83375.45064842759
41102603,49597.77038932603
41484000,61436.11792138871
47455602,21333.519169272422
48242401,27109.389906800927
45042402,79915.70250972587
43832600,76968.69453561387
49426401,49647.33741783567
45762800,44160.33553446402
44116601,72212.08980823327
48436800,46015.49340845721
46638600,77569.21361501061
42006202,43129.51800650207
45338003,64026.77371267583
42040002,50049.9599066453
47307600,55119.63983161979
45347202,57944.34050706378
47632202,41933.7737257429
45418402,106051.16666751727
46816800,77477.45926133485
41735600,43136.31550083471
45344600,70668.27436111687
44212403,96714.76471032895
43074603,54659.734912660904
45515003,31075.43058223231
42662800,30674.22312283924
47053800,40047.85241030302
48560602,29467.00311668454
46300200,55794.13493638891
46683400,21342.379547289136
47121000,64827.63396754859
44059803,27214.706945868682
46863402,44835.85354040351
45499602,54943.45854803815
49242601,26629.139640590998
46218200,44992.61313211061
47606202,44726.33698711628
44334600,80370.57676478724
45848003,16506.641004511614
44823201,33149.89238310035
41027002,67547.6201992473
44035403,41621.66012632259
41726402,104289.4796023541
41753200,36218.08689695503
41853600,45141.56753546892
44833601,34374.04277593111
46667600,48580.93010345728
45243001,34882.44580144015
49226801,33143.929996404
45307602,37784.042620743865
43163800,90199.287393056
48056400,56758.53958622915
43622400,56502.957436295255
43237802,45129.32963469629
47563000,36792.96434528984
45918802,30146.16707839379
45712603,90190.89891272911
45505603,58257.911663295046
45285803,68115.51053881983
47040200,53477.37634978554
48001600,52790.21293647798
48230001,57663.90621975943
43187800,53503.85504168094
47101201,61506.03255392619
41261003,23986.62307005234
48371600,33934.69118381151
42276002,91075.48876909903
47749002,49892.76496143763
41611002,58719.03159553802
49314401,31998.89905385412
47684800,49935.363030360815
42875603,68383.28862918317
47781000,51627.58906738156
45774200,39273.476139584855
42371202,40358.28542964726
43885001,102971.26755114904
45430003,90048.51532708723
43402200,38648.85171872766
44631402,63114.04158575072
44881000,62206.23487524935
43900801,65167.56433061919
46449401,36368.79975844013
43187602,44616.68110862799
44585802,48283.65862144075
42194800,46781.831209999254
42628603,32011.82591157566
49241002,35842.08561727665
44649402,88519.46608228232
45758203,32587.201641750493
44502001,35822.60457000126
46609001,57514.850486529496
42381602,39604.22327484328
47663002,35745.93305199985
42720003,28768.83079212298
43820400,49529.17533529777
49518600,40871.008051152516
47234602,67735.14091624631
48102802,54882.915102927225
49144000,113021.57714423438
48551601,81226.54132341954
46415801,57105.22922210717
41339600,19371.33141751911
48801400,68787.88822190241
41454400,46773.80088675567
49537602,68565.91888221167
41266802,18957.890413937683
41453202,74123.32313906221
48989401,45061.80079394828
43453600,100375.41165329001
48986602,62381.53817297169
44215601,30730.01066329871
46311402,18435.84168728472
41998200,28706.716009395284
44596802,71869.9888376111
45610601,36968.21670500081
46436600,54705.82109550444
44180603,62720.799815266604
47543601,66033.379834907
42223200,23806.462924380576
42834203,22694.137261760174
41616802,33196.364071248274
45059202,50805.16034039313
45732201,40873.58547249426
42540203,42190.98891638599
41998400,55631.69198957521
43779003,75196.31666985915
44333402,55062.4811006277
43790402,62831.40259707121
42401002,10938.731124036756
44581001,69028.59392022272
48055002,47153.515179309565
48743802,82134.28384156375
48080600,77178.8275165668
46264002,66940.52352469537
42136002,38230.076313800106
46431201,63343.15019748099
49734802,64160.21596403153
49336402,63319.850486707015
44371203,32698.988570540612
47281202,87975.95814419742
47195200,16753.855481852006
46992601,70409.92305947917
48233002,53760.90115080197
43302003,34119.828689771755
46164802,58362.38871433832
47962602,37512.74443247398
47677201,81399.18387104289
42454602,78685.37085405689
42756803,36669.81837420042
41907002,31897.241501775614
49283001,32159.476176491633
47328000,57940.927668932534
48019202,6411.778650347682
44514400,84545.87373783495
46852801,49639.17999878468
40967403,57005.581865023356
47739800,60902.83884303013
41750003,37917.14262117367
43207402,46984.079002276856
43696203,40088.14342308709
44289401,25040.459929275785
45076201,40699.75895790234
45655002,70980.8784035121
45234600,56129.220765264385
45337801,60500.33983961966
44930200,41058.79650235453
44494003,60178.21197892318
40986800,28237.326615637492
44455602,36983.47032386042
43989800,52330.07794188185
46976001,89672.45423479356
48387600,43941.68491721895
44008600,42610.97988378562
43457600,48085.59874303356
46631002,49658.38064553084
48129201,58811.3021906583
41274600,34808.999495939985
42149200,30505.52620315564
47718800,62333.52530905654
41644603,70118.32838128445
47920602,27240.572920307317
45409000,38208.7333057954
45645201,69833.7527299136
42877802,48028.573485929424
43448002,52265.105479785125
49195801,94250.43416651842
49662800,32095.464177485293
48329202,69774.5299045205
48907402,37796.767619149265
43530603,73858.41332152393
42849803,121551.2363826884
45865403,33137.85487378191
48864802,27720.10261776197
48085802,22268.882240150146
49753401,94522.87421562626
41251000,24675.20941915782
44038400,29552.932232499097
46076400,62114.24226360121
44329800,40036.177973793114
43373402,39312.70860347915
41497602,58316.75343543117
48660600,47992.8774321892
42280802,82248.1807052204
48384602,60755.040190704975
49500200,25721.792353993682
41683602,41188.38054404836
41556403,38059.33501611158
45442801,16904.72626816571
47616602,38895.65308191451
42523800,82871.41259702548
44905003,40685.85799854373
46840400,54088.57808122631
46258600,58306.63617543367
44327600,72083.20786201925
44895801,89925.46532256366
47720002,62897.57228038032
47735802,76299.49073918466
47665001,30782.72229116684
46240402,53604.48058876086
46273601,70392.58291937788
47305001,47129.16661915619
47949201,14327.309589273013
42239402,37584.11796856434
43323403,29729.148987537996
42165802,57447.483594774916
47335802,54207.98619896518
47845600,32504.24025489579
45753001,70647.58175523602
41288602,32520.21286489944
44761602,62584.33830102567
42177400,65358.499580917065
48265601,49615.05330172113
48518600,33870.56713680233
47657401,96372.1339134993
41613003,53275.907277498976
44135802,27024.43130472133
41121002,53686.92834488684
41207003,27191.826066358713
44254602,43888.153142806215
47851201,34062.66239501423
48572400,87413.44251217032
44590200,32105.363561899496
47473600,25980.650538376532
47770002,67312.81859075426
44542000,37123.42739803598
43354802,29138.139618884197
45673002,62120.700648745995
47371601,25574.70924981824
46770000,28308.10957563678
41849400,26622.894737340743
48594800,78600.31689716256
46174801,47171.50937141207
44926403,40515.78361385053
44660003,38202.10335216426
47367800,75192.10558475966
46018202,57938.71988492756
41469000,45270.157986956205
47001802,49429.615459560395
40812803,58546.05310652679
47894000,36156.5434558209
41499002,43106.2201703701
41102800,52924.251451439835
41371402,29972.293436356144
41838800,29561.43201078898
49284200,55534.83868098832
49351202,49848.15371301013
42689203,35399.9217294532
43544202,89787.35315427138
48085400,64318.656350209596
46776200,16776.258696699893
44585001,38629.01981649241
43178603,28272.200953885127
46455000,29086.557024440335
45098403,97086.87332968175
42012800,70545.51491048941
43885000,32893.169719379606
49215401,64242.931650894316
42689402,35399.9217294532
41572802,48663.30950498807
47365200,54949.32400965252
44613000,25055.348042928395
47397400,84949.29937802727
46181601,37964.42189989971
46053200,48224.03730091158
48021401,40190.88832851131
44848603,82810.91901351819
45923800,43233.32757023392
48591001,40711.343706694766
49029001,39415.7166699164
47461400,85407.46835778272
44948202,32859.437697598194
47132401,62552.93505291701
43900203,35644.95465628046
42386002,83609.29211280806
48247602,44508.16544893419
48753002,44475.047152824925
43602203,69446.76807135029
43836400,48801.91576340794
45462400,79995.2811790935
44554200,24536.451315128506
47991602,107805.06852272578
41767200,50155.50949309233
46037402,46805.33286443652
41624800,18003.227340531586
46381002,43569.62891713181
42933403,49376.38672451219
49825201,53603.70481319785
47742402,18153.716307871957
43292603,46856.00505310789
41547400,24521.653179002824
41242403,15040.730408013653
48624000,74887.25841312102
49787802,79746.21097550658
44562600,68227.3819200844
42911403,61092.38700904339
43931000,69905.21513254383
45241201,87690.81243332315
49935202,55051.67207317349
45588600,58235.00430473685
45217002,38508.37069796457
41263202,30708.78589767775
43967000,34156.828894884464
49707002,68141.85316393888
45999402,85725.49674128531
43901401,33142.51326346441
43312003,46489.262459112506
49367801,66254.18870321702
47231401,63065.435975230226
41779800,41574.116364956
49715801,44983.39982009331
46454800,25645.0669938022
44506003,44637.98567378397
49097000,45406.00135019657
46137600,46198.83811143032
44685402,62270.22710783185
49331601,73326.10937667362
49747201,57753.8390079698
41458000,63780.162266786276
43958401,60249.87521202712
48397001,78138.17471497813
45653000,38759.92774352252
44747603,48955.142344463704
46485601,44697.44358750701
46678802,81281.48791930749
47218800,67644.64979476485
43650802,76247.64581961703
44150601,29975.75043797007
44903000,120545.8547613546
48849000,29098.218225571276
46818401,62668.477957942145
45383400,40313.59816867795
47270200,32862.80861228834
47811202,18075.580879233104
41180400,64817.46020132959
45621203,34660.91769473319
48281600,39670.25100258912
43918801,82594.29701535392
49287200,51455.06992276337
43782600,37952.515231564714
42579202,64239.26534235996
47297601,75066.49225668499
43473002,55037.43452340156
49945202,46887.4329282796
49606001,45422.96291304698
41965003,76517.63557791625
42081203,41834.36886798609
47715000,42999.75975848796
44076803,64543.306365895514
45628801,60756.2979096088
49547001,46671.31589982938
49668001,37434.04565201897
46187401,56503.676269716176
44401800,64862.432662616615
44413401,42627.57601745297
41781200,38956.066077158335
43089400,23757.003805201268
49073401,49151.93808941759
49063600,54396.69713637251
42595202,49327.03492839193
44192403,71756.67296982004
47705601,68959.57694133124
42747200,8571.414898542782
42220202,45058.62091998441
41070203,53903.17112126428
44227400,41489.42122556604
47091802,51350.08007778424
44173402,29281.500118210402
42742403,37222.13422858549
46401802,83023.80422339523
42829803,100128.20794257786
48811600,16663.68174861967
40908400,67577.27284121304
44071002,38743.135739168865
41886202,71203.2427854364
44456201,89342.80134824137
43114600,46476.36537415507
42446200,27888.682923251996
41355803,16067.11406051465
41234602,20466.77927711029
41388202,36143.59197720078
44280000,33930.59989260606
45408600,30397.185125101132
48455201,53324.65892709546
40816002,85171.33388610775
46291202,50907.42294250871
46976801,59475.150682080624
42395600,26769.67220508376
46440600,58614.10951199001
49917200,42546.091153522815
45961402,60019.99955914538
41661802,25048.930794503423
46427400,68674.95092927286
41050603,39688.4937733213
41996002,72073.6207649883
43850800,36196.61614714928
47712401,84415.54815562651
41817802,49128.6706250033
45882600,54953.64812716494
44991403,37746.76321751847
45236001,22718.7436162682
41339000,23556.332277729256
47577800,33640.83445586341
43764000,37046.9408220584
42317800,59450.58620385585
48981802,78857.54419160419
40913602,90367.64579565
41602002,26255.49323333028
43631200,88742.8662428174
47279601,35251.124560610355
44970000,34672.56736592254
44096402,49581.351161719824
49496801,24099.39100242766
45913602,26325.95478143807
48144200,75177.40522827017
46435802,46878.11177393958
45758802,29259.10693163168
48019000,55426.605567979685
45318802,95866.11021597337
47825000,30838.235126141273
47531602,34333.612532332314
46186000,59285.77959352815
47233400,57900.326412317154
43325002,41352.262097388
41023603,50272.98970106238
42665002,19066.700598743704
41001003,90604.20125288542
49212801,47017.31624250381
46243401,37574.94735590443
48362000,50695.539242460916
48795202,57268.628894674686
41216402,5317.565045340845
44862600,67071.47139291027
43448803,34213.894396191135
49024401,24330.062619648936
46467601,63122.04093319996
46564801,61473.804987926866
47558200,64851.41146583632
42057600,56543.9220538636
49216201,50976.86310047416
44569402,51613.314323059414
48495002,41944.83525821847
46508200,43569.5429232502
45534200,43426.81780556915
43370003,44175.031759209814
42202400,53025.25928663966
46555802,50847.98947203729
44816001,43599.319234513074
47524400,21907.26172132814
46787201,42352.792145670464
44416400,33561.782665311686
49978200,56980.38658325112
41580803,39402.177005302634
46981401,66467.53919844104
41661003,28973.278345012433
45765003,18133.82198802436
42813200,54987.73359180143
42026602,49363.62465962567
42900803,63557.15539979109
48192202,65176.676872928416
41819603,26411.9626816115
43722803,39227.09775762404
48833600,92776.01320542904
46038002,49252.87499909782
45296603,33256.1766418133
44716001,99359.38812223781
44771603,23212.94148516441
41528203,53383.12217410681
46500400,65444.489277378874
42847600,43922.37942435834
44134600,87094.71610029237
41101400,42534.93717075266
41908002,38286.686415560616
40914400,50782.057632196724
47294800,38436.728036062654
47435802,17348.065216090235
47713201,20060.19633561265
46890602,34854.10068501475
42148002,49455.57332731829
45290600,39896.74866142994
43112000,35960.00384925742
41233403,36175.62002301522
48461202,57518.19696180023
49107202,17273.597074652815
44523201,61860.588168236194
44654801,48020.499875163245
45846200,56825.9507781821
45127001,43729.3554662502
47752002,68215.77000068962
45478201,35939.8385466331
44877602,88062.98137921255
44624003,69047.78917870003
46288600,69516.92813006972
41489000,49295.03095640165
49943600,51785.41888402383
45486603,47789.53761107384
49843402,61186.66719809047
48317202,45165.08361427477
48114600,21061.819299432264
41541002,115030.73922751102
43972803,43452.506843671494
43712000,66512.35935988785
44111201,44725.27967456762
42887003,67419.63988915735
48539401,36494.14142634477
44345603,50902.30798231207
49222600,67558.07026492857
46313201,43683.36577054218
42431202,24436.924187918226
48023602,61854.75998144799
48432402,115319.86755612938
46269002,26574.863763647212
41037402,80797.84568008865
43818603,27298.57158119932
42367003,110943.90530821381
42887202,42451.01430853047
46746401,51977.976352422505
49519200,86160.63855213864
41888803,41563.33648915919
42966602,38657.10924176164
40931603,95194.45723609807
46546002,60702.52817842542
40894400,31678.758360501757
44347400,29237.125895026133
44395800,36522.51803119607
44008402,58110.64279706952
43934002,16742.425611087147
46078602,31118.430107607273
41220002,37443.173822322744
41061602,24895.746452804964
45177403,53262.40594021122
46963001,42425.06446703007
49635600,33756.838824618666
47059402,116059.48801631707
48525801,59871.02533328287
47398001,56570.4306131842
43959802,62554.33015901494
45757201,92234.57901164406
47600401,64435.91154287405
46987602,35143.1377930748
41292000,22425.108880642998
45217201,42991.973603401864
41930000,37836.54209917797
44323001,37888.96304620641
45078203,41143.16605092803
41849600,52989.0695057218
45918600,50961.96794974733
46837400,78527.49667499156
49441200,64765.67084565526
49809600,51532.31308526206
42459803,44692.4668278471
44856000,33091.02910609782
41247803,21907.612273381244
42576002,42375.783205635555
44660601,11469.132620048455
42860202,63671.63843378577
48441000,38280.558021306555
48438201,49902.713382652655
48336802,89219.92008195078
49080000,33638.460198186076
49652002,71864.30388010055
43301403,63263.60165240745
41622002,29443.282009278515
48176201,26873.666669909748
44200403,38805.47744761486
47362001,39236.20530226936
45288200,101716.145536733
47495000,55007.59222546067
41223402,19329.48831637096
48992802,64540.91197752425
48381602,61283.04230424763
44249601,36873.09247189942
44170401,67721.48202400554
45684403,60538.35084943498
49016600,52099.911977217416
45333201,64359.22755028143
48882000,63709.44345372722
47376402,101078.382257044
41467600,45570.4290543845
48940002,33963.724011638886
43934001,23966.680258645665
43380202,27232.961355949534
41653402,49902.28004932895
45078803,60931.34582441274
46668201,42878.515693102854
46206800,86124.2454195588
41949803,9268.838186162699
41461802,26881.326815977904
46503000,55546.145212117626
47432002,58170.932481414806
48443801,60389.85024889595
46152402,21164.66090141777
46641001,65772.50615670645
45321800,45812.7509525166
42657400,15619.164915944653
44762002,60627.757587737426
44047001,50482.034003863446
44452800,63756.49621632564
49674601,44725.41970313143
49169001,44829.05245418031
49978801,83514.48360845822
49744200,30127.160600085823
41461402,44840.85873937407
45068803,72523.23575687203
41882200,57283.481469221195
47173201,20475.884092780674
46548802,38112.99686892087
46574602,78232.41683878255
42622602,55666.257851041875
48227601,33204.326506920916
44292801,26340.839623836117
42617400,41329.33143969409
42877803,46474.183518073296
47707602,39953.94749685158
44969802,43272.46280505215
49738801,53123.96426581679
42088802,30684.435279977988
44275002,71856.33441861093
42531402,47717.117746878015
49457600,27973.35555322506
46765201,72874.59468139723
43811002,46306.945990461405
48217802,46719.260791889756
41868800,37835.39506429274
42710002,90080.08251573193
49561401,33725.80036133359
46158800,108702.47440173526
44609200,39085.79771567934
49624200,44130.5067153028
44746800,56305.62511417596
44189402,25686.150497061688
49214202,32286.67004685372
42597002,30671.23873017495
41342803,24274.7877710909
49845601,62771.82929407792
44644400,28496.772472161414
42502400,18664.775670962885
47947600,48439.90402625161
49324800,87231.62923684139
46814000,39242.67955597015
47082200,77936.36878207045
49892001,43554.62387049146
47010800,62504.318487494755
40961802,47399.861632470405
43806802,66543.15225171868
44040202,67869.06902407967
41266403,25852.163376244687
46048602,25515.46145440296
46874400,39974.214252870224
48547400,91987.78924704227
45934201,39054.00993287936
49304402,40078.94414352046
41708003,34787.860790637926
42664600,101290.78563694932
41164803,55026.981864150424
46936002,48369.35473942771
42204403,38947.815087729236
45599203,27539.512722514773
41640002,21896.21075429197
46847802,28661.589030443545
41942402,76039.31310558692
45096000,34616.1483514007
43687603,23864.00505322491
46617600,37343.74468566806
44857200,67430.352523312
42962600,21949.610214447654
47954402,41566.0776266143
49336602,49609.42222757512
48331802,29530.224725544744
41043000,39636.5301870489
42422003,25186.79730639776
47794002,55125.2984815789
42781203,27753.990107136317
45372603,118656.39230536894
48888200,48976.483390947025
44477402,64264.22056733433
48269202,50062.4815736191
47888802,39702.13814089958
45800601,1566.1627494333807
47191001,54280.80615069194
47789802,33419.39084530335
48601600,54785.92182678407
47273601,40147.21560697009
47107402,57583.317329496494
43712602,91555.06130403525
41284403,21367.21478079213
41291203,32043.82595327744
47031601,53709.621403926
48372401,61220.82545352604
46640601,51527.70775539267
42980200,44982.60579263156
46074800,41915.51054804117
40951402,32085.266440756914
49571200,35743.635053109516
48201201,146100.84927603512
44553402,79485.77806455154
43511200,80204.39988425639
44496400,76862.35234567025
46241600,78994.35320438693
44471802,31953.840375254193
44744800,49760.15080860567
47058802,108291.87024789702
41903000,57224.110755270856
44009200,14087.711772864233
48361202,56379.16091959957
43851601,31902.45435766489
42775403,53532.223124717
48534600,68583.4576986532
42202802,56315.716906250156
44333400,33949.76490363913
41628802,85076.76501542516
44476602,18480.288985210493
47499401,54355.89424836067
44393402,72759.44211824561
44745601,19206.536151270902
47723402,67001.95374329292
47466401,56177.690103451605
49651001,39169.28015635125
45459202,35390.14608316763
42420803,108622.5832266933
46188800,52838.872221698795
44626203,79307.87057703888
49059200,24364.273683075895
47345800,48924.33866492685
47984202,40510.821543224454
47941000,10954.418296577176
46887002,43716.386360165336
45736003,50899.408568952924
42789803,21621.510813033317
48970802,76715.87306756091
48371401,47933.89987552334
49043401,25964.630216075348
47271601,55406.73908637185
42738603,55459.89531528026
41630202,22943.963454520337
48787601,61166.557105216976
44558001,53235.49661452886
44950201,84509.18496027152
43851602,89493.98403112426
41679003,42199.66604280504
41235800,25065.321751254094
48547002,40352.576789692204
41224000,34475.538486312915
44808201,16831.47972511466
47304200,68222.61548175174
48914801,59612.35241853421
46005801,89415.76727579332
41208602,28550.510618334054
44266202,57752.94981027051
45148801,49286.73694530185
48080200,44341.522375514076
49248802,71347.58272058127
42187003,42030.10193806708
47339802,48934.591226978555
45475200,82404.24543329625
44420602,42541.29416723509
49808601,40000.94963142095
47669200,28531.161378286997
43261400,53436.69442404959
43265800,13830.737272470033
48120800,44587.17835018569
43485202,49643.68877376969
46145600,44331.84074165323
46918402,47009.04372948006
45907402,31721.800334408123
43375600,42547.21791523482
48964600,39736.60478413431
45369801,58824.939302522354
42989203,57850.74688024638
42283803,20959.432248754874
48776402,40982.06914214343
45703601,70581.93854604271
45646803,15210.835769344696
44006000,58556.0542255255
48596001,41183.88917567875
41498602,54225.75578321508
44702801,32272.75909766747
48838800,28877.36016786589
46472801,57112.82101140634
44010201,67816.27949934476
44558203,40768.51329581121
45879001,27032.48227541742
49207000,30757.608466290207
47094600,42409.76650077454
41392402,60306.19815167608
43532003,104608.71231710553
45089202,80840.93435523278
45171001,29196.462732000706
46573201,40552.37103975255
47576800,37032.915568159966
41214000,16390.7595391563
47745201,27710.014452973835
45380800,114853.83778241917
42128402,30993.795592754417
48709801,75048.10697702982
42810000,64986.046250870306
45181603,39175.749772467694
43984403,21555.632559025376
43349200,79769.65997421951
42802400,79958.26750324332
43690802,91905.54353246391
44827001,61517.364299833585
46414601,52960.0801726039
46454202,73017.54133677407
42618802,66689.59074291856
42448200,25855.053007557737
41265403,21789.446842322235
43540202,72125.35850294783
45906402,30877.020928082467
42225800,21945.00260677767
44347201,49034.94784523686
42453600,56495.57318407287
43367600,51389.98887552244
47770600,28620.431898912026
47591602,27800.22655112489
47932402,96881.84332770077
45787801,25247.026945894075
49447400,56860.846908798245
45417401,65525.74837979017
49966400,33409.91709975093
42485203,74010.52714743874
46803200,44126.99513685159
45938400,71656.3450917007
43640803,71951.90905933284
47119200,27937.559863066337
44714200,60702.22725550755
49719602,48877.50241690525
41173602,87891.21830540473
47614601,42025.66640582923
47488202,58383.878385041884
49524601,38057.28955172801
43725802,32851.86264004604
45120001,88688.22679924796
47733800,31946.14219301816
41409202,47823.01284425445
42694600,71438.13504431304
42502603,50864.89819522289
44296403,43219.07284557111
43883202,51306.91209443375
45604403,35506.526082180964
42829400,46152.793031180554
44455400,54695.393460541774
43470003,50538.91131096077
42807603,54068.39779402388
45209803,51511.83151315237
43783203,61335.84689318013
44093402,25686.321200380968
49407600,31588.01472715378
49851601,49320.703554574124
42227600,40615.97810465582
48186202,78095.41567251537
42171402,22721.272304565107
48484800,34600.40472841986
46170402,51093.69802268146
43375402,55920.76292217161
41146602,121041.22107281693
48643202,37214.376850351386
47887000,31137.117923913305
43175803,78439.58908053431
49366002,21436.53202037623
47447601,67480.65365155038
46193001,22507.39200447589
42333400,40941.120379809836
41347603,20910.5511231185
48799602,45395.980373091865
44369603,63616.75431336521
44793002,39726.78913435425
44324001,46998.079045554914
49710201,49931.81267271635
46263402,51206.53755763731
41446003,50017.968105929416
46807201,35742.99393458561
46335400,72078.7285269768
46712402,55619.13485514948
44772602,62886.58880729692
46693601,16267.076525218035
45567801,85306.3151873732
48839801,75511.30169137895
47511201,36524.723615453615
43451403,45779.723504283764
48095602,87216.01404090591
49665201,44729.538621206564
48152401,32150.436739901263
48198602,9858.14920516617
48239001,90687.08176678207
44773800,59363.368904224684
47269401,56209.321456253296
45446402,26904.466186275462
46741002,40781.817316767105
42543202,93771.43069400804
47557402,16595.980032045492
47992601,32963.5735355357
41382002,32620.998493369312
42958802,41572.77958396633
49598801,64802.87695095717
42400603,57989.241524856334
44425401,33229.79330422735
44899403,60112.2906843394
41812402,57788.85713426266
47773600,91230.8380914648
45150603,30194.64084384461
48107000,81158.55870393672
47060202,21110.20218480796
44323800,23433.828353513607
46361002,47378.58686834438
46522000,28389.03670361948
49197400,27806.844605792263
43960800,22180.281843529803
47075202,47846.697904893204
44595203,18227.73952381956
41462000,22798.518694552044
46974400,69286.34797273025
48280600,81679.25748480707
44745800,41556.35090507778
49164202,29205.538077427485
43771600,98788.72451499494
48478401,47692.35932067474
47959802,59602.574719519835
47568002,27320.30956344821
43329202,24578.773383189688
46383400,50306.275483664125
46529001,62507.77056718098
43485000,84688.22157668488
49576001,48410.12896209555
48420602,42994.64537481332
41336202,32362.288690355803
42420800,102541.58683091808
45204803,46863.91146475867
44641200,62438.082683819055
49011601,13185.682150574401
49262202,47302.46773280803
45023403,16133.0153030123
49734001,33105.4650824624
42334602,73033.74481978446
46804401,45774.41715500255
43924603,66441.01978218436
48458802,92745.93050430136
43046403,95611.83033782478
49457400,68667.50151231587
41882002,62943.54392251208
48454201,78105.71701465567
49882200,41367.20178868658
49644201,32686.63582385349
45734402,57929.308513218115
46547601,26082.68825052889
47647200,66614.93685937248
41129600,60943.081182144786
42497602,33894.541411457045
44386202,68526.99611532771
49823601,44334.76847668064
48956200,44799.38437732049
41031203,11469.495930536512
45500203,77086.90691500003
42002203,44757.22247201857
47174002,67749.86216039913
42145003,37762.14758728725
44202402,117608.3607930548
41555200,96590.57251216457
41961803,34281.13795130927
47783001,40698.059711193695
44230801,33807.3637998242
48809200,71002.68052664463
41467200,102653.35828304937
48023002,42978.35617627307
44764400,16262.971296232688
49517802,40907.006196579816
45902600,28343.204535024215
43798000,58352.47037839262
42897803,45687.32133813181
44164001,34726.19996488509
48980800,25016.231903055035
41287000,26964.586867540937
46767201,62048.52800924026
42542403,97835.809660564
43956203,51463.361299886405
49967000,77366.61294907986
48807600,45081.41120059142
44581601,72388.86517981351
42053202,61828.56131229649
45112402,28758.59399564027
47145002,77042.85162089788
43884602,59443.28687257289
48211800,53521.00739895066
42102202,75855.72091374976
48226600,56813.76244735188
46570602,22534.920283539293
49321801,26270.542732013557
42059003,19144.10514924062
46072601,57899.05395892598
42351602,96048.32329612173
43448003,14896.272707649303
44504203,41158.017734854526
41003800,71493.19584402663
49430200,20647.691290823695
41052000,90487.48485257829
42414403,65181.895054813314
49447600,47543.036753689834
49689800,60500.808986550204
44013602,79154.27935717307
41010800,45422.75736485151
49635202,53704.46151000542
43878401,34691.10299509948
49753200,56594.56559252736
48456602,35067.00878642923
44158201,40374.84489604474
45427002,83074.97687744156
47641402,49340.26671492689
48753400,53013.66998713248
41876003,46063.28351750461
42919603,87235.15271477096
41480000,29261.725651048102
48595800,49291.845664076376
42808403,35248.97947682225
45482603,79495.55842142714
43869003,97394.72020802015
49046400,88366.72130873683
41855803,17485.53684306136
48197400,61976.08644734113
44534400,36816.74252199538
48734200,29095.711006371916
49107401,13920.610971864
48159001,33191.51043196408
41994403,19062.802736405756
42736203,51729.71115970194
44046003,22598.344979619644
46288801,34732.97253200563
48291800,72703.384930395
46591801,55394.964643902036
43154200,47520.0822037508
48401801,41384.92939257969
45701600,83728.16436867163
44040803,30827.979018484548
42016400,67983.65313839924
49399601,72846.00959218667
43432600,55352.243458418874
45620003,28633.4713293444
49882402,48919.538757062524
42665202,16763.0330788818
48259002,32336.368257228947
45656800,47659.439485839815
42514202,53625.880690214006
42146403,14464.796719889819
49117800,55662.27969291288
48563002,38519.52834838334
43049203,44323.80696271826
46201000,29763.7211165519
42887600,37915.150131235525
45199202,89032.571044902
45864802,53319.16882114192
48474400,50420.50422588279
48624400,75358.29187227567
46583002,70591.01331714448
47813802,4614.215409972836
46226201,30190.653809858628
46295402,62926.19532189643
45449600,73170.38282575794
44150200,46113.64580702991
41628803,61734.66934121473
43925003,96042.52322356276
43853200,24507.673613940027
49714600,48267.46950513848
47118802,91581.23580023939
44008002,20339.992942699322
48503802,47899.55093264664
45781602,78894.99491739206
41374603,29398.014551215325
41420603,76465.35427845453
43260000,30774.716035839378
49983002,72740.37360881714
45448603,56220.21434211566
43015202,48114.965377944165
49000600,7104.656422533197
49292002,52592.00062476239
44572203,57482.01769429077
45321200,44913.45889431747
44608000,52262.811799418596
42503003,35575.45853223092
46467602,43602.065323291834
41688000,59143.972413660114
47907801,53560.15961446851
43983202,93666.86634973733
47587602,78270.80765406942
42945600,109197.51638718843
44182402,63711.41262212732
42297202,47536.45167665528
42931400,65831.15743605552
41297402,16077.801542081957
44378003,21754.73827275584
43422402,80728.9671365674
48350602,40971.74213007611
49816200,43064.60113197164
48729002,40120.02213605074
40885203,83712.63335384795
44359203,62820.148089762224
44012002,37475.927260752425
49669202,37516.41373359555
48387202,36510.13985781341
45491200,61729.80399458988
44644200,43823.241855642365
41864402,26616.12213699935
46948800,44605.56783677073
48191402,45739.2434872202
48691802,32931.146514087864
45243802,36685.95947553638
45728800,34142.65782628085
49510602,58219.46393909125
46057400,33687.835859302926
45744402,63646.427117065046
44982603,71500.5218757669
47832601,19732.28051003878
47591400,47529.046300714166
49824801,56316.20090682355
49401201,38765.23916961551
48214800,25714.534265048856
42667002,21234.128577601503
41698002,67628.2425888358
47075800,50146.6518116555
49513202,37051.95892052405
44765200,42718.86110646431
43799802,77137.57254539784
41743802,63601.65043631472
42303800,24522.027213409245
48405001,33673.18458480629
49212400,49805.85401015663
42993802,41744.549867556445
41996403,49203.56531616583
42201803,36883.8409185385
44551202,101304.05267969603
46358802,55064.09378919653
43389403,60032.70303820369
48939002,97351.875730595
45804802,58569.070255023005
46551202,61847.47295221004
41797800,25677.577178058105
46762600,84205.43350627244
44233803,38874.952840237755
49122000,23517.97678897348
47767800,27410.563510449712
44379002,59553.35893923257
43481602,64831.989507680446
45031802,65371.07876724057
47586602,19546.940960199052
48189400,37669.72208853581
45139602,41778.46871492193
45685600,34305.86776098714
42709400,60860.72874071572
49860600,61193.6737066893
47272200,7035.72349587184
48971000,38302.3014573687
41687803,67916.80177182413
48961201,12515.634065328348
45185003,77198.05451051064
41548000,15467.177804443527
43141802,42609.25947876333
46502402,52923.65225682168
45718401,19763.69423698399
48945802,58367.636883118525
42492203,41659.70574575627
44403601,45907.04696807314
46523601,75657.19551519601
44581401,48752.01270943455
44529400,39224.83504594057
44659802,91363.55420738031
44595400,34668.00447638252
48513601,45388.77025075535
45744801,17720.1655764046
41752000,51264.33552048571
46718200,37966.3444237423
41314602,26144.255906039856
46504400,24734.422394620684
49655201,51912.76860261239
41130800,69202.04729163004
43872403,73155.13584105458
48254800,80071.70871902742
45142802,29444.349470198176
48557201,50205.180941244354
45134800,36063.276999814625
44823801,33003.15752996846
42266603,93089.45668859684
41412200,34131.377607945156
45782001,77156.27328595224
46791800,71361.98938249226
45600800,23000.866968882627
48033402,41082.45882815577
46136200,39414.01924255247
43525802,82819.26018289634
47836800,23753.285045242228
41931800,60859.13846413874
45424801,76157.87306916321
47503800,84005.14637145349
43813802,76297.36164942777
45351801,18014.45664686021
43861602,58047.82107649914
45684401,59049.840231050526
46035401,44855.909481247785
43367402,50214.72277724514
41592403,75293.18461333176
46110402,91534.93655961679
42804603,46133.53436796334
48546402,58072.536455356385
43955000,38201.80940695372
41749603,50658.9551609392
46080601,49877.11534436308
41577803,15571.005202401557
49148601,73806.65360763426
43246202,34640.59281661543
42258400,35050.72572925521
45208801,41422.756312288155
44913400,89001.85306845838
47532602,84343.37022908055
46749002,54301.38410934286
46237001,64403.6131425459
44570003,67833.07246859722
47203001,72783.90109717983
43877203,26363.041759627813
41337603,21711.786865047005
43266000,62560.55123147464
48000802,50203.00639248022
48139202,31380.191883300737
44264600,39219.96695719623
45164201,74794.04576395615
42389600,21292.069518281936
45863800,71871.02366583163
44885402,25386.305715396717
44125800,72533.1920602185
41349402,23446.777856093366
42641802,68701.73145371626
49563402,34139.02872141233
46800402,63046.76843714935
49074002,66100.08480920155
43149002,29209.569956680054
42985603,44782.458042209146
44022003,52302.1936697904
43108202,10923.777265826684
47440602,56701.36109032304
45829200,6852.536197017624
43810400,62191.46728103227
43850603,54061.26691094704
48325201,47374.59039808326
41737000,61608.1796440826
43657800,45968.72106036483
44693402,37575.701759476215
46251801,35007.407461058
41667200,55891.34661419938
44866402,67564.96200120085
41254602,25389.938059872606
44644800,22747.997814319056
49306401,36505.22863438803
44859202,44475.87751568753
43076000,47222.3834136313
48041002,74064.64409820488
41740400,58803.74443707957
44359603,48698.20616921165
41252003,57345.19018947208
44128603,64603.82904286795
43013603,56938.53135616026
41529203,65047.811707518624
46899001,55438.27121647362
45227402,28478.720149358553
45942601,51620.20313877973
42121203,21457.465579721073
42737603,20246.818904106138
45097801,58639.82703659251
47637602,51290.53909252321
48444801,91581.83342059735
48368800,82256.61283097902
41977400,81912.49435306704
44243002,43057.79422604093
45954600,29869.52277367292
43212402,45998.37002623601
46111200,36818.59165542767
42637400,63864.903624573606
49122402,82290.56935931675
45383403,29605.582065481514
49510800,34575.744315391654
45960800,29148.716445823204
45531800,44478.14134716797
42741800,45984.37535211552
46360000,34560.11157902489
46088001,70613.97617138544
43626200,50717.56221432289
41804603,47810.91215312664
42850802,43553.0734609201
44201400,32689.345311816236
46830602,53065.4047615296
42742602,17778.694806400537
43687000,41604.10248410107
41845203,15564.598119380375
45470000,82168.21097944141
44976400,43679.423486636355
42768800,54579.81288141396
44625202,42869.94974504444
49062401,79344.04192688377
41789003,36726.13427493186
46933402,110201.37517094889
46841200,46774.57508207609
44919400,117195.72603875893
44673800,61896.34523699514
42016603,29930.394129787528
41770202,62189.55714596047
45355800,63100.50280922506
42942802,31517.549680511274
49495402,52019.521062061955
45658401,40291.22964194797
48719601,48036.68951519045
44749001,46564.92618106672
44712400,54401.78208327506
44162003,42359.63505261805
41344803,21962.16202453232
41389202,29733.798452472045
47668200,19359.162309803
49243601,60712.56474545999
44204802,35387.88364360652
40839202,50614.100702097094
45764801,56506.80471994348
46088200,89114.5452906019
47966801,52880.891201984734
47172600,119127.41981613924
49105401,55052.69328816852
45933200,46566.494262956934
44763600,57525.718544579264
45116003,96326.85365562461
49647402,69862.7666813962
42052803,80403.03033375114
48138001,90960.77705399005
45549403,25259.78868217663
46421602,67542.27705605085
42453200,56381.013144172306
48040402,93481.0538037466
41319400,28800.722997799487
44606802,39022.7056120694
41168403,33207.839719743955
41214802,25180.12590343551
49470200,53623.07290917543
44031203,42143.33486345438
44733203,26824.81301995367
43689602,44007.34667224472
48870802,25394.45423561434
41568000,16131.743175827123
46782201,23211.47454740401
45521802,27010.791500094118
49064802,64331.593530550905
41472200,33577.2084067208
46559801,43174.38853526414
46525202,53863.943810155586
43493603,43756.049260240885
42446003,30511.758615254446
48389602,34598.5008148873
45506002,44046.09466837131
43576602,144641.44620199787
47309201,28954.13102748876
49174201,75221.82068230027
48523202,72762.02930123878
46837801,53637.42943241135
47219002,50818.75564248835
49122801,56958.81238819695
44857001,61709.94913137956
44650201,27998.190394267833
41267600,31801.958630131572
42146202,36770.927014260466
47333002,63835.61429496051
48514201,15045.061735036456
42514802,65741.21781141615
41422402,29864.77557070069
43236003,58216.264434287135
42182403,24463.255672252577
45649800,29206.642645611122
47228802,13331.718327256334
41379400,17804.13924399558
41948203,20158.366674893732
49908401,44834.47917289947
49054802,97567.83844371096
46435600,59675.45527142089
42414600,39372.73074282707
46554601,25804.42188141351
44664402,100093.14157201884
49833001,117427.79494602824
46796402,44744.33188390026
47096802,71745.44304210102
47888400,75027.6014391466
41909603,40585.22731839804
49182000,50456.08790490478
42765200,45178.3538583014
44183600,49956.94601416365
41476203,36566.60912472056
41747603,55145.65668264648
44268202,62673.625879264306
43883802,42838.858481417745
44252802,49323.42980016387
47519602,64788.15023597551
43444200,37168.799637704156
41026000,65856.57261680072
41580402,54837.2944552258
43145403,77223.12794643009
46788001,30723.35801131357
45747003,54211.85832311646
47222801,35607.126908925646
49363200,33494.98564955436
48397402,40768.87315875529
42299600,81233.32987097495
48576402,65872.11567948152
40964603,68854.02047624558
44277402,39199.73179850458
44591201,71142.62961093274
41434002,40426.380196456616
43282402,44192.11658806877
44350401,62286.91778597563
43709402,54829.18164208466
45355601,53447.19878107454
43329602,32636.769213848536
42040200,100282.15522965018
41410802,51754.57677239149
46737800,30231.448421516572
45741400,58524.054162189175
47357600,26875.415274603794
44689800,66840.00538365217
49457001,48677.786232546336
43911600,60191.40948835592
44680603,60450.561884518946
48479002,89278.56903444146
46612002,39117.64575858672
46582602,86021.2733507058
41503200,37859.89565668704
48086402,98538.72373247963
48966000,37300.31862900659
45541602,53606.866986746
48618602,52844.193936547774
47315401,39154.12290192607
45191401,41091.923836206915
45344402,44594.8307967972
42814603,112253.44660400777
43223400,128049.14354620234
41819800,72882.68818765512
46586800,49212.58647758343
43942202,42099.4169020774
41836400,56214.68900635289
41394803,37484.227610867994
41803602,94267.53503263969
43660600,55484.162201879866
47917200,79355.06234686209
44864400,61849.584469915746
46463400,60212.85367259713
46638201,41397.946564285514
41038203,90444.98882015102
41024003,12425.151533831202
41342003,71166.4458504399
46420200,73279.49582313225
45779000,52477.94342322369
41656602,51506.556037830946
47688800,30620.860346044083
45326200,67286.89891536243
43662403,68409.39567349972
47545802,43666.07279704863
44702000,26241.735841280664
42421802,55714.14253411182
48217800,22585.736876539006
49286602,24024.941802346824
43726403,66032.9818843465
43937003,66138.93774497515
41577003,39663.32822955625
44418402,36294.49306561763
44818401,71495.42725916361
47058200,34250.563957041726
49574000,20394.915311901415
47437402,22717.735073331
43776803,38202.99955865321
43864801,46340.94987699802
48894602,78133.24400732329
46986802,48840.93050430725
47941402,30439.970144491555
45712802,23969.012269205217
41930003,37527.509088226434
47827402,20521.187168678633
41358202,34578.70203424196
41211000,26346.132872458445
44742001,29798.42481550134
46933202,15599.708995736248
48777001,53786.045421863186
43760003,46232.54510412567
47777001,43968.2066286143
45847603,27279.138764617528
43978603,37835.48572326366
42138402,23581.53370495229
48056000,42026.66106785152
49747002,67049.031881845
47639601,24948.221594111477
44549401,66230.59868351923
44085402,46076.27180767877
42417402,49871.46320413109
42287802,21525.511358969252
48623402,20195.759403510387
48541201,39983.378699902685
45367202,58223.14077209408
45099200,76562.52010032556
48291200,51708.932173160625
43477003,45699.45218831898
45060200,101353.27292093929
46858600,53979.66914727009
41427403,56114.673147781876
41301603,38001.477404076584
40852400,65556.13365023962
46302002,32241.137513995436
46617401,18441.87395407122
44652802,85977.13912541496
44205203,50110.68021111236
45452403,33294.27734933475
42764403,20007.842395357507
49420401,46507.91598597166
44862002,45668.5473777923
45552000,102440.15079319158
49763000,60446.282252538054
48489802,76340.90216854143
48996401,42214.19479425847
44850600,70886.61090471337
45419601,75836.05809305032
46877201,40770.36301071892
45642603,54086.884735247215
49838001,82042.05894611939
41981400,55307.931734032936
42980203,51864.15381557405
42132200,70928.69607402154
44634401,87399.07992718156
44702403,55980.85587095955
49326401,49363.90818338206
44274802,26990.784211754824
42059200,50692.293389035316
48951402,40418.86711748155
43885202,78038.26804798134
45893802,53717.36918258449
43632402,63766.463900033224
41509003,53783.07431696029
43889603,57785.47027043214
41298402,13117.879508354155
49193002,61872.03318202624
43319000,58325.647852815
43653803,39979.17151908468
48259601,65785.88832186884
42902200,59012.52580361876
44282602,29283.981030879273
49704802,85569.33083728235
46098202,29829.000548660802
46149402,63051.119010241964
48929600,61748.22779373215
46943800,66299.51421873037
47538802,32612.87687282404
44748601,21319.066674327332
41708802,25398.004752000925
46068802,37106.41269252033
43619003,22139.463581921274
42309803,34481.821830996785
43218803,80919.14073604482
49579600,58215.439444264375
48908402,36427.43076476256
42921400,82475.42226846042
42750200,41857.507544358145
42698602,54360.380650698746
41501203,40768.25367101776
47992202,111450.92255911464
41126002,30029.874114324484
47468602,28905.03547375548
44718201,19145.45043262509
41405002,63101.24865282655
41184000,88168.160806363
41682603,78501.63731290773
46592601,33764.319006315985
45683203,57259.56977610038
46072200,41436.86996544122
45595200,64044.30097064868
44362203,38464.33046940644
43747600,66171.5191709224
42986003,30628.782662148536
48905802,47036.54850450788
43320403,24648.043816759746
46719202,43274.32650672125
48002001,59704.048987324815
49052600,113140.09993594255
42095400,47951.80898036779
41569602,24978.337846828977
46255802,49990.69271073133
45670202,82261.33443009733
44217402,37592.62125010845
43507603,71264.39367482522
48915401,44112.982839549375
40974203,76459.09754801841
46596400,22329.455537306283
47778600,79116.8228255753
41737602,91555.73003200535
44301202,32428.95895898538
42846803,26555.360026901355
43634803,77015.66919943725
45602002,31039.680436189963
47104802,48624.12427846774
48857401,51007.503883996964
44267001,58275.848815296624
47693601,39103.98509694224
49236201,21777.400849480386
45589801,140920.61621606356
48316002,45870.834106771814
42699200,125782.62050453675
44488003,23330.255758354375
43678003,81331.85568529749
42642802,44524.12272683823
47832002,43887.59045286664
44856001,66521.64772781785
41976200,44529.72637986172
45008400,28483.241844974455
41252000,34569.9069103454
45356402,67065.18858807252
43868600,28309.28924043533
46170001,85878.82205343664
43332803,57522.369561293
44468202,31702.009622654223
47832602,19732.28051003878
48324001,61388.02734594923
41200202,66375.30818151879
45992800,16704.991097742342
49704800,81180.8989448625
48145402,73053.66265856323
48219402,53735.58687884915
45466203,51378.18132560079
48869801,82454.91700436725
43257603,65631.40002364159
45287001,7413.64501647665
43798002,33660.91964129034
41704202,44515.51927301778
43907401,27512.843721700272
49144400,42767.081190351026
47632002,61601.454004579384
47812200,16550.716932513915
45603203,68290.21628470696
47725400,52240.78251304033
41075802,55433.23467204576
46784801,47986.26707463281
46202800,45453.05598201586
45172202,56918.890144550765
41788200,32976.18992066977
44904401,52488.43726492423
47495800,35089.26671628988
45815002,84541.69093594118
41161802,33160.17293263416
41208803,14986.979100553457
41329603,26964.674484662122
47054202,59297.609464657085
43826601,69943.72588216429
41758000,83840.99668447011
44014003,70351.93179477403
42853400,84329.63799309006
48932602,24150.295243348955
46928002,47525.94479892604
46427800,83803.7160440876
46150201,72958.26969253403
49170000,29913.429265774965
46831202,60393.95732084496
45901802,58164.51293139372
42752202,29396.364704720265
44663000,56156.91492821436
49395202,40919.456523434936
41364403,27592.826545908836
42419800,66950.85913529203
45960402,55112.0420030928
44500803,77379.04175114512
42344803,63701.84800452515
47403802,38885.60372033545
44605800,25222.162329570067
43075000,101862.20937501964
42113202,50080.23167437696
46031802,44075.091417386306
44250401,57622.84603549302
45928001,116358.32078549362
44247001,31602.599870177095
48533201,36789.255816798744
42251403,29921.405653219546
45967002,50409.844631896776
43141203,73586.5551838897
49941600,29798.984377682482
42232002,27367.06893581223
47795600,33011.48180766844
44803603,34161.52526595536
49155201,54474.987773359055
48171600,71377.04257925125
45917402,21218.78824007229
43800600,24777.901830184648
49006401,46099.341175340516
41329802,27097.021613093246
43708803,75248.18984558473
44118401,29064.097004260235
47154601,20910.417573861305
45692400,44775.958763740244
48289002,77659.42104374728
41413203,26961.984569093373
43792003,84519.18012425824
46157801,48823.67100026458
46551802,51449.868778755554
45112602,68019.40363369475
49035401,23921.006515077177
46320601,31937.18532568727
47992802,63703.51074656162
45809400,35370.65068574883
49820001,30753.25460920342
48993602,44191.95531497688
47390601,114959.69272151662
43929601,71092.85320192092
46036400,71075.68095720484
48235002,13533.116952977485
48227600,100732.0460590421
48771801,25042.998416186314
45976800,70917.49722132798
43229402,50133.54771234004
49630800,43730.60857256753
47054402,38187.39651348298
45812403,49617.991680062776
43751602,34354.813570205064
40961603,52264.570607196
49359802,36682.03426017759
48435801,42470.54986915573
46852000,14395.761293053387
46563602,41189.709524207115
41090400,37998.599374424375
48879002,50523.77616765261
44888401,41672.14656438162
42143402,44233.48318391068
48163401,27405.706583452808
42900400,40598.78527500018
47834002,26808.52654049051
49324200,46547.0966843546
49791602,103778.33831343948
42335002,28807.299131601183
46318001,90339.91076877742
41089203,43978.42637390271
42106403,59490.09932232706
47246000,41749.88268418983
45802000,90559.89356606413
46412200,30870.644794603402
41452802,91668.49994272804
46710402,40479.2094712115
41538603,78771.39348283102
48997600,63928.82356391816
46761200,30225.442639015564
44121202,90861.2276571398
43848803,58727.129120679965
48134401,40831.802168849244
47786801,38923.516883702854
49489001,68624.14195147964
43803200,88407.71277326024
47922800,58642.373415011665
42858603,33238.86985574109
45065403,51274.07594426839
45704802,88308.07924140294
41582602,56662.41840091201
48375200,60252.82065600756
42024602,48861.780002379506
48813802,95858.63973386728
49873800,24623.493820153224
49638400,25498.048379472704
42436800,38371.43525004799
49354000,11104.680806870616
42789202,25251.04203641484
49022202,10156.649712018392
41506603,22194.745557238806
43609602,50250.58101619089
42391002,40345.81554807849
43496600,74663.50697427648
49239401,25055.74139540105
46531602,36365.42161070129
47753002,57444.04352659783
44497002,55711.61224867395
47080601,23135.121330518996
45094002,24906.591331252886
49897802,75446.2573680771
47335600,40270.73610769888
41330603,30480.408005679536
47823402,17458.029317103934
44139200,23753.87356210191
48482602,35296.857352341714
43318603,63823.95450981604
46419800,42659.175435343626
48691002,26141.070951500747
42371400,36482.199248047145
41734602,64264.56017168735
47130402,31120.794415358243
45104603,63497.997813218215
47437001,47755.546253197725
43710400,80456.89073585658
43181602,47409.27711690973
44805803,79311.15545015791
44570802,52443.66778484794
49096600,41930.66815532263
44903401,25285.21979559186
46297400,45493.727080058816
44439800,49307.08817248605
44613203,24484.036373152238
43620002,63317.033559866264
41208203,11304.97189481619
47519601,56214.72228518475
42310203,64003.76438123251
43109800,77941.50552937167
42769803,100434.67062899246
42301402,48463.77505434351
42175800,62681.23120997138
42502802,69430.05071659805
45705002,32012.31966751401
45597401,68041.20985202501
45178601,51493.16842773734
48690602,38121.543090413856
46112401,85626.90041286938
49001202,60524.375507493576
47402601,34924.7602235129
49079400,31910.821617488356
43678002,81279.79776228736
42159202,33913.213654326515
42435803,137357.9240410784
45266402,31824.424928522134
49625402,37341.29743530644
48861000,63478.10410615281
48862801,60722.611207327674
45138202,48012.169515904854
46756002,73461.27666565838
42994200,71525.97424710522
44061000,28932.73024424261
47180600,14509.430907367809
46122401,65615.77499470102
46018002,17428.74236924555
49185600,58013.729749660226
42888002,34335.83038979559
48039802,60146.29795805537
45158601,26321.34144741037
48389201,39580.00789652141
46886600,52528.132225130306
46506601,29803.35715592084
47697201,63249.39038966703
41234203,23298.731516378044
45596402,61022.09311959775
47744001,99757.97607234083
48160800,56271.18520844633
48456001,22606.066265229958
48557802,50144.38322018349
47826800,30517.237149126348
44071202,46933.26538153838
44521203,60290.748284569105
48462001,25379.286512416795
41607002,74933.05068507825
45391002,29900.006758712185
48634201,46673.143634819346
42478400,22185.969292564136
44035600,71075.64119596075
49028200,49093.672745208365
49257200,72132.00412879443
41381403,48719.00762735392
48908200,28200.48329060398
44431201,44587.27755316254
41682602,81849.57162217906
44225200,19309.061971458937
45100200,12219.756845467782
43563003,33879.73103728732
46708201,94045.64407424559
40994600,24979.34218672337
42518002,86739.31995390492
45871002,74653.74544627698
47370001,24647.20509349055
43220403,28282.980557025112
44771802,26506.195042565396
44232801,56995.98982904485
41960603,68366.07961443554
41200200,50312.90782426776
43960202,43788.21777214759
42440402,67318.40731386197
44426002,59878.80097513631
42134200,63526.70741608171
45888200,61201.182840869384
44218801,55557.32968528079
44770002,39134.603046957665
41242003,31547.62404830225
48756600,56047.90921492007
46857600,46329.44982840692
45278801,76562.73260799318
45491603,28574.09008770884
45104401,48737.03615681633
49275402,49866.12280292585
47211602,24694.57865103958
49159401,39221.95075005345
47758801,24405.142280356813
41912600,45511.584755175725
41845402,48706.70034310452
46365802,64502.235814958185
49869600,77207.97554949857
46404600,76882.31983532308
42367802,55726.68306628056
44088201,53781.58687714778
41297803,6825.4677223138715
46028602,56018.22615693136
45442400,104149.78759611491
49230801,39256.20837870097
45395403,24136.15551772147
47788800,58524.39718638262
43702600,38257.63992908167
41092402,51069.87939715378
47322202,111048.86465625593
49934002,83866.95886781234
43256203,26547.060212662134
48215600,49717.50556545833
44696602,81801.34958820729
44554403,47728.2680801811
44880402,49072.90480797694
44827402,31296.083710859595
44912003,50269.60360232083
44659601,64965.41621630083
43829200,40085.17337568846
41439200,52726.06826508502
46323001,37161.69933773259
45310002,73981.11425592523
47855200,47630.04261728708
49603600,81316.35544856777
48807602,14927.433738553627
41609200,45210.03581744146
48298402,12283.195548051153
42934603,39905.327493061675
49671600,39418.895514079035
46220000,90372.85696135221
45127403,33929.08595530665
41054200,74761.12192667942
43836403,17227.916550109636
44850403,36018.60078019926
44517603,83108.8673504662
46705801,64107.93599544395
42278002,47021.11496472427
48002602,110313.68907179954
44302403,38359.05070567238
41444200,44721.222927134426
44122802,41380.41238473845
47553200,79894.20268746556
45489603,62726.561005844334
48694601,35186.99129304514
42418002,46666.100116550166
46026202,66886.54816767518
41037003,38894.51426409015
47959800,59801.08661911716
45722803,44025.99050046227
47566002,70622.60745741644
44474001,24800.1091145933
48196602,65166.77205443068
47741600,104885.38979780962
41314802,26144.255906039856
49397201,82851.48957584525
44135002,57837.22451683986
41631402,31052.16592089009
44718600,75997.09321011102
47230802,44083.881388388574
45327002,86458.17488963489
48419202,9508.656254274152
48799002,72351.49776872457
47053400,49299.79471641266
48792800,52143.74532381467
45747400,74892.73238165215
48168401,46319.78511540973
47419002,45986.805117853444
47406200,37952.3732649911
46788000,38969.34451432157
47647402,32930.93305589107
45225403,55735.42146992872
45417200,92330.93300149725
47349202,37898.005250472255
42091602,104938.35810685338
45083403,37651.69959045001
43982201,42018.49516913659
48249000,39304.98233410909
43879003,65582.3385315488
45737402,54630.66032914361
47313200,31989.40461068099
48540002,40874.226774831775
44807603,97033.27121520843
45852800,58482.00566718195
48508401,49209.647164740425
47710001,41303.834256860544
46385602,52140.06652662219
48569201,55435.57900958059
48891601,28784.88985873243
40801202,60949.666420140784
46263400,29927.612050668118
47886802,105481.96368261916
42682203,50955.741832292864
47327000,91778.23981136749
47560001,84780.12547124381
47131202,48130.34339580437
45020801,36036.17647276466
43997803,37220.30003234752
43648003,29854.08885692601
47563802,24362.572214228006
47531002,80041.60035065198
49857401,45701.60948354671
41307802,19216.988347780192
48156200,25192.68385903914
43783200,58231.275246196616
42789403,58480.52730044361
49410400,98990.72142015805
45739201,31330.30820527476
44026201,49624.79998127317
44345801,25258.625330912386
46433402,71316.03757946189
45686200,35532.908362618036
41282003,24673.632074926092
49744400,53099.213063532225
43162000,27256.590275966308
48289400,62339.05001908625
48140202,73719.7062443372
43339400,37031.55305937126
43411000,114848.25490605799
46703600,23293.76759649103
46071202,54062.500982378
46062401,66885.12647319057
49212002,68141.22147034784
45304202,40999.22384865212
49844202,33650.21358501318
41544200,76188.5331265827
45803602,34847.88140791793
45124601,17867.46642705347
47388802,37310.04489457264
47122600,56133.17967997027
45413800,41746.65774450788
42476200,62237.5521333142
45481401,37859.44220820225
40956203,34483.48756939647
45301601,82255.20457467654
43671200,36361.53315539261
44584000,30354.642199334565
43962201,62012.21920279816
47699600,55473.02723022422
46985200,45344.993548790735
43747602,19959.08977575126
47238602,74006.16688199632
44075800,92169.10695958283
41462803,34425.47767739571
42241403,40161.91630930068
44110202,38072.10722813008
40911000,14843.949836503423
42634002,79271.42439342101
47176201,62943.33796864894
45846201,60360.31927441618
48457800,42187.57743932136
46941202,80588.51188727445
46154800,50359.031400239015
48538000,35853.28141458357
44956402,73938.2233785141
45340203,46690.40298538385
44633000,46121.86898054591
42478803,33423.16390516494
48781001,37309.191695198235
42454202,61388.91640417881
42435402,40733.05879748568
43751402,73791.7521999533
41126400,54491.16025167805
43900002,95462.94019849412
40834200,29472.197761218602
41523600,98627.980307914
49864600,43696.69109314395
48966001,15987.582121073436
41493202,70697.10299425277
49379602,43175.89581398077
43815202,61615.9446599482
46742000,92896.01149827795
43430803,38890.824079616286
48323802,46706.898241240175
42293603,43947.26669746249
49778800,29616.597984352433
49359200,62074.20803011801
43424003,56922.30648438944
41373002,21491.70691027624
40813600,77607.21702681869
48201401,27873.35136987757
41630403,39844.480034023014
44746403,72146.70533819248
44695803,60484.21124219537
41332400,26884.470177120347
45221602,58118.0787811013
43606800,55869.33775042757
44181801,81501.51474120076
45105603,34625.406894342705
44839401,46859.32672728314
46167800,44338.55865799238
42846603,19596.667728614906
46914201,30631.453093414966
41854000,47640.203223096156
49816401,46952.096649495325
46697800,59321.31321330045
45523401,51674.3078665875
44642000,29078.917916754624
49403800,15009.157822776913
45711203,29989.97026490066
45394602,90642.76523549967
49902001,76566.44788417281
44055202,50823.58702249189
49840202,62433.44196687244
42948400,28601.082025148015
49292801,36902.121840287786
41820003,22716.046419927763
46536000,20479.315060776906
46615200,95218.32780109237
45111603,46891.06389755355
45382800,18678.995214470557
43858002,41785.07355534397
41590603,42973.25418028953
48954400,41448.367123997734
41263400,29619.15039756927
49096601,67640.34960742058
42744202,41811.66871501138
49025201,78831.74696365773
46264801,42585.69232107397
48768802,68306.97217486691
48676800,29179.110711677833
46282602,62805.05809201847
44708203,51299.41854147906
46178400,46884.88359550378
40817802,44730.40476550741
44308001,33805.03349112024
45072400,29736.477719799313
45648200,43609.114776015114
43279800,33004.32250977503
47036402,37201.92711304359
42952803,22606.346768296662
44974601,65524.71484842467
48749600,52159.88164450819
41144202,108036.9868708828
43278200,78273.25990935447
44320002,60365.6909924852
44022803,59666.26879500071
47084402,71044.33304952187
43158602,40642.682569230325
44923003,27023.514711250507
48373002,92628.30305159335
48100200,24926.340013804092
41545002,38253.398951043
45075601,33892.156118533974
46442802,43577.51954862451
48492002,40597.26429769909
48339402,60486.017282729445
46280402,46092.22573619717
49119402,32066.031744148942
41733203,64924.93050476132
44852000,70840.91485623152
44005002,37540.22173247308
43252003,61634.6998975736
45849800,28717.134020975187
41504403,45046.447148821935
44132000,101369.72434700737
44912802,12012.101502759506
41275402,30688.18352958451
41564000,49998.29191236139
42798000,40950.248274957485
47384401,65923.17174899991
47118001,64753.418950905674
45404600,32384.96065816733
47692600,41360.14802867537
45227603,93893.800240914
48438602,50856.54833178711
41875203,17391.161210736085
46184000,49131.958599450416
48406400,31812.172383619814
45345803,38271.51538073482
45761802,81765.10922225242
48936201,45428.20230659231
46257200,27987.07459195151
49008400,89349.21305990532
48466402,82671.4887708959
47798601,65685.15186532446
45845202,90975.81936159426
41511803,33450.44329882099
41317603,34717.243264216755
